#pixelIndex	x	y	bupId	age	sex	instigator
0	0	0	19243	39	2	3
1	1	0	6712	61	2	2
2	2	0	357	57	2	2
3	3	0	10099	47	2	2
4	4	0	4327	46	2	2
5	5	0	10272	46	2	2
6	6	0	168	40	2	2
7	7	0	16440	37	2	2
8	8	0	171	35	2	2
9	9	0	8639	34	2	2
10	10	0	17400	32	2	2
11	11	0	19756	31	2	2
12	12	0	815	31	2	2
13	13	0	16724	30	2	2
14	14	0	8585	30	2	2
15	15	0	4368	29	2	2
16	16	0	16292	50	2	1
17	17	0	11650	36	2	1
18	18	0	3038	33	2	1
19	19	0	2072	33	2	1
20	20	0	5154	32	2	1
21	21	0	3101	30	2	1
22	22	0	5497	31	2	0
23	23	0	3358	31	2	0
24	24	0	1437	31	2	0
25	25	0	6350	30	2	0
26	26	0	15985	57	1	3
27	27	0	8062	54	1	3
28	28	0	4579	32	1	3
29	29	0	11717	29	1	3
30	30	0	165	61	1	2
31	31	0	671	57	1	2
32	32	0	2413	50	1	2
33	33	0	15973	41	1	2
34	34	0	422	40	1	2
35	35	0	169	40	1	2
36	36	0	2608	40	1	2
37	37	0	9487	39	1	2
38	38	0	8320	38	1	2
39	39	0	547	37	1	2
40	40	0	2589	37	1	2
41	41	0	352	37	1	2
42	42	0	18348	37	1	2
43	43	0	3325	36	1	2
44	44	0	14360	34	1	2
45	45	0	20007	34	1	2
46	46	0	4789	33	1	2
47	47	0	93	31	1	2
48	48	0	3481	31	1	2
49	49	0	5499	31	1	2
50	50	0	18499	31	1	2
51	51	0	1768	30	1	2
52	52	0	2008	33	1	2
53	53	0	3260	29	1	2
54	54	0	5415	29	1	2
55	55	0	12570	58	1	1
56	56	0	17323	60	1	1
57	57	0	9414	50	1	1
58	58	0	16954	45	1	1
59	59	0	1030	41	1	1
60	60	0	13422	41	1	1
61	61	0	5194	36	1	1
62	62	0	5428	36	1	1
63	63	0	1166	50	1	1
64	64	0	1022	33	1	1
65	65	0	990	33	1	1
66	66	0	8776	32	1	1
67	67	0	3743	30	1	1
68	68	0	16782	60	1	0
69	69	0	15301	49	1	0
70	70	0	12207	43	1	0
71	71	0	12344	43	1	0
72	72	0	16836	43	1	0
73	73	0	15745	37	1	0
74	74	0	6887	37	1	0
75	75	0	13909	37	1	0
76	76	0	12422	36	1	0
77	77	0	9033	33	1	0
78	78	0	3184	32	1	0
79	79	0	17706	31	1	0
80	80	0	3857	31	1	0
81	81	0	5139	31	1	0
82	82	0	5138	31	1	0
83	83	0	5742	30	0	3
84	84	0	2832	38	0	2
85	85	0	2831	38	0	2
86	86	0	846	33	0	2
87	87	0	254	33	0	2
88	88	0	2800	32	0	2
89	89	0	4855	31	0	2
90	90	0	332	31	0	2
91	91	0	855	33	0	1
92	92	0	4594	29	0	1
93	93	0	14129	34	0	0
94	94	0	3045	33	0	0
95	95	0	5618	32	0	0
96	96	0	4182	31	0	0
97	97	0	4815	31	0	0
98	98	0	2813	30	0	0
99	99	0	3324	29	0	0
100	0	1	481	28	2	2
101	1	1	5204	28	2	2
102	2	1	200	28	2	2
103	3	1	2784	27	2	2
104	4	1	11743	27	2	2
105	5	1	31	27	2	2
106	6	1	11655	27	2	2
107	7	1	19810	29	2	1
108	8	1	10062	28	2	1
109	9	1	11742	27	2	1
110	10	1	9039	27	2	1
111	11	1	11741	27	2	1
112	12	1	8711	27	2	1
113	13	1	17785	26	2	1
114	14	1	8287	29	2	0
115	15	1	3639	28	2	0
116	16	1	10987	27	2	0
117	17	1	3111	26	2	0
118	18	1	2347	26	2	0
119	19	1	18113	29	1	2
120	20	1	2652	28	1	2
121	21	1	6166	28	1	2
122	22	1	5390	28	1	2
123	23	1	14018	28	1	2
124	24	1	5253	27	1	2
125	25	1	113	27	1	2
126	26	1	5700	27	1	2
127	27	1	5254	27	1	2
128	28	1	2752	27	1	2
129	29	1	4798	27	1	2
130	30	1	817	27	1	2
131	31	1	221	26	1	2
132	32	1	222	26	1	2
133	33	1	189	26	1	2
134	34	1	5895	26	1	2
135	35	1	2635	26	1	2
136	36	1	5049	26	1	2
137	37	1	3223	26	1	2
138	38	1	213	26	1	2
139	39	1	214	26	1	2
140	40	1	198	26	1	2
141	41	1	19653	26	1	2
142	42	1	3117	29	1	1
143	43	1	3596	28	1	1
144	44	1	1632	28	1	1
145	45	1	5635	28	1	1
146	46	1	5551	28	1	1
147	47	1	2896	28	1	1
148	48	1	2322	27	1	1
149	49	1	4795	27	1	1
150	50	1	18142	27	1	1
151	51	1	2563	27	1	1
152	52	1	7194	27	1	1
153	53	1	17596	27	1	1
154	54	1	7735	26	1	1
155	55	1	3099	26	1	1
156	56	1	18688	29	1	0
157	57	1	3953	29	1	0
158	58	1	3854	29	1	0
159	59	1	2297	28	1	0
160	60	1	2467	28	1	0
161	61	1	6777	28	1	0
162	62	1	9785	27	1	0
163	63	1	10584	27	1	0
164	64	1	179	27	1	0
165	65	1	3214	27	1	0
166	66	1	3215	27	1	0
167	67	1	4811	27	1	0
168	68	1	8368	27	1	0
169	69	1	19545	26	1	0
170	70	1	2357	26	1	0
171	71	1	4259	26	1	0
172	72	1	8075	26	1	0
173	73	1	4669	26	1	0
174	74	1	10120	26	1	0
175	75	1	4645	29	0	2
176	76	1	5334	28	0	2
177	77	1	251	28	0	2
178	78	1	252	28	0	2
179	79	1	5507	27	0	2
180	80	1	4570	27	0	2
181	81	1	5907	26	0	2
182	82	1	188	26	0	2
183	83	1	5008	29	0	1
184	84	1	854	29	0	1
185	85	1	873	29	0	1
186	86	1	4591	28	0	1
187	87	1	4503	27	0	1
188	88	1	4027	27	0	1
189	89	1	2359	27	0	1
190	90	1	4337	28	0	0
191	91	1	4279	28	0	0
192	92	1	5767	27	0	0
193	93	1	3355	27	0	0
194	94	1	2848	27	0	0
195	95	1	4735	26	0	0
196	96	1	4154	26	0	0
197	97	1	3126	26	0	0
198	98	1	2346	26	0	0
199	99	1	5217	26	0	0
200	0	2	2530	26	2	2
201	1	2	804	26	2	2
202	2	2	3892	26	2	2
203	3	2	5464	26	2	2
204	4	2	19766	26	2	2
205	5	2	19500	26	2	2
206	6	2	2959	26	2	2
207	7	2	2002	25	2	2
208	8	2	19448	25	2	2
209	9	2	285	25	2	2
210	10	2	2834	25	2	2
211	11	2	3348	25	2	2
212	12	2	17793	25	2	2
213	13	2	2760	25	2	2
214	14	2	3526	26	2	1
215	15	2	3388	26	2	1
216	16	2	3036	26	2	1
217	17	2	5596	26	2	1
218	18	2	7992	25	2	1
219	19	2	2882	25	2	1
220	20	2	5115	25	2	1
221	21	2	15571	25	2	1
222	22	2	3146	26	2	0
223	23	2	12701	26	2	0
224	24	2	4460	26	2	0
225	25	2	9082	26	2	0
226	26	2	19752	25	2	0
227	27	2	3127	25	2	0
228	28	2	11772	25	2	0
229	29	2	3741	25	2	0
230	30	2	13456	25	2	0
231	31	2	11762	25	2	0
232	32	2	8980	25	1	3
233	33	2	412	26	1	2
234	34	2	5793	26	1	2
235	35	2	4501	25	1	2
236	36	2	4076	25	1	2
237	37	2	5515	25	1	2
238	38	2	10244	25	1	2
239	39	2	10245	25	1	2
240	40	2	3098	25	1	2
241	41	2	1757	25	1	2
242	42	2	5320	25	1	2
243	43	2	616	25	1	2
244	44	2	3161	25	1	2
245	45	2	1792	25	1	2
246	46	2	1793	25	1	2
247	47	2	11525	25	1	2
248	48	2	2916	25	1	2
249	49	2	3089	25	1	2
250	50	2	11956	25	1	2
251	51	2	2342	25	1	2
252	52	2	13416	25	1	2
253	53	2	19521	25	1	2
254	54	2	181	25	1	2
255	55	2	16113	26	1	1
256	56	2	5397	26	1	1
257	57	2	4485	26	1	1
258	58	2	15876	26	1	1
259	59	2	15877	26	1	1
260	60	2	2787	25	1	1
261	61	2	4583	25	1	1
262	62	2	8917	25	1	1
263	63	2	4668	26	1	0
264	64	2	5712	26	1	0
265	65	2	2556	26	1	0
266	66	2	3853	26	1	0
267	67	2	4036	26	1	0
268	68	2	11086	26	1	0
269	69	2	14048	25	1	0
270	70	2	8915	25	1	0
271	71	2	2469	25	1	0
272	72	2	2651	25	1	0
273	73	2	3259	25	1	0
274	74	2	15602	25	1	0
275	75	2	4471	25	1	0
276	76	2	9977	25	1	0
277	77	2	4470	25	1	0
278	78	2	4472	25	1	0
279	79	2	17423	25	1	0
280	80	2	2743	25	1	0
281	81	2	13133	25	1	0
282	82	2	3467	25	1	0
283	83	2	2841	25	1	0
284	84	2	4067	25	1	0
285	85	2	13327	25	1	0
286	86	2	2713	26	0	2
287	87	2	2363	26	0	2
288	88	2	10418	26	0	2
289	89	2	5910	25	0	2
290	90	2	5863	25	0	2
291	91	2	4956	26	0	1
292	92	2	4358	26	0	1
293	93	2	2409	25	0	1
294	94	2	4950	25	0	1
295	95	2	10764	25	0	1
296	96	2	5007	25	0	0
297	97	2	12490	25	0	0
298	98	2	5616	25	0	0
299	99	2	4616	25	0	1
300	0	3	9242	24	2	3
301	1	3	4888	25	2	2
302	2	3	3464	24	2	2
303	3	3	3100	24	2	2
304	4	3	172	24	2	2
305	5	3	3487	24	2	2
306	6	3	16235	24	2	2
307	7	3	3350	24	2	2
308	8	3	17762	24	2	2
309	9	3	4072	24	2	2
310	10	3	5883	24	2	1
311	11	3	2767	24	2	1
312	12	3	17524	24	2	1
313	13	3	2542	24	2	1
314	14	3	3092	24	2	0
315	15	3	3000	24	2	0
316	16	3	9689	24	2	0
317	17	3	3661	24	2	0
318	18	3	10077	24	2	0
319	19	3	4974	24	2	0
320	20	3	6505	24	2	0
321	21	3	15449	24	2	0
322	22	3	12547	24	1	3
323	23	3	11255	24	1	3
324	24	3	5070	23	1	3
325	25	3	4731	24	1	2
326	26	3	7707	24	1	2
327	27	3	3159	24	1	2
328	28	3	204	24	1	2
329	29	3	2534	24	1	2
330	30	3	215	24	1	2
331	31	3	3532	24	1	2
332	32	3	3533	24	1	2
333	33	3	549	24	1	2
334	34	3	550	24	1	2
335	35	3	4804	24	1	2
336	36	3	5430	24	1	2
337	37	3	18101	24	1	2
338	38	3	5431	24	1	2
339	39	3	6883	24	1	2
340	40	3	10124	24	1	2
341	41	3	5589	24	1	2
342	42	3	3444	24	1	2
343	43	3	2777	24	1	2
344	44	3	780	24	1	2
345	45	3	13300	24	1	2
346	46	3	3160	24	1	2
347	47	3	5645	24	1	2
348	48	3	153	30	1	2
349	49	3	2814	24	1	1
350	50	3	12745	24	1	1
351	51	3	8805	24	1	1
352	52	3	5750	24	1	1
353	53	3	5067	24	1	1
354	54	3	4630	24	1	1
355	55	3	4631	24	1	1
356	56	3	4465	24	1	1
357	57	3	3162	24	1	1
358	58	3	4437	24	1	1
359	59	3	5348	24	1	1
360	60	3	14690	24	1	1
361	61	3	3727	24	1	1
362	62	3	2791	24	1	1
363	63	3	15405	24	1	1
364	64	3	9014	24	1	1
365	65	3	5951	24	1	1
366	66	3	15750	24	1	1
367	67	3	5587	25	1	0
368	68	3	5588	25	1	0
369	69	3	4927	25	1	0
370	70	3	11254	24	1	0
371	71	3	15963	24	1	0
372	72	3	3625	24	1	0
373	73	3	7234	24	1	0
374	74	3	4421	24	1	0
375	75	3	14923	24	1	0
376	76	3	9015	24	1	0
377	77	3	5041	24	1	0
378	78	3	9244	24	1	0
379	79	3	18324	24	1	0
380	80	3	6263	24	1	0
381	81	3	1952	24	1	0
382	82	3	17734	24	1	0
383	83	3	2610	24	0	2
384	84	3	5361	24	0	2
385	85	3	4560	24	0	2
386	86	3	5801	24	0	2
387	87	3	4120	24	0	2
388	88	3	4235	24	0	2
389	89	3	5864	24	0	1
390	90	3	2318	24	0	1
391	91	3	869	24	0	1
392	92	3	3012	24	0	0
393	93	3	3231	24	0	0
394	94	3	5018	24	0	0
395	95	3	11619	24	0	0
396	96	3	5822	24	0	0
397	97	3	4942	24	0	0
398	98	3	4852	24	0	0
399	99	3	2597	24	0	0
400	0	4	260	23	2	2
401	1	4	3349	23	2	2
402	2	4	16932	23	2	2
403	3	4	661	23	2	2
404	4	4	3613	23	2	2
405	5	4	363	23	2	2
406	6	4	166	23	2	2
407	7	4	8837	23	2	1
408	8	4	5625	23	2	1
409	9	4	3354	23	2	1
410	10	4	2385	23	2	1
411	11	4	4791	23	2	1
412	12	4	11760	23	2	1
413	13	4	5811	23	2	0
414	14	4	4999	23	2	0
415	15	4	5482	23	2	0
416	16	4	7454	23	2	0
417	17	4	4016	23	2	0
418	18	4	19634	23	2	0
419	19	4	5761	23	2	0
420	20	4	8575	23	2	0
421	21	4	13573	23	1	3
422	22	4	3938	23	1	3
423	23	4	3311	23	1	2
424	24	4	3515	23	1	2
425	25	4	2348	23	1	2
426	26	4	4275	23	1	2
427	27	4	258	23	1	2
428	28	4	3752	23	1	2
429	29	4	4494	23	1	2
430	30	4	5904	23	1	2
431	31	4	2775	23	1	2
432	32	4	109	23	1	2
433	33	4	3598	23	1	2
434	34	4	3962	23	1	2
435	35	4	4023	23	1	2
436	36	4	2776	23	1	2
437	37	4	4790	23	1	2
438	38	4	4761	23	1	2
439	39	4	15624	23	1	2
440	40	4	4423	23	1	2
441	41	4	4352	23	1	2
442	42	4	187	23	1	2
443	43	4	4527	23	1	2
444	44	4	2960	23	1	2
445	45	4	3753	23	1	2
446	46	4	210	23	1	2
447	47	4	14056	23	1	2
448	48	4	19193	23	1	2
449	49	4	7852	23	1	2
450	50	4	3720	23	1	1
451	51	4	5045	23	1	1
452	52	4	4198	23	1	1
453	53	4	3917	23	1	1
454	54	4	3210	23	1	1
455	55	4	12021	23	1	1
456	56	4	2879	23	1	1
457	57	4	5542	23	1	1
458	58	4	4590	23	1	1
459	59	4	2940	23	1	1
460	60	4	5448	23	1	1
461	61	4	9791	23	1	1
462	62	4	2438	23	1	1
463	63	4	2439	23	1	1
464	64	4	4980	23	1	0
465	65	4	4535	23	1	0
466	66	4	3240	23	1	0
467	67	4	4697	23	1	0
468	68	4	2847	23	1	0
469	69	4	4009	23	1	0
470	70	4	9151	23	1	0
471	71	4	17986	23	1	0
472	72	4	3883	23	1	0
473	73	4	15114	23	1	0
474	74	4	15179	23	1	0
475	75	4	4984	23	1	0
476	76	4	3322	23	1	0
477	77	4	3413	23	1	0
478	78	4	2425	23	1	0
479	79	4	2596	23	0	3
480	80	4	5747	23	0	3
481	81	4	4109	23	0	2
482	82	4	191	23	0	2
483	83	4	4850	23	0	2
484	84	4	5620	23	0	2
485	85	4	15334	23	0	2
486	86	4	5650	23	0	2
487	87	4	5917	23	0	1
488	88	4	3954	23	0	1
489	89	4	4606	23	0	1
490	90	4	4087	23	0	1
491	91	4	5612	23	0	0
492	92	4	5748	23	0	0
493	93	4	2543	23	0	0
494	94	4	4865	23	0	0
495	95	4	4350	23	0	0
496	96	4	8941	23	0	0
497	97	4	4376	23	0	0
498	98	4	3994	23	0	0
499	99	4	2745	23	0	2
500	0	5	393	23	2	2
501	1	5	2951	23	2	2
502	2	5	1720	23	2	2
503	3	5	2710	23	2	2
504	4	5	480	22	2	2
505	5	5	4001	22	2	2
506	6	5	3124	22	2	2
507	7	5	4262	23	2	1
508	8	5	3421	23	2	1
509	9	5	5820	22	2	1
510	10	5	15014	22	2	1
511	11	5	3455	22	2	1
512	12	5	4799	22	2	1
513	13	5	1044	22	2	1
514	14	5	12477	23	2	0
515	15	5	11769	23	2	0
516	16	5	2379	23	2	0
517	17	5	18565	23	2	0
518	18	5	13057	22	2	0
519	19	5	9635	22	2	0
520	20	5	3309	22	2	0
521	21	5	3646	22	2	0
522	22	5	15520	22	2	0
523	23	5	2781	22	2	0
524	24	5	16372	22	2	0
525	25	5	10890	22	2	0
526	26	5	18008	23	1	2
527	27	5	3927	23	1	2
528	28	5	3422	23	1	2
529	29	5	2594	23	1	2
530	30	5	11813	23	1	2
531	31	5	2989	23	1	2
532	32	5	5148	23	1	2
533	33	5	12268	23	1	2
534	34	5	13525	23	1	2
535	35	5	5740	22	1	2
536	36	5	2793	22	1	2
537	37	5	5642	22	1	2
538	38	5	4332	22	1	2
539	39	5	4847	22	1	2
540	40	5	123	22	1	2
541	41	5	4411	22	1	2
542	42	5	4412	22	1	2
543	43	5	142	22	1	2
544	44	5	4420	22	1	2
545	45	5	4346	22	1	2
546	46	5	6217	22	1	2
547	47	5	6216	22	1	2
548	48	5	3772	22	1	2
549	49	5	17256	22	1	2
550	50	5	4528	23	1	1
551	51	5	1032	23	1	1
552	52	5	3963	23	1	1
553	53	5	4943	23	1	1
554	54	5	4474	23	1	1
555	55	5	4672	23	1	1
556	56	5	932	23	1	1
557	57	5	7366	23	1	1
558	58	5	2544	24	1	1
559	59	5	3140	22	1	1
560	60	5	12530	22	1	1
561	61	5	3966	22	1	1
562	62	5	4495	22	1	1
563	63	5	4797	23	1	0
564	64	5	2497	23	1	0
565	65	5	13387	23	1	0
566	66	5	3999	23	1	0
567	67	5	10925	23	1	0
568	68	5	10477	23	1	0
569	69	5	11005	22	1	0
570	70	5	12342	22	1	0
571	71	5	2333	22	1	0
572	72	5	5420	22	1	0
573	73	5	9783	22	1	0
574	74	5	3701	22	1	0
575	75	5	5511	22	1	0
576	76	5	2575	22	1	0
577	77	5	4646	22	1	0
578	78	5	9828	22	1	0
579	79	5	11371	22	1	0
580	80	5	11720	22	1	0
581	81	5	2754	22	1	0
582	82	5	6993	22	1	0
583	83	5	14682	22	1	0
584	84	5	5195	23	0	2
585	85	5	6130	22	0	2
586	86	5	2275	22	0	2
587	87	5	3136	22	0	2
588	88	5	3135	22	0	2
589	89	5	5294	22	0	1
590	90	5	2866	22	0	1
591	91	5	3032	23	0	0
592	92	5	5137	23	0	0
593	93	5	2872	23	0	0
594	94	5	3702	22	0	0
595	95	5	5072	22	0	0
596	96	5	5485	22	0	0
597	97	5	2697	22	0	0
598	98	5	5071	22	0	0
599	99	5	3920	22	0	1
600	0	6	5989	22	2	2
601	1	6	5689	22	2	2
602	2	6	14962	22	2	2
603	3	6	5657	22	2	2
604	4	6	16285	22	2	2
605	5	6	590	22	2	2
606	6	6	1971	22	2	2
607	7	6	19747	22	2	1
608	8	6	9348	22	2	1
609	9	6	17630	22	2	0
610	10	6	13348	22	2	0
611	11	6	3347	22	2	0
612	12	6	17326	22	2	0
613	13	6	7263	22	2	0
614	14	6	17720	22	2	0
615	15	6	3039	22	2	0
616	16	6	13040	22	2	0
617	17	6	12448	22	2	0
618	18	6	5803	22	1	3
619	19	6	12074	22	1	3
620	20	6	2653	22	1	3
621	21	6	2390	22	1	2
622	22	6	691	22	1	2
623	23	6	6265	22	1	2
624	24	6	4131	22	1	2
625	25	6	5112	22	1	2
626	26	6	825	22	1	2
627	27	6	5648	22	1	2
628	28	6	119	22	1	2
629	29	6	5484	22	1	2
630	30	6	6653	22	1	2
631	31	6	3254	22	1	2
632	32	6	2337	22	1	2
633	33	6	2966	22	1	2
634	34	6	2988	22	1	2
635	35	6	5487	22	1	2
636	36	6	2531	22	1	2
637	37	6	3291	22	1	2
638	38	6	6825	22	1	2
639	39	6	8054	22	1	2
640	40	6	13418	22	1	2
641	41	6	15689	22	1	2
642	42	6	13421	22	1	2
643	43	6	888	22	1	2
644	44	6	546	22	1	2
645	45	6	4070	22	1	1
646	46	6	1620	22	1	1
647	47	6	11596	22	1	1
648	48	6	3436	22	1	1
649	49	6	17204	22	1	1
650	50	6	18887	22	1	1
651	51	6	4885	22	1	1
652	52	6	11627	22	1	1
653	53	6	4160	22	1	1
654	54	6	3867	22	1	1
655	55	6	3711	22	1	1
656	56	6	3712	22	1	1
657	57	6	11914	22	1	1
658	58	6	13792	22	1	0
659	59	6	13023	22	1	0
660	60	6	8989	22	1	0
661	61	6	17024	22	1	0
662	62	6	5429	22	1	0
663	63	6	3869	22	1	0
664	64	6	12356	22	1	0
665	65	6	12357	22	1	0
666	66	6	2564	22	1	0
667	67	6	2970	22	1	0
668	68	6	4773	22	1	0
669	69	6	4774	22	1	0
670	70	6	6684	22	1	0
671	71	6	4488	22	1	0
672	72	6	5736	22	1	0
673	73	6	6196	22	1	0
674	74	6	15163	22	1	0
675	75	6	9329	22	1	0
676	76	6	9784	22	1	0
677	77	6	3437	22	0	3
678	78	6	5052	22	0	3
679	79	6	5053	22	0	3
680	80	6	2572	22	0	2
681	81	6	4153	22	0	2
682	82	6	4908	22	0	2
683	83	6	3185	22	0	2
684	84	6	2503	22	0	2
685	85	6	4418	22	0	2
686	86	6	2965	22	0	2
687	87	6	5663	22	0	2
688	88	6	2865	22	0	1
689	89	6	3588	22	0	1
690	90	6	4738	22	0	1
691	91	6	5077	22	0	1
692	92	6	5501	22	0	0
693	93	6	14647	22	0	0
694	94	6	5975	22	0	0
695	95	6	5976	22	0	0
696	96	6	4853	22	0	0
697	97	6	4237	22	0	0
698	98	6	2620	22	0	0
699	99	6	4181	22	0	1
700	0	7	9457	21	2	3
701	1	7	608	22	2	2
702	2	7	3424	22	2	2
703	3	7	17657	22	2	2
704	4	7	4940	22	2	2
705	5	7	2394	21	2	2
706	6	7	6101	21	2	2
707	7	7	14033	22	2	1
708	8	7	9331	22	2	1
709	9	7	6418	22	2	1
710	10	7	2102	23	2	1
711	11	7	1741	22	2	1
712	12	7	17289	22	2	0
713	13	7	3489	22	2	0
714	14	7	3227	22	2	0
715	15	7	18326	22	2	0
716	16	7	5710	22	2	0
717	17	7	1686	22	2	0
718	18	7	8954	22	2	0
719	19	7	19034	22	2	0
720	20	7	5869	21	2	0
721	21	7	3759	21	2	0
722	22	7	3294	21	2	0
723	23	7	2475	22	1	3
724	24	7	6495	21	1	3
725	25	7	14661	21	1	3
726	26	7	4607	22	1	2
727	27	7	2419	22	1	2
728	28	7	5216	22	1	2
729	29	7	20027	22	1	2
730	30	7	5019	22	1	2
731	31	7	16607	22	1	2
732	32	7	5598	22	1	2
733	33	7	14434	22	1	2
734	34	7	2507	22	1	2
735	35	7	3123	22	1	2
736	36	7	5029	21	1	2
737	37	7	2840	21	1	2
738	38	7	5433	21	1	2
739	39	7	4255	21	1	2
740	40	7	2891	21	1	2
741	41	7	242	21	1	2
742	42	7	3025	21	1	2
743	43	7	4024	21	1	2
744	44	7	4025	21	1	2
745	45	7	5553	22	1	1
746	46	7	11658	22	1	1
747	47	7	14089	22	1	1
748	48	7	1018	22	1	1
749	49	7	16722	22	1	1
750	50	7	1045	22	1	1
751	51	7	5350	22	1	1
752	52	7	5927	21	1	1
753	53	7	2296	21	1	1
754	54	7	3757	21	1	1
755	55	7	4172	21	1	1
756	56	7	6132	21	1	1
757	57	7	3605	21	1	1
758	58	7	17608	22	1	0
759	59	7	16080	22	1	0
760	60	7	5477	22	1	0
761	61	7	9269	22	1	0
762	62	7	13475	22	1	0
763	63	7	7376	22	1	0
764	64	7	5882	22	1	0
765	65	7	11506	22	1	0
766	66	7	3362	22	1	0
767	67	7	4338	22	1	0
768	68	7	8794	22	1	0
769	69	7	4671	22	1	0
770	70	7	3784	22	1	0
771	71	7	3726	22	1	0
772	72	7	808	21	1	0
773	73	7	12005	21	1	0
774	74	7	6054	21	1	0
775	75	7	6276	21	1	0
776	76	7	3207	21	1	0
777	77	7	5309	21	1	0
778	78	7	5310	21	1	0
779	79	7	6909	21	1	0
780	80	7	3452	22	0	3
781	81	7	11307	22	0	3
782	82	7	12990	22	0	2
783	83	7	4553	22	0	2
784	84	7	4977	22	0	2
785	85	7	2582	22	0	2
786	86	7	4629	22	0	2
787	87	7	9509	21	0	2
788	88	7	4902	21	0	2
789	89	7	2586	22	0	1
790	90	7	5426	22	0	1
791	91	7	5920	22	0	1
792	92	7	880	22	0	1
793	93	7	4340	22	0	0
794	94	7	9121	22	0	0
795	95	7	6050	21	0	0
796	96	7	5677	21	0	0
797	97	7	5601	21	0	0
798	98	7	5602	21	0	0
799	99	7	4439	21	0	0
800	0	8	13950	21	2	2
801	1	8	13666	21	2	2
802	2	8	16331	21	2	2
803	3	8	5786	21	2	2
804	4	8	15290	21	2	2
805	5	8	660	21	2	2
806	6	8	3946	21	2	2
807	7	8	3815	21	2	1
808	8	8	3829	21	2	1
809	9	8	966	21	2	1
810	10	8	20018	21	2	0
811	11	8	3306	21	2	0
812	12	8	3307	21	2	0
813	13	8	9256	21	2	0
814	14	8	11972	21	2	0
815	15	8	9976	21	2	0
816	16	8	12358	21	2	0
817	17	8	11319	21	2	0
818	18	8	2295	21	1	3
819	19	8	14183	21	1	3
820	20	8	2336	21	1	2
821	21	8	2650	21	1	2
822	22	8	17761	21	1	2
823	23	8	5805	21	1	2
824	24	8	3645	21	1	2
825	25	8	2601	21	1	2
826	26	8	4133	21	1	2
827	27	8	4678	21	1	2
828	28	8	17901	21	1	2
829	29	8	2647	21	1	2
830	30	8	5355	21	1	2
831	31	8	241	21	1	2
832	32	8	13961	21	1	2
833	33	8	5407	21	1	2
834	34	8	12062	21	1	2
835	35	8	4229	21	1	2
836	36	8	5652	21	1	2
837	37	8	624	21	1	2
838	38	8	3052	21	1	2
839	39	8	4707	21	1	2
840	40	8	335	21	1	2
841	41	8	14301	21	1	2
842	42	8	15542	21	1	2
843	43	8	3332	21	1	2
844	44	8	19750	21	1	1
845	45	8	19906	21	1	1
846	46	8	10224	21	1	1
847	47	8	9081	21	1	1
848	48	8	5427	21	1	1
849	49	8	19737	21	1	1
850	50	8	5734	21	1	1
851	51	8	8903	21	1	1
852	52	8	13977	21	1	1
853	53	8	2945	21	1	1
854	54	8	2400	21	1	1
855	55	8	1051	21	1	1
856	56	8	2545	21	1	1
857	57	8	2855	21	1	0
858	58	8	2786	21	1	0
859	59	8	14204	21	1	0
860	60	8	8280	21	1	0
861	61	8	3318	21	1	0
862	62	8	4126	21	1	0
863	63	8	4106	21	1	0
864	64	8	4552	21	1	0
865	65	8	8189	21	1	0
866	66	8	2978	21	1	0
867	67	8	2310	21	1	0
868	68	8	6315	21	1	0
869	69	8	3456	21	1	0
870	70	8	16601	21	1	0
871	71	8	1655	21	1	0
872	72	8	2405	21	1	0
873	73	8	4395	21	1	0
874	74	8	7297	21	1	0
875	75	8	4832	21	1	0
876	76	8	4933	21	1	0
877	77	8	8417	21	1	0
878	78	8	2458	21	1	0
879	79	8	11814	21	1	0
880	80	8	13350	21	1	0
881	81	8	1705	21	1	0
882	82	8	3764	21	1	0
883	83	8	1891	21	1	0
884	84	8	12171	21	1	0
885	85	8	4861	21	0	2
886	86	8	5315	21	0	2
887	87	8	4643	21	0	2
888	88	8	4659	21	0	2
889	89	8	5679	21	0	2
890	90	8	5755	21	0	2
891	91	8	3507	21	0	1
892	92	8	2931	21	0	1
893	93	8	4022	21	0	1
894	94	8	3654	21	0	0
895	95	8	5739	21	0	0
896	96	8	3216	21	0	0
897	97	8	4998	21	0	0
898	98	8	5756	21	0	0
899	99	8	6215	21	0	0
900	0	9	2414	21	2	2
901	1	9	2079	21	2	2
902	2	9	754	21	2	2
903	3	9	2881	21	2	2
904	4	9	653	21	2	2
905	5	9	2415	21	2	2
906	6	9	3809	21	2	2
907	7	9	2099	21	2	2
908	8	9	9522	21	2	2
909	9	9	3151	21	2	1
910	10	9	13113	21	2	1
911	11	9	2876	21	2	1
912	12	9	3790	21	2	1
913	13	9	6730	21	2	1
914	14	9	10758	21	2	0
915	15	9	5733	21	2	0
916	16	9	14654	21	2	0
917	17	9	5188	21	2	0
918	18	9	6544	21	1	3
919	19	9	10257	21	1	3
920	20	9	18988	21	1	3
921	21	9	4394	21	1	3
922	22	9	9388	21	1	3
923	23	9	13239	21	1	3
924	24	9	2381	21	1	3
925	25	9	2281	21	1	2
926	26	9	1767	21	1	2
927	27	9	3555	21	1	2
928	28	9	8126	21	1	2
929	29	9	4308	21	1	2
930	30	9	4311	21	1	2
931	31	9	244	21	1	2
932	32	9	4401	21	1	2
933	33	9	2612	21	1	2
934	34	9	17395	21	1	2
935	35	9	15742	21	1	2
936	36	9	3950	21	1	2
937	37	9	13614	21	1	2
938	38	9	9927	21	1	2
939	39	9	4230	21	1	2
940	40	9	321	21	1	2
941	41	9	16774	21	1	2
942	42	9	8876	21	1	2
943	43	9	3002	21	1	2
944	44	9	4246	21	1	2
945	45	9	12155	21	1	1
946	46	9	2401	21	1	1
947	47	9	3121	21	1	1
948	48	9	14965	21	1	1
949	49	9	19425	21	1	1
950	50	9	3085	21	1	1
951	51	9	2798	21	1	1
952	52	9	4703	21	1	1
953	53	9	879	21	1	1
954	54	9	5668	21	1	1
955	55	9	16633	21	1	1
956	56	9	3502	21	1	1
957	57	9	3603	21	1	1
958	58	9	3847	21	1	1
959	59	9	2600	21	1	1
960	60	9	16474	21	1	0
961	61	9	4260	21	1	0
962	62	9	6374	21	1	0
963	63	9	18295	21	1	0
964	64	9	5444	21	1	0
965	65	9	4047	21	1	0
966	66	9	9658	21	1	0
967	67	9	12144	21	1	0
968	68	9	1740	21	1	0
969	69	9	5357	21	1	0
970	70	9	5358	21	1	0
971	71	9	10047	21	1	0
972	72	9	4132	21	1	0
973	73	9	10145	21	1	0
974	74	9	7386	21	1	0
975	75	9	8778	21	1	0
976	76	9	13243	21	1	0
977	77	9	14754	21	1	0
978	78	9	4833	21	1	0
979	79	9	4430	21	1	0
980	80	9	3007	21	1	0
981	81	9	4373	21	1	0
982	82	9	4732	21	0	3
983	83	9	19749	21	0	2
984	84	9	2473	21	0	2
985	85	9	17345	21	0	2
986	86	9	4064	21	0	2
987	87	9	237	21	0	2
988	88	9	5850	21	0	2
989	89	9	5610	21	0	1
990	90	9	4807	21	0	1
991	91	9	5097	21	0	1
992	92	9	4037	21	0	1
993	93	9	10662	21	0	1
994	94	9	4462	21	0	1
995	95	9	3913	21	0	0
996	96	9	4839	21	0	0
997	97	9	5823	21	0	0
998	98	9	5162	21	0	0
999	99	9	2689	21	0	0
1000	0	10	3134	21	2	2
1001	1	10	10137	21	2	2
1002	2	10	9031	21	2	2
1003	3	10	5640	21	2	2
1004	4	10	3356	21	2	2
1005	5	10	3174	21	2	2
1006	6	10	4954	21	2	2
1007	7	10	4445	21	2	2
1008	8	10	6074	21	2	2
1009	9	10	6075	21	2	2
1010	10	10	16611	21	2	2
1011	11	10	14206	21	2	1
1012	12	10	6779	21	2	1
1013	13	10	17561	21	2	1
1014	14	10	4854	21	2	1
1015	15	10	2129	21	2	1
1016	16	10	8070	21	2	1
1017	17	10	15015	21	2	1
1018	18	10	2329	21	2	1
1019	19	10	5058	21	2	1
1020	20	10	3856	21	2	1
1021	21	10	3976	21	2	1
1022	22	10	10968	21	2	0
1023	23	10	12176	21	2	0
1024	24	10	17847	21	2	0
1025	25	10	11701	21	2	0
1026	26	10	14899	21	2	0
1027	27	10	7350	21	1	3
1028	28	10	9132	21	1	3
1029	29	10	2921	21	1	3
1030	30	10	17223	21	1	3
1031	31	10	18855	21	1	2
1032	32	10	5411	21	1	2
1033	33	10	6281	21	1	2
1034	34	10	12337	21	1	2
1035	35	10	4743	21	1	2
1036	36	10	9634	21	1	2
1037	37	10	6685	21	1	2
1038	38	10	3549	21	1	2
1039	39	10	12186	21	1	2
1040	40	10	2552	21	1	2
1041	41	10	13829	21	1	2
1042	42	10	1567	21	1	2
1043	43	10	1750	21	1	2
1044	44	10	4734	21	1	2
1045	45	10	4766	21	1	2
1046	46	10	5020	21	1	2
1047	47	10	182	21	1	2
1048	48	10	6913	21	1	2
1049	49	10	9986	21	1	1
1050	50	10	13247	21	1	1
1051	51	10	4295	21	1	1
1052	52	10	3217	21	1	1
1053	53	10	14942	21	1	1
1054	54	10	1036	21	1	1
1055	55	10	13984	21	1	1
1056	56	10	1790	21	1	1
1057	57	10	733	21	1	1
1058	58	10	7349	21	1	1
1059	59	10	11641	21	1	1
1060	60	10	15435	21	1	1
1061	61	10	912	21	1	1
1062	62	10	15977	21	1	1
1063	63	10	14103	21	1	1
1064	64	10	4627	21	1	1
1065	65	10	19599	21	1	1
1066	66	10	3821	21	1	1
1067	67	10	16738	21	1	1
1068	68	10	4763	21	1	1
1069	69	10	1261	21	1	1
1070	70	10	5871	21	1	1
1071	71	10	1156	21	1	1
1072	72	10	15459	21	1	0
1073	73	10	18987	21	1	0
1074	74	10	2785	21	1	0
1075	75	10	11253	21	1	0
1076	76	10	8255	21	1	0
1077	77	10	12469	21	1	0
1078	78	10	17107	21	1	0
1079	79	10	4066	21	1	0
1080	80	10	8394	21	1	0
1081	81	10	5872	21	1	0
1082	82	10	14416	21	1	0
1083	83	10	3359	21	1	0
1084	84	10	11654	21	1	0
1085	85	10	17225	21	1	0
1086	86	10	12008	21	1	0
1087	87	10	12847	21	1	0
1088	88	10	11961	21	1	0
1089	89	10	7174	21	1	0
1090	90	10	3967	21	1	0
1091	91	10	9644	21	1	0
1092	92	10	2672	21	0	2
1093	93	10	219	21	0	2
1094	94	10	5128	21	0	2
1095	95	10	4504	21	0	1
1096	96	10	5859	21	0	0
1097	97	10	5776	21	0	0
1098	98	10	2474	21	0	0
1099	99	10	2326	21	0	2
1100	0	11	5240	20	2	2
1101	1	11	194	20	2	2
1102	2	11	5362	20	2	2
1103	3	11	13667	20	2	2
1104	4	11	836	20	2	2
1105	5	11	8712	20	2	2
1106	6	11	173	20	2	2
1107	7	11	13935	20	2	1
1108	8	11	3819	20	2	1
1109	9	11	8844	20	2	0
1110	10	11	3256	20	2	0
1111	11	11	13511	20	1	3
1112	12	11	16770	20	1	3
1113	13	11	17338	20	1	3
1114	14	11	7053	21	1	2
1115	15	11	5369	20	1	2
1116	16	11	13132	20	1	2
1117	17	11	5919	20	1	2
1118	18	11	4846	20	1	2
1119	19	11	10445	20	1	2
1120	20	11	2789	20	1	2
1121	21	11	2306	20	1	2
1122	22	11	4821	20	1	2
1123	23	11	3955	20	1	2
1124	24	11	4243	20	1	2
1125	25	11	139	20	1	2
1126	26	11	3910	20	1	2
1127	27	11	4392	20	1	2
1128	28	11	4562	20	1	2
1129	29	11	16532	20	1	2
1130	30	11	5651	20	1	2
1131	31	11	114	20	1	2
1132	32	11	3988	20	1	2
1133	33	11	2764	20	1	2
1134	34	11	2391	20	1	2
1135	35	11	4624	20	1	2
1136	36	11	4533	20	1	2
1137	37	11	217	20	1	2
1138	38	11	17902	20	1	2
1139	39	11	5901	20	1	2
1140	40	11	5817	20	1	1
1141	41	11	3865	20	1	1
1142	42	11	12819	20	1	1
1143	43	11	9518	20	1	1
1144	44	11	5125	20	1	1
1145	45	11	5384	20	1	1
1146	46	11	4086	20	1	1
1147	47	11	9992	20	1	1
1148	48	11	5190	20	1	1
1149	49	11	5191	20	1	1
1150	50	11	4142	20	1	1
1151	51	11	11898	21	1	0
1152	52	11	3870	20	1	0
1153	53	11	5366	20	1	0
1154	54	11	6124	20	1	0
1155	55	11	8257	20	1	0
1156	56	11	2378	20	1	0
1157	57	11	5155	20	1	0
1158	58	11	12066	20	1	0
1159	59	11	2372	20	1	0
1160	60	11	6267	20	1	0
1161	61	11	8705	20	1	0
1162	62	11	4578	20	1	0
1163	63	11	3681	20	1	0
1164	64	11	3482	20	1	0
1165	65	11	9552	20	1	0
1166	66	11	4613	20	1	0
1167	67	11	2844	20	1	0
1168	68	11	19567	20	1	0
1169	69	11	5824	20	1	0
1170	70	11	9140	20	1	0
1171	71	11	95	20	0	2
1172	72	11	3255	20	0	2
1173	73	11	3328	20	0	2
1174	74	11	2340	20	0	2
1175	75	11	3787	20	0	2
1176	76	11	3300	20	0	2
1177	77	11	4122	20	0	2
1178	78	11	4123	20	0	2
1179	79	11	4124	20	0	2
1180	80	11	1931	20	0	2
1181	81	11	4077	20	0	2
1182	82	11	15389	20	0	2
1183	83	11	7249	20	0	2
1184	84	11	4632	20	0	1
1185	85	11	5842	20	0	1
1186	86	11	8179	20	0	1
1187	87	11	5442	20	0	0
1188	88	11	2592	20	0	0
1189	89	11	5126	20	0	0
1190	90	11	5359	20	0	0
1191	91	11	13018	20	0	0
1192	92	11	3899	20	0	0
1193	93	11	5915	20	0	0
1194	94	11	4090	20	0	0
1195	95	11	2626	20	0	0
1196	96	11	3208	20	0	0
1197	97	11	6258	20	0	0
1198	98	11	3535	20	0	0
1199	99	11	6102	20	0	1
1200	0	12	5572	20	2	2
1201	1	12	3835	20	2	2
1202	2	12	10359	20	2	2
1203	3	12	10360	20	2	2
1204	4	12	3468	20	2	2
1205	5	12	17458	20	2	2
1206	6	12	19587	20	2	2
1207	7	12	5978	20	2	2
1208	8	12	11842	20	2	1
1209	9	12	14388	20	2	1
1210	10	12	947	20	2	1
1211	11	12	3257	20	2	0
1212	12	12	9469	20	2	0
1213	13	12	3226	20	2	0
1214	14	12	8709	20	2	0
1215	15	12	16208	20	2	0
1216	16	12	1293	20	2	0
1217	17	12	16784	20	1	3
1218	18	12	128	20	1	2
1219	19	12	4404	20	1	2
1220	20	12	5520	20	1	2
1221	21	12	2688	20	1	2
1222	22	12	3023	20	1	2
1223	23	12	3064	20	1	2
1224	24	12	5656	20	1	2
1225	25	12	10893	20	1	2
1226	26	12	596	20	1	2
1227	27	12	3756	20	1	2
1228	28	12	14124	20	1	2
1229	29	12	3713	20	1	2
1230	30	12	6259	20	1	2
1231	31	12	3228	20	1	2
1232	32	12	3186	20	1	2
1233	33	12	4879	20	1	2
1234	34	12	5644	20	1	2
1235	35	12	5100	20	1	2
1236	36	12	2396	20	1	2
1237	37	12	2991	20	1	2
1238	38	12	14076	20	1	2
1239	39	12	4543	20	1	2
1240	40	12	11138	20	1	2
1241	41	12	2529	20	1	1
1242	42	12	5339	20	1	1
1243	43	12	3524	20	1	1
1244	44	12	2797	20	1	1
1245	45	12	3844	20	1	1
1246	46	12	7848	20	1	1
1247	47	12	12026	20	1	1
1248	48	12	3021	20	1	1
1249	49	12	12519	20	1	1
1250	50	12	14689	20	1	1
1251	51	12	5696	20	1	1
1252	52	12	1594	20	1	0
1253	53	12	13706	20	1	0
1254	54	12	3248	20	1	0
1255	55	12	3732	20	1	0
1256	56	12	12165	20	1	0
1257	57	12	8610	20	1	0
1258	58	12	15181	20	1	0
1259	59	12	3114	20	1	0
1260	60	12	4548	20	1	0
1261	61	12	17532	20	1	0
1262	62	12	3250	20	1	0
1263	63	12	2636	20	1	0
1264	64	12	8263	20	1	0
1265	65	12	9780	20	1	0
1266	66	12	1978	20	1	0
1267	67	12	7352	20	1	0
1268	68	12	5661	20	1	0
1269	69	12	4836	20	1	0
1270	70	12	8281	20	1	0
1271	71	12	17168	20	1	0
1272	72	12	3546	20	1	0
1273	73	12	2368	20	1	0
1274	74	12	6566	20	1	0
1275	75	12	11634	20	1	0
1276	76	12	6121	20	0	3
1277	77	12	2257	20	0	2
1278	78	12	2258	20	0	2
1279	79	12	3218	20	0	2
1280	80	12	17015	20	0	2
1281	81	12	11900	20	0	2
1282	82	12	5579	20	0	2
1283	83	12	3396	20	0	2
1284	84	12	2349	20	0	2
1285	85	12	4240	20	0	1
1286	86	12	2264	20	0	1
1287	87	12	4038	20	0	1
1288	88	12	4876	20	0	1
1289	89	12	4781	20	0	0
1290	90	12	4782	20	0	0
1291	91	12	5787	20	0	0
1292	92	12	6163	20	0	0
1293	93	12	2292	20	0	0
1294	94	12	5512	20	0	0
1295	95	12	4970	20	0	0
1296	96	12	3382	20	0	0
1297	97	12	4304	20	0	0
1298	98	12	5769	20	0	0
1299	99	12	4714	20	0	1
1300	0	13	10298	20	2	3
1301	1	13	11111	20	2	3
1302	2	13	17343	20	2	2
1303	3	13	13606	20	2	2
1304	4	13	16207	20	2	2
1305	5	13	8740	20	2	2
1306	6	13	7339	20	2	2
1307	7	13	3017	20	2	2
1308	8	13	11778	20	2	2
1309	9	13	15730	20	2	2
1310	10	13	3951	20	2	2
1311	11	13	178	20	2	2
1312	12	13	2319	20	2	2
1313	13	13	5036	20	2	2
1314	14	13	13564	20	2	2
1315	15	13	15209	20	2	2
1316	16	13	4479	20	2	1
1317	17	13	1108	20	2	1
1318	18	13	7452	20	2	1
1319	19	13	13732	20	2	1
1320	20	13	2566	20	2	0
1321	21	13	15738	20	2	0
1322	22	13	12538	20	2	0
1323	23	13	3838	20	2	0
1324	24	13	3586	20	1	3
1325	25	13	6139	20	1	2
1326	26	13	2392	20	1	2
1327	27	13	13458	20	1	2
1328	28	13	4115	20	1	2
1329	29	13	50	20	1	2
1330	30	13	491	20	1	2
1331	31	13	12609	20	1	2
1332	32	13	3796	20	1	2
1333	33	13	5753	20	1	2
1334	34	13	2335	20	1	2
1335	35	13	13031	20	1	2
1336	36	13	2732	20	1	2
1337	37	13	4634	20	1	2
1338	38	13	14058	20	1	2
1339	39	13	8004	20	1	2
1340	40	13	3334	20	1	2
1341	41	13	3081	20	1	2
1342	42	13	15548	20	1	2
1343	43	13	19508	20	1	2
1344	44	13	1660	20	1	2
1345	45	13	15222	20	1	2
1346	46	13	6453	20	1	2
1347	47	13	10947	20	1	1
1348	48	13	18277	20	1	1
1349	49	13	11624	20	1	1
1350	50	13	16369	20	1	1
1351	51	13	14681	20	1	1
1352	52	13	16657	20	1	1
1353	53	13	16658	20	1	1
1354	54	13	15888	20	1	1
1355	55	13	4702	20	1	1
1356	56	13	18039	20	1	1
1357	57	13	4718	20	1	1
1358	58	13	8115	20	1	1
1359	59	13	9676	20	1	1
1360	60	13	4221	20	1	1
1361	61	13	2486	20	1	1
1362	62	13	10494	20	1	1
1363	63	13	3545	20	1	1
1364	64	13	15137	20	1	0
1365	65	13	11691	20	1	0
1366	66	13	17175	20	1	0
1367	67	13	2445	20	1	0
1368	68	13	18841	20	1	0
1369	69	13	10914	20	1	0
1370	70	13	5371	20	1	0
1371	71	13	5372	20	1	0
1372	72	13	11335	20	1	0
1373	73	13	14425	20	1	0
1374	74	13	6087	20	1	0
1375	75	13	5544	20	1	0
1376	76	13	15682	20	1	0
1377	77	13	6841	20	1	0
1378	78	13	2430	20	1	0
1379	79	13	14205	20	1	0
1380	80	13	8136	20	1	0
1381	81	13	11815	20	1	0
1382	82	13	14293	20	1	0
1383	83	13	8536	20	1	0
1384	84	13	2873	20	0	3
1385	85	13	997	20	0	2
1386	86	13	5042	20	0	2
1387	87	13	4407	20	0	2
1388	88	13	498	20	0	2
1389	89	13	17792	20	0	2
1390	90	13	5326	20	0	1
1391	91	13	5605	20	0	1
1392	92	13	12933	20	0	1
1393	93	13	4461	20	0	1
1394	94	13	4517	20	0	0
1395	95	13	4518	20	0	0
1396	96	13	4689	20	0	0
1397	97	13	6240	20	0	0
1398	98	13	15958	20	0	0
1399	99	13	4187	20	0	0
1400	0	14	2621	20	2	3
1401	1	14	13060	20	2	2
1402	2	14	1922	20	2	2
1403	3	14	3353	20	2	2
1404	4	14	19588	20	2	2
1405	5	14	9827	20	2	2
1406	6	14	12908	20	2	2
1407	7	14	6651	20	2	2
1408	8	14	3564	20	2	2
1409	9	14	17507	20	2	1
1410	10	14	5809	20	2	1
1411	11	14	14352	20	2	1
1412	12	14	19712	20	2	1
1413	13	14	3083	20	2	1
1414	14	14	4726	20	2	1
1415	15	14	10021	20	2	1
1416	16	14	16228	20	2	0
1417	17	14	19818	20	2	0
1418	18	14	12273	20	2	0
1419	19	14	6714	20	2	0
1420	20	14	10051	20	2	0
1421	21	14	6713	20	2	0
1422	22	14	9490	20	1	3
1423	23	14	5592	20	1	2
1424	24	14	1899	20	1	2
1425	25	14	1900	20	1	2
1426	26	14	4844	20	1	2
1427	27	14	13551	20	1	2
1428	28	14	8588	20	1	2
1429	29	14	5260	20	1	2
1430	30	14	5261	20	1	2
1431	31	14	11480	20	1	2
1432	32	14	4995	20	1	2
1433	33	14	14057	20	1	2
1434	34	14	489	20	1	2
1435	35	14	5110	20	1	2
1436	36	14	284	20	1	2
1437	37	14	4302	20	1	2
1438	38	14	5292	20	1	2
1439	39	14	4825	20	1	2
1440	40	14	12162	20	1	2
1441	41	14	7364	20	1	2
1442	42	14	18082	20	1	2
1443	43	14	3460	20	1	2
1444	44	14	3120	20	1	2
1445	45	14	5015	20	1	2
1446	46	14	3824	20	1	2
1447	47	14	3220	20	1	2
1448	48	14	5830	20	1	2
1449	49	14	2691	20	1	1
1450	50	14	7467	20	1	1
1451	51	14	9830	20	1	1
1452	52	14	6774	20	1	1
1453	53	14	2054	20	1	1
1454	54	14	2631	20	1	1
1455	55	14	4372	20	1	1
1456	56	14	17035	20	1	1
1457	57	14	18322	20	1	1
1458	58	14	3677	20	1	1
1459	59	14	10778	20	1	1
1460	60	14	12181	20	1	1
1461	61	14	900	20	1	1
1462	62	14	878	20	1	1
1463	63	14	12504	20	1	1
1464	64	14	10994	20	1	1
1465	65	14	3047	20	1	0
1466	66	14	94	20	1	0
1467	67	14	7929	20	1	0
1468	68	14	13898	20	1	0
1469	69	14	2912	20	1	0
1470	70	14	2748	20	1	0
1471	71	14	5093	20	1	0
1472	72	14	16362	20	1	0
1473	73	14	8806	20	1	0
1474	74	14	1557	20	1	0
1475	75	14	11938	20	1	0
1476	76	14	14065	20	1	0
1477	77	14	8721	20	1	0
1478	78	14	4292	20	1	0
1479	79	14	16451	20	1	0
1480	80	14	6840	20	1	0
1481	81	14	8937	20	1	0
1482	82	14	4148	20	1	0
1483	83	14	3781	20	1	0
1484	84	14	3782	20	1	0
1485	85	14	14423	20	1	0
1486	86	14	3518	20	1	0
1487	87	14	11864	20	1	0
1488	88	14	4848	20	1	0
1489	89	14	2932	20	0	3
1490	90	14	5398	20	0	2
1491	91	14	2523	20	0	1
1492	92	14	4010	20	0	1
1493	93	14	4129	20	0	1
1494	94	14	2464	20	0	0
1495	95	14	2383	20	0	0
1496	96	14	3934	20	0	0
1497	97	14	18760	20	0	0
1498	98	14	5351	20	0	0
1499	99	14	301	20	0	2
1500	0	15	5966	20	2	3
1501	1	15	11817	20	2	2
1502	2	15	3155	20	2	2
1503	3	15	3156	20	2	2
1504	4	15	16286	20	2	2
1505	5	15	2009	20	2	2
1506	6	15	8150	20	2	2
1507	7	15	10516	20	2	2
1508	8	15	8812	20	2	2
1509	9	15	9801	20	2	2
1510	10	15	15693	20	2	2
1511	11	15	11865	20	2	2
1512	12	15	543	20	2	2
1513	13	15	16627	20	2	1
1514	14	15	10258	20	2	1
1515	15	15	2158	20	2	1
1516	16	15	8023	20	2	1
1517	17	15	9354	20	2	1
1518	18	15	7457	20	2	0
1519	19	15	6403	20	2	0
1520	20	15	9472	20	2	0
1521	21	15	4035	20	2	0
1522	22	15	6893	20	2	0
1523	23	15	16094	20	1	3
1524	24	15	13020	20	1	3
1525	25	15	1708	20	1	2
1526	26	15	1709	20	1	2
1527	27	15	2338	20	1	2
1528	28	15	2344	20	1	2
1529	29	15	2345	20	1	2
1530	30	15	14202	20	1	2
1531	31	15	7595	20	1	2
1532	32	15	5462	20	1	2
1533	33	15	11356	20	1	2
1534	34	15	5555	20	1	2
1535	35	15	4309	20	1	2
1536	36	15	513	20	1	2
1537	37	15	4964	20	1	2
1538	38	15	4965	20	1	2
1539	39	15	9257	20	1	2
1540	40	15	10227	20	1	2
1541	41	15	17775	20	1	2
1542	42	15	5463	20	1	2
1543	43	15	3858	20	1	2
1544	44	15	17010	20	1	2
1545	45	15	7562	20	1	2
1546	46	15	12691	20	1	2
1547	47	15	17717	20	1	2
1548	48	15	4138	20	1	2
1549	49	15	2926	20	1	1
1550	50	15	2987	20	1	1
1551	51	15	10138	20	1	1
1552	52	15	13632	20	1	1
1553	53	15	19564	20	1	1
1554	54	15	11947	20	1	1
1555	55	15	3672	20	1	1
1556	56	15	4233	20	1	1
1557	57	15	5406	20	1	1
1558	58	15	901	20	1	1
1559	59	15	3923	20	1	1
1560	60	15	10310	20	1	1
1561	61	15	5782	20	1	1
1562	62	15	18341	20	1	0
1563	63	15	19837	20	1	0
1564	64	15	12180	20	1	0
1565	65	15	17633	20	1	0
1566	66	15	5006	20	1	0
1567	67	15	199	20	1	0
1568	68	15	10629	20	1	0
1569	69	15	3400	20	1	0
1570	70	15	10268	20	1	0
1571	71	15	18884	20	1	0
1572	72	15	10946	20	1	0
1573	73	15	10639	20	1	0
1574	74	15	12891	20	1	0
1575	75	15	6156	20	1	0
1576	76	15	12945	20	1	0
1577	77	15	16628	20	1	0
1578	78	15	9848	20	1	0
1579	79	15	9389	20	1	0
1580	80	15	17018	20	1	0
1581	81	15	13900	20	1	0
1582	82	15	17354	20	1	0
1583	83	15	9520	20	1	0
1584	84	15	9849	20	1	0
1585	85	15	6400	20	1	0
1586	86	15	15117	20	1	0
1587	87	15	2284	20	0	2
1588	88	15	4994	20	0	2
1589	89	15	11847	20	0	2
1590	90	15	4754	20	0	2
1591	91	15	15955	20	0	2
1592	92	15	19627	20	0	1
1593	93	15	5461	20	0	1
1594	94	15	3019	20	0	0
1595	95	15	4396	20	0	0
1596	96	15	5170	20	0	0
1597	97	15	6030	20	0	0
1598	98	15	8568	20	0	0
1599	99	15	4987	20	0	2
1600	0	16	15556	20	2	3
1601	1	16	6784	19	2	3
1602	2	16	591	20	2	2
1603	3	16	3670	19	2	2
1604	4	16	3671	19	2	2
1605	5	16	3738	19	2	2
1606	6	16	2810	19	2	2
1607	7	16	4877	19	2	2
1608	8	16	4878	19	2	2
1609	9	16	401	19	2	2
1610	10	16	648	19	2	2
1611	11	16	5321	19	2	2
1612	12	16	15718	20	2	1
1613	13	16	3157	20	2	1
1614	14	16	14570	19	2	1
1615	15	16	4860	19	2	1
1616	16	16	5421	20	2	0
1617	17	16	11715	20	2	0
1618	18	16	2571	19	2	0
1619	19	16	3037	19	2	0
1620	20	16	2766	19	2	0
1621	21	16	1796	19	2	0
1622	22	16	15962	19	1	3
1623	23	16	7733	19	1	3
1624	24	16	16031	20	1	2
1625	25	16	15918	20	1	2
1626	26	16	5349	20	1	2
1627	27	16	13868	20	1	2
1628	28	16	4194	20	1	2
1629	29	16	12496	20	1	2
1630	30	16	3805	19	1	2
1631	31	16	5574	19	1	2
1632	32	16	6092	19	1	2
1633	33	16	150	19	1	2
1634	34	16	611	19	1	2
1635	35	16	5532	19	1	2
1636	36	16	164	19	1	2
1637	37	16	2683	19	1	2
1638	38	16	19533	19	1	2
1639	39	16	7673	19	1	2
1640	40	16	5001	19	1	2
1641	41	16	5106	19	1	2
1642	42	16	5764	19	1	2
1643	43	16	12166	19	1	2
1644	44	16	2661	19	1	2
1645	45	16	16124	20	1	1
1646	46	16	6749	20	1	1
1647	47	16	4137	20	1	1
1648	48	16	9104	20	1	1
1649	49	16	2673	20	1	1
1650	50	16	7916	20	1	1
1651	51	16	14621	20	1	1
1652	52	16	5860	20	1	1
1653	53	16	14581	20	1	1
1654	54	16	15267	20	1	1
1655	55	16	3292	19	1	1
1656	56	16	6188	19	1	1
1657	57	16	4887	19	1	1
1658	58	16	8743	19	1	1
1659	59	16	2903	19	1	1
1660	60	16	3932	19	1	1
1661	61	16	3961	19	1	1
1662	62	16	2595	19	1	1
1663	63	16	17391	20	1	0
1664	64	16	1449	20	1	0
1665	65	16	17071	20	1	0
1666	66	16	3922	20	1	0
1667	67	16	14811	20	1	0
1668	68	16	17836	19	1	0
1669	69	16	6032	19	1	0
1670	70	16	3971	19	1	0
1671	71	16	6439	19	1	0
1672	72	16	2406	19	1	0
1673	73	16	10920	19	1	0
1674	74	16	5758	19	1	0
1675	75	16	19505	19	1	0
1676	76	16	9538	19	1	0
1677	77	16	6157	19	1	0
1678	78	16	16887	19	1	0
1679	79	16	16808	19	1	0
1680	80	16	3219	19	1	0
1681	81	16	4398	19	1	0
1682	82	16	5301	19	1	0
1683	83	16	13012	19	1	0
1684	84	16	9806	19	1	0
1685	85	16	4864	19	0	2
1686	86	16	5280	19	0	2
1687	87	16	2370	19	0	2
1688	88	16	5167	19	0	2
1689	89	16	4409	19	0	2
1690	90	16	4837	20	0	1
1691	91	16	2757	20	0	1
1692	92	16	4558	20	0	0
1693	93	16	2398	19	0	0
1694	94	16	5203	19	0	0
1695	95	16	6016	19	0	0
1696	96	16	4453	19	0	0
1697	97	16	4454	19	0	0
1698	98	16	6195	19	0	0
1699	99	16	8490	19	0	0
1700	0	17	9141	19	2	2
1701	1	17	6995	19	2	2
1702	2	17	678	19	2	2
1703	3	17	3326	19	2	2
1704	4	17	7243	19	2	2
1705	5	17	1559	19	2	2
1706	6	17	9005	19	2	2
1707	7	17	9228	19	2	2
1708	8	17	5318	19	2	2
1709	9	17	3878	19	2	1
1710	10	17	19524	19	2	1
1711	11	17	13290	19	2	1
1712	12	17	1754	19	2	1
1713	13	17	18105	19	2	1
1714	14	17	4859	19	2	1
1715	15	17	14196	19	2	1
1716	16	17	9670	19	2	0
1717	17	17	19256	19	2	0
1718	18	17	19042	19	2	0
1719	19	17	10456	19	2	0
1720	20	17	16545	19	2	0
1721	21	17	12354	19	2	0
1722	22	17	12355	19	2	0
1723	23	17	2384	19	2	0
1724	24	17	17270	19	1	3
1725	25	17	9708	19	1	3
1726	26	17	2828	19	1	2
1727	27	17	5200	19	1	2
1728	28	17	4739	19	1	2
1729	29	17	17140	19	1	2
1730	30	17	1787	19	1	2
1731	31	17	448	19	1	2
1732	32	17	5873	19	1	2
1733	33	17	152	19	1	2
1734	34	17	209	19	1	2
1735	35	17	14938	19	1	2
1736	36	17	2583	19	1	2
1737	37	17	18576	19	1	2
1738	38	17	10188	19	1	2
1739	39	17	14174	19	1	2
1740	40	17	4491	19	1	2
1741	41	17	5527	19	1	2
1742	42	17	7497	19	1	2
1743	43	17	15309	19	1	2
1744	44	17	4369	19	1	2
1745	45	17	18950	19	1	2
1746	46	17	12036	19	1	2
1747	47	17	2017	19	1	2
1748	48	17	2018	19	1	2
1749	49	17	10400	19	1	1
1750	50	17	4521	19	1	1
1751	51	17	2307	19	1	1
1752	52	17	9084	19	1	1
1753	53	17	18392	19	1	1
1754	54	17	4191	19	1	1
1755	55	17	12425	19	1	1
1756	56	17	1810	19	1	1
1757	57	17	4889	19	1	1
1758	58	17	4273	19	1	1
1759	59	17	5392	19	1	1
1760	60	17	10443	19	1	0
1761	61	17	3265	19	1	0
1762	62	17	4261	19	1	0
1763	63	17	4872	19	1	0
1764	64	17	3082	19	1	0
1765	65	17	7857	19	1	0
1766	66	17	5707	19	1	0
1767	67	17	7664	19	1	0
1768	68	17	15218	19	1	0
1769	69	17	13137	19	1	0
1770	70	17	6940	19	1	0
1771	71	17	14320	19	1	0
1772	72	17	18547	19	1	0
1773	73	17	16706	19	1	0
1774	74	17	13121	19	1	0
1775	75	17	3540	19	1	0
1776	76	17	13214	19	1	0
1777	77	17	4557	19	1	0
1778	78	17	11297	19	1	0
1779	79	17	17023	19	1	0
1780	80	17	5866	19	1	0
1781	81	17	15088	19	1	0
1782	82	17	3106	19	0	2
1783	83	17	4349	19	0	2
1784	84	17	4592	19	0	2
1785	85	17	4817	19	0	2
1786	86	17	3490	19	0	2
1787	87	17	3491	19	0	2
1788	88	17	3636	19	0	2
1789	89	17	96	19	0	2
1790	90	17	5401	19	0	1
1791	91	17	893	19	0	1
1792	92	17	3262	19	0	1
1793	93	17	19729	19	0	1
1794	94	17	2327	19	0	0
1795	95	17	3795	19	0	0
1796	96	17	3118	19	0	0
1797	97	17	3427	19	0	0
1798	98	17	5027	19	0	0
1799	99	17	6206	19	0	1
1800	0	18	2014	19	2	2
1801	1	18	1769	19	2	2
1802	2	18	14197	19	2	2
1803	3	18	14354	19	2	2
1804	4	18	8	19	2	2
1805	5	18	12245	19	2	2
1806	6	18	6425	19	2	1
1807	7	18	17136	19	2	1
1808	8	18	3137	19	2	1
1809	9	18	9325	19	2	0
1810	10	18	14918	19	2	0
1811	11	18	13814	19	2	0
1812	12	18	17573	19	2	0
1813	13	18	17529	19	2	0
1814	14	18	5133	19	2	0
1815	15	18	15403	19	2	0
1816	16	18	9593	19	1	3
1817	17	18	8086	19	1	2
1818	18	18	11945	19	1	2
1819	19	18	5130	19	1	2
1820	20	18	14892	19	1	2
1821	21	18	6256	19	1	2
1822	22	18	6737	19	1	2
1823	23	18	3070	19	1	2
1824	24	18	6282	19	1	2
1825	25	18	398	19	1	2
1826	26	18	6205	19	1	2
1827	27	18	4736	19	1	2
1828	28	18	12949	19	1	2
1829	29	18	12594	19	1	2
1830	30	18	183	19	1	2
1831	31	18	2900	19	1	2
1832	32	18	11121	19	1	2
1833	33	18	2901	19	1	2
1834	34	18	2902	19	1	2
1835	35	18	2484	19	1	2
1836	36	18	3685	19	1	1
1837	37	18	2867	19	1	1
1838	38	18	1163	19	1	1
1839	39	18	3181	19	1	1
1840	40	18	15293	19	1	1
1841	41	18	5578	19	1	1
1842	42	18	13810	19	1	1
1843	43	18	10184	19	1	1
1844	44	18	17456	19	1	1
1845	45	18	2898	19	1	1
1846	46	18	15066	19	1	1
1847	47	18	2059	19	1	1
1848	48	18	16662	19	1	1
1849	49	18	9909	19	1	0
1850	50	18	10604	19	1	0
1851	51	18	8744	19	1	0
1852	52	18	19091	19	1	0
1853	53	18	11737	19	1	0
1854	54	18	6014	19	1	0
1855	55	18	15964	19	1	0
1856	56	18	1295	19	1	0
1857	57	18	6335	19	1	0
1858	58	18	8034	19	1	0
1859	59	18	7460	19	1	0
1860	60	18	18399	19	1	0
1861	61	18	17718	19	1	0
1862	62	18	3957	19	1	0
1863	63	18	6187	19	1	0
1864	64	18	5153	19	1	0
1865	65	18	9876	19	1	0
1866	66	18	12907	19	1	0
1867	67	18	4167	19	1	0
1868	68	18	4041	19	1	0
1869	69	18	11150	19	0	2
1870	70	18	6150	19	0	2
1871	71	18	155	19	0	2
1872	72	18	5887	19	0	2
1873	73	18	5827	19	0	2
1874	74	18	5460	19	0	2
1875	75	18	256	19	0	2
1876	76	18	257	19	0	2
1877	77	18	852	19	0	2
1878	78	18	4603	19	0	2
1879	79	18	5886	19	0	2
1880	80	18	4724	19	0	2
1881	81	18	5004	19	0	2
1882	82	18	4891	19	0	1
1883	83	18	4892	19	0	1
1884	84	18	4447	19	0	1
1885	85	18	3594	19	0	1
1886	86	18	3342	19	0	1
1887	87	18	3520	19	0	1
1888	88	18	4065	19	0	1
1889	89	18	3930	19	0	0
1890	90	18	3536	19	0	0
1891	91	18	5380	19	0	0
1892	92	18	5846	19	0	0
1893	93	18	5687	19	0	0
1894	94	18	5163	19	0	0
1895	95	18	4318	19	0	0
1896	96	18	3230	19	0	0
1897	97	18	4433	19	0	0
1898	98	18	4586	19	0	0
1899	99	18	16263	19	0	0
1900	0	19	3900	19	2	2
1901	1	19	2682	19	2	2
1902	2	19	1638	19	2	2
1903	3	19	2768	19	2	2
1904	4	19	16198	19	2	2
1905	5	19	18327	19	2	2
1906	6	19	16197	19	2	2
1907	7	19	15188	19	2	2
1908	8	19	10081	19	2	2
1909	9	19	9172	19	2	2
1910	10	19	16696	19	2	2
1911	11	19	467	19	2	2
1912	12	19	444	19	2	2
1913	13	19	4928	19	2	1
1914	14	19	17287	19	2	1
1915	15	19	7424	19	2	1
1916	16	19	8926	19	2	1
1917	17	19	18904	19	2	1
1918	18	19	19549	19	2	0
1919	19	19	10106	19	2	0
1920	20	19	13116	19	2	0
1921	21	19	10409	19	2	0
1922	22	19	3403	19	2	0
1923	23	19	11616	19	2	0
1924	24	19	17172	19	2	0
1925	25	19	11797	19	2	0
1926	26	19	12407	19	2	0
1927	27	19	19494	19	2	0
1928	28	19	11380	19	2	0
1929	29	19	2126	19	2	0
1930	30	19	13114	19	1	3
1931	31	19	5759	19	1	3
1932	32	19	5637	19	1	2
1933	33	19	3187	19	1	2
1934	34	19	6185	19	1	2
1935	35	19	3567	19	1	2
1936	36	19	2750	19	1	2
1937	37	19	446	19	1	2
1938	38	19	197	19	1	2
1939	39	19	16037	19	1	2
1940	40	19	4721	19	1	2
1941	41	19	2714	19	1	2
1942	42	19	2058	19	1	2
1943	43	19	3095	19	1	2
1944	44	19	17632	19	1	2
1945	45	19	6094	19	1	2
1946	46	19	17631	19	1	2
1947	47	19	218	19	1	2
1948	48	19	350	19	1	2
1949	49	19	3839	19	1	1
1950	50	19	2655	19	1	1
1951	51	19	5880	19	1	1
1952	52	19	9412	19	1	1
1953	53	19	4339	19	1	1
1954	54	19	7795	19	1	1
1955	55	19	3974	19	1	1
1956	56	19	1608	19	1	1
1957	57	19	4419	19	1	1
1958	58	19	13858	19	1	1
1959	59	19	2617	19	1	1
1960	60	19	13385	19	1	1
1961	61	19	16416	19	1	1
1962	62	19	1639	19	1	0
1963	63	19	17228	19	1	0
1964	64	19	17229	19	1	0
1965	65	19	9379	19	1	0
1966	66	19	9120	19	1	0
1967	67	19	17670	19	1	0
1968	68	19	1809	19	1	0
1969	69	19	2066	19	1	0
1970	70	19	12943	19	1	0
1971	71	19	10549	19	1	0
1972	72	19	7931	19	1	0
1973	73	19	12975	19	1	0
1974	74	19	15002	19	1	0
1975	75	19	17392	19	1	0
1976	76	19	15579	19	1	0
1977	77	19	17445	19	1	0
1978	78	19	3282	19	1	0
1979	79	19	11664	19	1	0
1980	80	19	16177	19	1	0
1981	81	19	14995	19	1	0
1982	82	19	3232	19	1	0
1983	83	19	17625	19	1	0
1984	84	19	3868	19	1	0
1985	85	19	16973	19	1	0
1986	86	19	17680	19	1	0
1987	87	19	9931	19	1	0
1988	88	19	170	19	0	2
1989	89	19	4029	19	0	2
1990	90	19	6297	19	0	2
1991	91	19	886	19	0	2
1992	92	19	5233	19	0	2
1993	93	19	5508	19	0	1
1994	94	19	4644	19	0	1
1995	95	19	5000	19	0	0
1996	96	19	2658	19	0	0
1997	97	19	2659	19	0	0
1998	98	19	4932	19	0	0
1999	99	19	2285	19	0	0
2000	0	20	12343	19	2	2
2001	1	20	10724	19	2	2
2002	2	20	10301	19	2	2
2003	3	20	7774	19	2	2
2004	4	20	6135	19	2	2
2005	5	20	2466	19	2	2
2006	6	20	15557	19	2	2
2007	7	20	11548	19	2	1
2008	8	20	15189	19	2	1
2009	9	20	15210	19	2	0
2010	10	20	16240	19	2	0
2011	11	20	17723	19	2	0
2012	12	20	14838	19	2	0
2013	13	20	2976	19	2	0
2014	14	20	13008	19	2	0
2015	15	20	16816	19	2	0
2016	16	20	16343	19	2	0
2017	17	20	14887	19	2	0
2018	18	20	746	19	1	3
2019	19	20	14872	19	1	3
2020	20	20	16713	19	1	2
2021	21	20	5025	19	1	2
2022	22	20	7389	19	1	2
2023	23	20	9458	19	1	2
2024	24	20	19746	19	1	2
2025	25	20	8131	19	1	2
2026	26	20	14404	19	1	2
2027	27	20	19780	19	1	2
2028	28	20	6286	19	1	2
2029	29	20	4827	19	1	2
2030	30	20	15635	19	1	2
2031	31	20	126	19	1	2
2032	32	20	8693	19	1	2
2033	33	20	7420	19	1	2
2034	34	20	10414	19	1	2
2035	35	20	7330	19	1	2
2036	36	20	14976	19	1	2
2037	37	20	3692	19	1	2
2038	38	20	13687	19	1	2
2039	39	20	9820	19	1	2
2040	40	20	14761	19	1	2
2041	41	20	3351	19	1	1
2042	42	20	15224	19	1	1
2043	43	20	4759	19	1	1
2044	44	20	4490	19	1	1
2045	45	20	2019	19	1	1
2046	46	20	7545	19	1	1
2047	47	20	5134	19	1	1
2048	48	20	3066	19	1	1
2049	49	20	3067	19	1	1
2050	50	20	16977	19	1	1
2051	51	20	12249	19	1	1
2052	52	20	2980	19	1	1
2053	53	20	9064	19	1	1
2054	54	20	7836	19	1	1
2055	55	20	3517	19	1	1
2056	56	20	5035	19	1	1
2057	57	20	13103	19	1	1
2058	58	20	831	19	1	1
2059	59	20	1842	19	1	1
2060	60	20	10448	19	1	1
2061	61	20	5219	19	1	1
2062	62	20	2634	19	1	1
2063	63	20	6190	19	1	1
2064	64	20	15213	19	1	0
2065	65	20	16837	19	1	0
2066	66	20	5129	19	1	0
2067	67	20	13657	19	1	0
2068	68	20	2555	19	1	0
2069	69	20	13536	19	1	0
2070	70	20	11994	19	1	0
2071	71	20	1665	19	1	0
2072	72	20	10529	19	1	0
2073	73	20	16261	19	1	0
2074	74	20	9731	19	1	0
2075	75	20	14945	19	1	0
2076	76	20	16470	19	1	0
2077	77	20	19512	19	1	0
2078	78	20	12091	19	1	0
2079	79	20	3258	19	1	0
2080	80	20	10088	19	1	0
2081	81	20	9637	19	1	0
2082	82	20	6769	19	1	0
2083	83	20	10797	19	1	0
2084	84	20	9638	19	1	0
2085	85	20	11699	19	1	0
2086	86	20	11950	19	1	0
2087	87	20	3687	19	1	0
2088	88	20	13318	19	1	0
2089	89	20	7018	19	1	0
2090	90	20	5132	19	0	3
2091	91	20	5995	19	0	2
2092	92	20	4015	19	0	2
2093	93	20	15828	19	0	2
2094	94	20	143	19	0	2
2095	95	20	4930	19	0	1
2096	96	20	6060	19	0	1
2097	97	20	5957	19	0	0
2098	98	20	8437	19	0	0
2099	99	20	5537	19	0	0
2100	0	21	1477	19	2	2
2101	1	21	1478	19	2	2
2102	2	21	432	19	2	2
2103	3	21	7578	19	2	2
2104	4	21	13986	19	2	2
2105	5	21	2562	19	2	2
2106	6	21	17610	19	2	2
2107	7	21	9264	19	2	2
2108	8	21	4894	19	2	2
2109	9	21	19212	19	2	1
2110	10	21	19182	19	2	1
2111	11	21	4285	19	2	1
2112	12	21	5140	19	2	1
2113	13	21	9237	19	2	1
2114	14	21	16680	19	2	0
2115	15	21	16695	19	2	0
2116	16	21	10543	19	2	0
2117	17	21	17432	19	2	0
2118	18	21	14925	19	2	0
2119	19	21	17179	19	1	3
2120	20	21	17083	19	1	3
2121	21	21	688	19	1	2
2122	22	21	10086	19	1	2
2123	23	21	18178	19	1	2
2124	24	21	304	19	1	2
2125	25	21	12227	19	1	2
2126	26	21	3321	19	1	2
2127	27	21	17197	19	1	2
2128	28	21	15983	19	1	2
2129	29	21	402	19	1	2
2130	30	21	16471	19	1	2
2131	31	21	4220	19	1	2
2132	32	21	18510	19	1	2
2133	33	21	3694	19	1	2
2134	34	21	4694	19	1	2
2135	35	21	2521	19	1	2
2136	36	21	6645	19	1	2
2137	37	21	17552	19	1	2
2138	38	21	3608	19	1	2
2139	39	21	6517	19	1	2
2140	40	21	1746	19	1	2
2141	41	21	9208	19	1	2
2142	42	21	12208	19	1	2
2143	43	21	19254	19	1	2
2144	44	21	4208	19	1	2
2145	45	21	9908	19	1	2
2146	46	21	18860	19	1	1
2147	47	21	5498	19	1	1
2148	48	21	4305	19	1	1
2149	49	21	16249	19	1	1
2150	50	21	14135	19	1	1
2151	51	21	7499	19	1	1
2152	52	21	1861	19	1	1
2153	53	21	10939	19	1	1
2154	54	21	15382	19	1	1
2155	55	21	17025	19	1	1
2156	56	21	18511	19	1	1
2157	57	21	5619	19	1	1
2158	58	21	15713	19	1	1
2159	59	21	15900	19	1	1
2160	60	21	2077	19	1	1
2161	61	21	2701	19	1	0
2162	62	21	19434	19	1	0
2163	63	21	6836	19	1	0
2164	64	21	12828	19	1	0
2165	65	21	3859	19	1	0
2166	66	21	8037	19	1	0
2167	67	21	8717	19	1	0
2168	68	21	11859	19	1	0
2169	69	21	11877	19	1	0
2170	70	21	14629	19	1	0
2171	71	21	16708	19	1	0
2172	72	21	7672	19	1	0
2173	73	21	16854	19	1	0
2174	74	21	14700	19	1	0
2175	75	21	19582	19	1	0
2176	76	21	15850	19	1	0
2177	77	21	17199	19	1	0
2178	78	21	4530	19	1	0
2179	79	21	13177	19	1	0
2180	80	21	14598	19	1	0
2181	81	21	9513	19	1	0
2182	82	21	5727	19	0	2
2183	83	21	4898	19	0	2
2184	84	21	4947	19	0	2
2185	85	21	97	19	0	2
2186	86	21	3552	19	0	2
2187	87	21	5535	19	0	2
2188	88	21	4695	19	0	2
2189	89	21	4348	19	0	2
2190	90	21	4981	19	0	2
2191	91	21	4796	19	0	2
2192	92	21	4250	19	0	1
2193	93	21	4382	19	0	1
2194	94	21	5784	19	0	0
2195	95	21	5730	19	0	0
2196	96	21	3606	19	0	0
2197	97	21	14554	19	0	0
2198	98	21	6114	19	0	0
2199	99	21	4085	19	0	0
2200	0	22	802	19	2	2
2201	1	22	9391	19	2	2
2202	2	22	13895	19	2	2
2203	3	22	572	19	2	2
2204	4	22	17469	19	2	2
2205	5	22	3346	19	2	2
2206	6	22	3814	19	2	2
2207	7	22	17254	19	2	2
2208	8	22	7438	19	2	2
2209	9	22	19401	19	2	2
2210	10	22	16620	19	2	1
2211	11	22	5335	19	2	1
2212	12	22	17474	19	2	1
2213	13	22	14743	19	2	1
2214	14	22	1587	19	2	1
2215	15	22	3905	19	2	0
2216	16	22	15414	19	2	0
2217	17	22	14650	19	2	0
2218	18	22	9862	19	2	0
2219	19	22	13400	19	2	0
2220	20	22	9091	19	2	0
2221	21	22	1436	19	2	0
2222	22	22	5968	19	2	0
2223	23	22	15343	19	2	0
2224	24	22	14210	19	1	3
2225	25	22	2906	19	1	3
2226	26	22	9898	19	1	3
2227	27	22	2519	19	1	3
2228	28	22	6828	19	1	3
2229	29	22	16868	19	1	3
2230	30	22	16076	19	1	3
2231	31	22	4486	19	1	2
2232	32	22	9056	19	1	2
2233	33	22	1833	19	1	2
2234	34	22	3730	19	1	2
2235	35	22	4602	19	1	2
2236	36	22	801	19	1	2
2237	37	22	1864	19	1	2
2238	38	22	4201	19	1	2
2239	39	22	5291	19	1	2
2240	40	22	5670	19	1	2
2241	41	22	12595	19	1	2
2242	42	22	3316	19	1	2
2243	43	22	9616	19	1	2
2244	44	22	3903	19	1	2
2245	45	22	5674	19	1	2
2246	46	22	17227	19	1	2
2247	47	22	6037	19	1	2
2248	48	22	15832	19	1	2
2249	49	22	426	19	1	2
2250	50	22	14294	19	1	2
2251	51	22	15601	19	1	2
2252	52	22	16555	19	1	2
2253	53	22	11804	19	1	2
2254	54	22	15059	19	1	2
2255	55	22	9337	19	1	2
2256	56	22	2937	19	1	2
2257	57	22	4851	19	1	2
2258	58	22	297	19	1	2
2259	59	22	19754	19	1	2
2260	60	22	3144	19	1	1
2261	61	22	13703	19	1	1
2262	62	22	2152	19	1	1
2263	63	22	2153	19	1	1
2264	64	22	14043	19	1	1
2265	65	22	14466	19	1	1
2266	66	22	10390	19	1	1
2267	67	22	6290	19	1	1
2268	68	22	3768	19	1	1
2269	69	22	2616	19	1	1
2270	70	22	2992	19	1	1
2271	71	22	11630	19	1	1
2272	72	22	8242	19	1	1
2273	73	22	12399	19	1	1
2274	74	22	5509	19	1	1
2275	75	22	9603	19	1	0
2276	76	22	4871	19	1	0
2277	77	22	4319	19	1	0
2278	78	22	16984	19	1	0
2279	79	22	1672	19	1	0
2280	80	22	6754	19	1	0
2281	81	22	10843	19	1	0
2282	82	22	6552	19	1	0
2283	83	22	10229	19	1	0
2284	84	22	10583	19	1	0
2285	85	22	4473	19	1	0
2286	86	22	14760	19	1	0
2287	87	22	3964	19	1	0
2288	88	22	3906	19	1	0
2289	89	22	14844	19	1	0
2290	90	22	7128	19	1	0
2291	91	22	6095	19	1	0
2292	92	22	4347	19	0	2
2293	93	22	131	19	0	2
2294	94	22	5888	19	0	2
2295	95	22	4805	19	0	2
2296	96	22	19731	19	0	1
2297	97	22	2842	19	0	1
2298	98	22	5205	19	0	0
2299	99	22	5804	19	0	0
2300	0	23	555	19	2	3
2301	1	23	2117	19	2	3
2302	2	23	5615	19	2	3
2303	3	23	9495	19	2	2
2304	4	23	7175	19	2	2
2305	5	23	15692	19	2	2
2306	6	23	17544	19	2	2
2307	7	23	16559	19	2	2
2308	8	23	17806	19	2	2
2309	9	23	9512	19	2	1
2310	10	23	16158	19	2	1
2311	11	23	12796	19	2	1
2312	12	23	11587	19	2	1
2313	13	23	15921	19	2	1
2314	14	23	9148	19	2	1
2315	15	23	15450	19	2	1
2316	16	23	16444	19	2	1
2317	17	23	15184	19	2	0
2318	18	23	762	19	2	0
2319	19	23	17103	19	2	0
2320	20	23	13075	19	2	0
2321	21	23	11538	19	2	0
2322	22	23	16059	19	2	0
2323	23	23	10484	19	2	0
2324	24	23	18061	19	2	0
2325	25	23	16716	19	2	0
2326	26	23	6255	19	2	0
2327	27	23	13320	19	2	0
2328	28	23	6513	19	2	0
2329	29	23	17522	19	2	0
2330	30	23	7577	19	2	0
2331	31	23	5877	19	2	0
2332	32	23	13429	19	2	0
2333	33	23	3274	19	2	0
2334	34	23	15672	19	2	0
2335	35	23	14791	19	1	3
2336	36	23	2274	19	1	2
2337	37	23	14114	19	1	2
2338	38	23	4915	19	1	2
2339	39	23	6857	19	1	2
2340	40	23	3376	19	1	2
2341	41	23	3377	19	1	2
2342	42	23	3378	19	1	2
2343	43	23	7057	19	1	2
2344	44	23	16181	19	1	2
2345	45	23	5636	19	1	2
2346	46	23	17194	19	1	2
2347	47	23	8675	19	1	2
2348	48	23	14036	19	1	2
2349	49	23	3504	19	1	2
2350	50	23	1762	19	1	2
2351	51	23	1869	19	1	2
2352	52	23	6203	19	1	2
2353	53	23	5368	19	1	1
2354	54	23	6229	19	1	1
2355	55	23	17056	19	1	1
2356	56	23	8163	19	1	1
2357	57	23	9219	19	1	1
2358	58	23	17098	19	1	1
2359	59	23	4623	19	1	1
2360	60	23	11557	19	1	1
2361	61	23	1091	19	1	1
2362	62	23	16245	19	1	1
2363	63	23	16246	19	1	1
2364	64	23	6383	19	1	1
2365	65	23	6245	19	1	1
2366	66	23	5981	19	1	1
2367	67	23	2462	19	1	0
2368	68	23	2463	19	1	0
2369	69	23	11724	19	1	0
2370	70	23	12148	19	1	0
2371	71	23	10556	19	1	0
2372	72	23	19259	19	1	0
2373	73	23	3383	19	1	0
2374	74	23	11047	19	1	0
2375	75	23	11830	19	1	0
2376	76	23	6111	19	1	0
2377	77	23	10151	19	1	0
2378	78	23	10171	19	1	0
2379	79	23	10172	19	1	0
2380	80	23	3313	19	1	0
2381	81	23	15598	19	1	0
2382	82	23	16537	19	1	0
2383	83	23	4944	19	1	0
2384	84	23	5524	19	1	0
2385	85	23	19432	19	1	0
2386	86	23	16623	19	1	0
2387	87	23	4516	19	1	0
2388	88	23	12838	19	1	0
2389	89	23	6384	19	1	0
2390	90	23	12710	19	1	0
2391	91	23	7587	19	1	0
2392	92	23	13504	19	1	0
2393	93	23	6230	19	0	2
2394	94	23	4692	19	0	1
2395	95	23	864	19	0	1
2396	96	23	8697	19	0	0
2397	97	23	4324	19	0	0
2398	98	23	4291	19	0	0
2399	99	23	4747	19	0	0
2400	0	24	17959	18	2	3
2401	1	24	9127	19	2	2
2402	2	24	5865	19	2	2
2403	3	24	14037	19	2	2
2404	4	24	2007	19	2	2
2405	5	24	2949	19	2	2
2406	6	24	56	18	2	2
2407	7	24	3198	18	2	2
2408	8	24	18264	18	2	2
2409	9	24	18265	18	2	2
2410	10	24	3253	18	2	2
2411	11	24	12269	18	2	2
2412	12	24	10013	19	2	0
2413	13	24	9370	22	2	0
2414	14	24	17138	18	2	0
2415	15	24	16982	18	2	0
2416	16	24	9730	18	2	0
2417	17	24	1702	18	2	0
2418	18	24	8702	18	2	0
2419	19	24	16993	18	1	3
2420	20	24	14668	18	1	3
2421	21	24	9501	18	1	3
2422	22	24	11281	18	1	3
2423	23	24	14220	18	1	3
2424	24	24	17921	19	1	2
2425	25	24	7324	19	1	2
2426	26	24	12512	19	1	2
2427	27	24	3766	19	1	2
2428	28	24	3131	19	1	2
2429	29	24	16262	19	1	2
2430	30	24	130	18	1	2
2431	31	24	5972	18	1	2
2432	32	24	12802	18	1	2
2433	33	24	19058	18	1	2
2434	34	24	19214	18	1	2
2435	35	24	19220	18	1	2
2436	36	24	3364	18	1	2
2437	37	24	7303	18	1	2
2438	38	24	196	18	1	2
2439	39	24	5063	18	1	2
2440	40	24	5180	18	1	2
2441	41	24	5235	18	1	2
2442	42	24	3956	18	1	2
2443	43	24	13910	18	1	2
2444	44	24	4709	18	1	2
2445	45	24	3826	18	1	2
2446	46	24	2312	18	1	2
2447	47	24	6736	18	1	2
2448	48	24	11011	18	1	2
2449	49	24	387	18	1	2
2450	50	24	9702	18	1	2
2451	51	24	18969	18	1	2
2452	52	24	3154	19	1	1
2453	53	24	2681	19	1	1
2454	54	24	18656	18	1	1
2455	55	24	10136	18	1	1
2456	56	24	18900	18	1	1
2457	57	24	3616	18	1	1
2458	58	24	1892	18	1	1
2459	59	24	9326	18	1	1
2460	60	24	9666	18	1	1
2461	61	24	3065	19	1	0
2462	62	24	14856	19	1	0
2463	63	24	7115	19	1	0
2464	64	24	4936	19	1	0
2465	65	24	8458	19	1	0
2466	66	24	14959	19	1	0
2467	67	24	7114	19	1	0
2468	68	24	13804	18	1	0
2469	69	24	12721	18	1	0
2470	70	24	17981	18	1	0
2471	71	24	3622	18	1	0
2472	72	24	7171	18	1	0
2473	73	24	12427	18	1	0
2474	74	24	13849	18	1	0
2475	75	24	10092	18	1	0
2476	76	24	15273	18	1	0
2477	77	24	14267	18	1	0
2478	78	24	17551	18	1	0
2479	79	24	2579	18	1	0
2480	80	24	2580	18	1	0
2481	81	24	8471	18	1	0
2482	82	24	16093	18	1	0
2483	83	24	3374	18	1	0
2484	84	24	2331	18	1	0
2485	85	24	6169	19	0	2
2486	86	24	4269	18	0	2
2487	87	24	5600	18	0	2
2488	88	24	141	18	0	2
2489	89	24	6048	18	0	2
2490	90	24	4075	19	0	1
2491	91	24	887	18	0	1
2492	92	24	3261	18	0	1
2493	93	24	5382	19	0	0
2494	94	24	5250	18	0	0
2495	95	24	2276	18	0	0
2496	96	24	4331	18	0	0
2497	97	24	6078	18	0	0
2498	98	24	4169	18	0	0
2499	99	24	865	18	0	1
2500	0	25	17781	18	2	2
2501	1	25	3060	18	2	2
2502	2	25	135	18	2	2
2503	3	25	14916	18	2	2
2504	4	25	13867	18	2	2
2505	5	25	17780	18	2	2
2506	6	25	17476	18	2	1
2507	7	25	2051	18	2	1
2508	8	25	15919	18	2	1
2509	9	25	15819	18	2	1
2510	10	25	1711	18	2	1
2511	11	25	16281	18	2	0
2512	12	25	11390	18	2	0
2513	13	25	8496	18	2	0
2514	14	25	15700	18	2	0
2515	15	25	13852	18	2	0
2516	16	25	1721	18	2	0
2517	17	25	19023	18	2	0
2518	18	25	12426	18	1	3
2519	19	25	14593	18	1	3
2520	20	25	15704	18	1	3
2521	21	25	4993	18	1	3
2522	22	25	13134	18	1	2
2523	23	25	3995	18	1	2
2524	24	25	15247	18	1	2
2525	25	25	2662	18	1	2
2526	26	25	147	18	1	2
2527	27	25	1988	18	1	2
2528	28	25	2256	18	1	2
2529	29	25	2599	18	1	2
2530	30	25	3872	18	1	2
2531	31	25	6287	18	1	2
2532	32	25	2671	18	1	2
2533	33	25	2823	18	1	2
2534	34	25	6021	18	1	2
2535	35	25	18461	18	1	2
2536	36	25	1572	18	1	2
2537	37	25	2708	18	1	2
2538	38	25	14318	18	1	2
2539	39	25	5229	18	1	2
2540	40	25	13851	18	1	2
2541	41	25	6334	18	1	2
2542	42	25	18591	18	1	2
2543	43	25	5594	18	1	2
2544	44	25	2973	18	1	1
2545	45	25	15976	18	1	1
2546	46	25	12723	18	1	1
2547	47	25	2399	18	1	1
2548	48	25	14652	18	1	1
2549	49	25	8558	18	1	1
2550	50	25	1179	18	1	1
2551	51	25	4919	18	1	1
2552	52	25	5021	18	1	1
2553	53	25	8502	18	1	1
2554	54	25	15691	18	1	1
2555	55	25	5425	18	1	1
2556	56	25	2397	18	1	1
2557	57	25	15681	18	1	1
2558	58	25	10581	18	1	1
2559	59	25	1738	18	1	0
2560	60	25	6051	18	1	0
2561	61	25	16567	18	1	0
2562	62	25	18310	18	1	0
2563	63	25	18509	18	1	0
2564	64	25	7137	18	1	0
2565	65	25	6236	18	1	0
2566	66	25	3875	18	1	0
2567	67	25	12121	18	1	0
2568	68	25	2450	18	1	0
2569	69	25	6965	18	1	0
2570	70	25	8028	18	1	0
2571	71	25	8472	18	1	0
2572	72	25	9003	18	1	0
2573	73	25	5577	18	1	0
2574	74	25	7031	18	1	0
2575	75	25	5076	18	1	0
2576	76	25	15413	18	1	0
2577	77	25	8301	18	1	0
2578	78	25	3777	18	1	0
2579	79	25	16739	18	1	0
2580	80	25	17636	18	1	0
2581	81	25	4242	18	1	0
2582	82	25	2302	18	1	0
2583	83	25	9111	18	1	0
2584	84	25	2551	18	0	2
2585	85	25	4040	18	0	2
2586	86	25	120	18	0	2
2587	87	25	3055	18	0	2
2588	88	25	5728	18	0	2
2589	89	25	2952	18	0	2
2590	90	25	3056	18	0	1
2591	91	25	3057	18	0	1
2592	92	25	4007	18	0	1
2593	93	25	4605	18	0	1
2594	94	25	4008	18	0	0
2595	95	25	5970	18	0	0
2596	96	25	6222	18	0	0
2597	97	25	17950	18	0	0
2598	98	25	15995	18	0	0
2599	99	25	5570	18	0	0
2600	0	26	10146	18	2	2
2601	1	26	17180	18	2	2
2602	2	26	17252	18	2	2
2603	3	26	12886	18	2	2
2604	4	26	1827	18	2	2
2605	5	26	3341	18	2	2
2606	6	26	10500	18	2	2
2607	7	26	15669	18	2	2
2608	8	26	1890	18	2	2
2609	9	26	3833	18	2	1
2610	10	26	7552	18	2	1
2611	11	26	15244	18	2	1
2612	12	26	5329	18	2	1
2613	13	26	17201	18	2	1
2614	14	26	9993	18	2	1
2615	15	26	19271	18	2	1
2616	16	26	8533	18	2	1
2617	17	26	19853	18	2	1
2618	18	26	937	18	2	1
2619	19	26	2128	18	2	0
2620	20	26	10098	18	2	0
2621	21	26	11088	18	2	0
2622	22	26	10208	18	2	0
2623	23	26	16546	18	2	0
2624	24	26	11753	18	2	0
2625	25	26	2122	18	2	0
2626	26	26	17874	18	2	0
2627	27	26	13459	18	2	0
2628	28	26	18007	18	2	0
2629	29	26	19828	18	2	0
2630	30	26	13404	18	1	3
2631	31	26	13996	18	1	3
2632	32	26	2707	18	1	2
2633	33	26	3392	18	1	2
2634	34	26	176	18	1	2
2635	35	26	13992	18	1	2
2636	36	26	10607	18	1	2
2637	37	26	6009	18	1	2
2638	38	26	4190	18	1	2
2639	39	26	1659	18	1	2
2640	40	26	6664	18	1	2
2641	41	26	18346	18	1	2
2642	42	26	12571	18	1	2
2643	43	26	11340	18	1	2
2644	44	26	728	18	1	2
2645	45	26	5441	18	1	2
2646	46	26	1748	18	1	1
2647	47	26	6719	18	1	1
2648	48	26	11415	18	1	1
2649	49	26	9090	18	1	1
2650	50	26	13126	18	1	1
2651	51	26	11315	18	1	1
2652	52	26	10663	18	1	1
2653	53	26	8120	18	1	1
2654	54	26	1050	18	1	1
2655	55	26	14448	18	1	1
2656	56	26	1834	18	1	1
2657	57	26	2953	18	1	1
2658	58	26	13443	18	1	1
2659	59	26	3199	18	1	0
2660	60	26	14187	18	1	0
2661	61	26	5491	18	1	0
2662	62	26	5987	18	1	0
2663	63	26	16088	18	1	0
2664	64	26	13755	18	1	0
2665	65	26	2083	18	1	0
2666	66	26	12346	18	1	0
2667	67	26	3122	18	1	0
2668	68	26	4475	18	1	0
2669	69	26	12345	18	1	0
2670	70	26	10084	18	1	0
2671	71	26	8543	18	1	0
2672	72	26	16005	18	1	0
2673	73	26	14909	18	1	0
2674	74	26	16966	18	1	0
2675	75	26	4426	18	1	0
2676	76	26	14542	18	1	0
2677	77	26	1997	18	1	0
2678	78	26	10996	18	1	0
2679	79	26	3924	18	1	0
2680	80	26	6974	18	1	0
2681	81	26	18843	18	1	0
2682	82	26	5986	18	1	0
2683	83	26	11646	18	1	0
2684	84	26	14177	18	1	0
2685	85	26	2298	18	1	0
2686	86	26	10956	18	1	0
2687	87	26	5826	18	0	2
2688	88	26	5387	18	0	2
2689	89	26	856	18	0	1
2690	90	26	5437	18	0	1
2691	91	26	3428	18	0	1
2692	92	26	4812	18	0	0
2693	93	26	4647	18	0	0
2694	94	26	5774	18	0	0
2695	95	26	3061	18	0	0
2696	96	26	3595	18	0	0
2697	97	26	5393	18	0	0
2698	98	26	5009	18	0	0
2699	99	26	3978	18	0	0
2700	0	27	19520	18	2	3
2701	1	27	4670	18	2	2
2702	2	27	16096	18	2	2
2703	3	27	16260	18	2	2
2704	4	27	14908	18	2	2
2705	5	27	17383	18	2	2
2706	6	27	20029	18	2	2
2707	7	27	4784	18	2	2
2708	8	27	12953	18	2	2
2709	9	27	8913	18	2	2
2710	10	27	14625	18	2	2
2711	11	27	14257	18	2	1
2712	12	27	17217	18	2	1
2713	13	27	11614	18	2	1
2714	14	27	3519	18	2	1
2715	15	27	14017	18	2	0
2716	16	27	9745	18	2	0
2717	17	27	9821	18	2	0
2718	18	27	2085	18	2	0
2719	19	27	15497	18	2	0
2720	20	27	8036	18	2	0
2721	21	27	18302	18	2	0
2722	22	27	11718	18	1	3
2723	23	27	9301	18	1	2
2724	24	27	18083	18	1	2
2725	25	27	3617	18	1	2
2726	26	27	14123	18	1	2
2727	27	27	16578	18	1	2
2728	28	27	13784	18	1	2
2729	29	27	15277	18	1	2
2730	30	27	9019	18	1	2
2731	31	27	10100	18	1	2
2732	32	27	7832	18	1	2
2733	33	27	1203	18	1	2
2734	34	27	1291	18	1	2
2735	35	27	4904	18	1	2
2736	36	27	4417	18	1	2
2737	37	27	2576	18	1	2
2738	38	27	2666	18	1	2
2739	39	27	2086	18	1	2
2740	40	27	14198	18	1	2
2741	41	27	12461	18	1	1
2742	42	27	3340	18	1	1
2743	43	27	2709	18	1	1
2744	44	27	12341	18	1	1
2745	45	27	2387	18	1	1
2746	46	27	4168	18	1	1
2747	47	27	19994	18	1	1
2748	48	27	18893	18	1	1
2749	49	27	9303	18	1	1
2750	50	27	17384	18	1	1
2751	51	27	6260	18	1	1
2752	52	27	2627	18	1	1
2753	53	27	3408	18	1	1
2754	54	27	2422	18	1	1
2755	55	27	3965	18	1	1
2756	56	27	6616	18	1	1
2757	57	27	2974	18	1	0
2758	58	27	9276	18	1	0
2759	59	27	14546	18	1	0
2760	60	27	2119	18	1	0
2761	61	27	11280	18	1	0
2762	62	27	3624	18	1	0
2763	63	27	9447	18	1	0
2764	64	27	13184	18	1	0
2765	65	27	7439	18	1	0
2766	66	27	4185	18	1	0
2767	67	27	7906	18	1	0
2768	68	27	3302	18	1	0
2769	69	27	12708	18	1	0
2770	70	27	5763	18	1	0
2771	71	27	5005	18	1	0
2772	72	27	3297	18	1	0
2773	73	27	6248	18	1	0
2774	74	27	14438	18	1	0
2775	75	27	11995	18	1	0
2776	76	27	6949	18	1	0
2777	77	27	13847	18	1	0
2778	78	27	5900	18	1	0
2779	79	27	11974	18	1	0
2780	80	27	17192	18	1	0
2781	81	27	5123	18	1	0
2782	82	27	19497	18	1	0
2783	83	27	6302	18	1	0
2784	84	27	16794	18	1	0
2785	85	27	1202	18	1	0
2786	86	27	4856	18	0	2
2787	87	27	5724	18	0	2
2788	88	27	5729	18	0	1
2789	89	27	2460	18	0	0
2790	90	27	2433	18	0	0
2791	91	27	2434	18	0	0
2792	92	27	3315	18	0	0
2793	93	27	14702	18	0	0
2794	94	27	2444	18	0	0
2795	95	27	2443	18	0	0
2796	96	27	4704	18	0	0
2797	97	27	5136	18	0	0
2798	98	27	19955	18	0	0
2799	99	27	1623	18	0	2
2800	0	28	8391	18	2	3
2801	1	28	11107	18	2	2
2802	2	28	12885	18	2	2
2803	3	28	60	18	2	2
2804	4	28	2115	18	2	2
2805	5	28	10150	18	2	2
2806	6	28	19801	18	2	2
2807	7	28	5496	18	2	2
2808	8	28	6221	18	2	1
2809	9	28	9032	18	2	1
2810	10	28	1939	18	2	1
2811	11	28	16232	18	2	1
2812	12	28	15638	18	2	0
2813	13	28	6289	18	2	0
2814	14	28	14623	18	2	0
2815	15	28	13586	18	2	0
2816	16	28	17094	18	2	0
2817	17	28	19040	18	2	0
2818	18	28	15208	18	2	0
2819	19	28	17322	18	2	0
2820	20	28	9072	18	1	3
2821	21	28	18365	18	1	3
2822	22	28	17503	18	1	3
2823	23	28	10977	18	1	3
2824	24	28	12263	18	1	3
2825	25	28	3644	18	1	2
2826	26	28	5754	18	1	2
2827	27	28	10201	18	1	2
2828	28	28	2624	18	1	2
2829	29	28	2695	18	1	2
2830	30	28	8369	18	1	2
2831	31	28	18184	18	1	2
2832	32	28	646	18	1	2
2833	33	28	3575	18	1	2
2834	34	28	6239	18	1	2
2835	35	28	1924	18	1	2
2836	36	28	6165	18	1	2
2837	37	28	6675	18	1	1
2838	38	28	1581	18	1	1
2839	39	28	2746	18	1	1
2840	40	28	18886	18	1	1
2841	41	28	15013	18	1	1
2842	42	28	17104	18	1	1
2843	43	28	1009	18	1	1
2844	44	28	15732	18	1	1
2845	45	28	14592	18	1	1
2846	46	28	8785	18	1	1
2847	47	28	3180	18	1	1
2848	48	28	4989	18	1	1
2849	49	28	1084	18	1	1
2850	50	28	15833	18	1	1
2851	51	28	13285	18	1	1
2852	52	28	12656	18	1	1
2853	53	28	16238	18	1	0
2854	54	28	4045	18	1	0
2855	55	28	9382	18	1	0
2856	56	28	17072	18	1	0
2857	57	28	16203	18	1	0
2858	58	28	1611	18	1	0
2859	59	28	19509	18	1	0
2860	60	28	15369	18	1	0
2861	61	28	10276	18	1	0
2862	62	28	4207	18	1	0
2863	63	28	6799	18	1	0
2864	64	28	6895	18	1	0
2865	65	28	13696	18	1	0
2866	66	28	12969	18	1	0
2867	67	28	8461	18	1	0
2868	68	28	13848	18	1	0
2869	69	28	18914	18	1	0
2870	70	28	13371	18	1	0
2871	71	28	5169	18	1	0
2872	72	28	8594	18	1	0
2873	73	28	11681	18	1	0
2874	74	28	3298	18	1	0
2875	75	28	18192	18	1	0
2876	76	28	5941	18	1	0
2877	77	28	17519	18	1	0
2878	78	28	3864	18	1	0
2879	79	28	18654	18	1	0
2880	80	28	9746	18	1	0
2881	81	28	5263	18	1	0
2882	82	28	5982	18	1	0
2883	83	28	14165	18	1	0
2884	84	28	4217	18	1	0
2885	85	28	6164	18	1	0
2886	86	28	7068	18	1	0
2887	87	28	6023	18	0	2
2888	88	28	2423	18	0	2
2889	89	28	4478	18	0	1
2890	90	28	5906	18	0	1
2891	91	28	3028	18	0	1
2892	92	28	6204	18	0	1
2893	93	28	5059	18	0	1
2894	94	28	5950	18	0	0
2895	95	28	5627	18	0	0
2896	96	28	2702	18	0	0
2897	97	28	4617	18	0	0
2898	98	28	5529	18	0	0
2899	99	28	3904	18	0	0
2900	0	29	9497	18	2	2
2901	1	29	4683	18	2	2
2902	2	29	2087	18	2	2
2903	3	29	18850	18	2	2
2904	4	29	11954	18	2	2
2905	5	29	10499	18	2	2
2906	6	29	3580	18	2	2
2907	7	29	10438	18	2	2
2908	8	29	14349	18	2	2
2909	9	29	7121	18	2	2
2910	10	29	8802	18	2	2
2911	11	29	19808	18	2	2
2912	12	29	16150	18	2	2
2913	13	29	13325	18	2	1
2914	14	29	12352	18	2	1
2915	15	29	15798	18	2	1
2916	16	29	11367	18	2	1
2917	17	29	9085	18	2	1
2918	18	29	19622	18	2	1
2919	19	29	17859	18	2	1
2920	20	29	11539	18	2	0
2921	21	29	11147	18	2	0
2922	22	29	17304	18	2	0
2923	23	29	3357	18	2	0
2924	24	29	19613	18	2	0
2925	25	29	9386	18	2	0
2926	26	29	9207	18	2	0
2927	27	29	13334	18	2	0
2928	28	29	11164	18	2	0
2929	29	29	13181	18	2	0
2930	30	29	13922	18	1	3
2931	31	29	19535	18	1	3
2932	32	29	15600	18	1	2
2933	33	29	1549	18	1	2
2934	34	29	8965	18	1	2
2935	35	29	4377	18	1	2
2936	36	29	5916	18	1	2
2937	37	29	16068	18	1	2
2938	38	29	47	18	1	2
2939	39	29	17999	18	1	2
2940	40	29	2332	18	1	2
2941	41	29	1807	18	1	2
2942	42	29	15248	18	1	2
2943	43	29	5270	18	1	2
2944	44	29	6000	18	1	2
2945	45	29	6001	18	1	2
2946	46	29	16540	18	1	2
2947	47	29	19728	18	1	2
2948	48	29	1599	18	1	2
2949	49	29	15134	18	1	2
2950	50	29	13510	18	1	1
2951	51	29	14549	18	1	1
2952	52	29	11481	18	1	1
2953	53	29	7823	18	1	1
2954	54	29	4611	18	1	1
2955	55	29	15943	18	1	1
2956	56	29	5416	18	1	1
2957	57	29	5417	18	1	1
2958	58	29	2609	18	1	1
2959	59	29	3395	18	1	1
2960	60	29	14010	18	1	1
2961	61	29	2481	18	1	1
2962	62	29	2922	18	1	1
2963	63	29	11910	18	1	1
2964	64	29	16038	18	1	1
2965	65	29	10366	18	1	1
2966	66	29	1976	18	1	1
2967	67	29	14447	18	1	1
2968	68	29	1857	18	1	1
2969	69	29	4361	18	1	1
2970	70	29	8207	18	1	1
2971	71	29	7663	18	1	1
2972	72	29	12309	18	1	1
2973	73	29	10614	18	1	1
2974	74	29	17511	18	1	1
2975	75	29	15034	18	1	0
2976	76	29	2041	18	1	0
2977	77	29	2930	18	1	0
2978	78	29	18287	18	1	0
2979	79	29	7847	18	1	0
2980	80	29	7677	18	1	0
2981	81	29	3510	18	1	0
2982	82	29	9037	18	1	0
2983	83	29	9557	18	1	0
2984	84	29	1895	18	1	0
2985	85	29	6643	18	1	0
2986	86	29	14507	18	1	0
2987	87	29	14098	18	1	0
2988	88	29	13389	18	1	0
2989	89	29	12184	18	1	0
2990	90	29	13941	18	1	0
2991	91	29	8306	18	1	0
2992	92	29	1955	18	1	0
2993	93	29	17170	18	1	0
2994	94	29	11673	18	1	0
2995	95	29	10754	18	1	0
2996	96	29	1877	18	1	0
2997	97	29	4952	18	0	1
2998	98	29	10622	18	0	0
2999	99	29	4806	18	0	0
3000	0	30	3667	18	2	2
3001	1	30	14552	18	2	2
3002	2	30	603	18	2	2
3003	3	30	1780	18	2	2
3004	4	30	16539	18	2	2
3005	5	30	13082	18	2	2
3006	6	30	4281	18	2	2
3007	7	30	2395	18	2	2
3008	8	30	3432	18	2	2
3009	9	30	9955	18	2	2
3010	10	30	11934	18	2	2
3011	11	30	13682	18	2	2
3012	12	30	2098	18	2	2
3013	13	30	11885	18	2	1
3014	14	30	14069	18	2	1
3015	15	30	2679	18	2	1
3016	16	30	13354	18	2	0
3017	17	30	5394	18	2	0
3018	18	30	10531	18	2	0
3019	19	30	8436	18	2	0
3020	20	30	8629	18	2	0
3021	21	30	6811	18	2	0
3022	22	30	12625	18	1	3
3023	23	30	10597	18	1	3
3024	24	30	6119	18	1	3
3025	25	30	16999	18	1	3
3026	26	30	12938	18	1	2
3027	27	30	1840	18	1	2
3028	28	30	5980	18	1	2
3029	29	30	9013	18	1	2
3030	30	30	14591	18	1	2
3031	31	30	7859	18	1	2
3032	32	30	16273	18	1	2
3033	33	30	8771	18	1	2
3034	34	30	9097	18	1	2
3035	35	30	3850	18	1	2
3036	36	30	13679	18	1	2
3037	37	30	8372	18	1	2
3038	38	30	5944	18	1	2
3039	39	30	10005	18	1	2
3040	40	30	15017	18	1	2
3041	41	30	4555	18	1	2
3042	42	30	7724	18	1	2
3043	43	30	7086	18	1	2
3044	44	30	5939	18	1	1
3045	45	30	10601	18	1	1
3046	46	30	12110	18	1	1
3047	47	30	18416	18	1	1
3048	48	30	18610	18	1	1
3049	49	30	11975	18	1	1
3050	50	30	3783	18	1	1
3051	51	30	13083	18	1	1
3052	52	30	16912	18	1	1
3053	53	30	15385	18	1	1
3054	54	30	18683	18	1	1
3055	55	30	10329	18	1	1
3056	56	30	14111	18	1	1
3057	57	30	14663	18	1	1
3058	58	30	4140	18	1	1
3059	59	30	18994	18	1	1
3060	60	30	12450	18	1	1
3061	61	30	8992	18	1	1
3062	62	30	3176	18	1	1
3063	63	30	12050	18	1	1
3064	64	30	16639	18	1	1
3065	65	30	10611	18	1	0
3066	66	30	3233	18	1	0
3067	67	30	5960	18	1	0
3068	68	30	14993	18	1	0
3069	69	30	6414	18	1	0
3070	70	30	3411	18	1	0
3071	71	30	15868	18	1	0
3072	72	30	16991	18	1	0
3073	73	30	7706	18	1	0
3074	74	30	13311	18	1	0
3075	75	30	18581	18	1	0
3076	76	30	17776	18	1	0
3077	77	30	9206	18	1	0
3078	78	30	5614	18	1	0
3079	79	30	13262	18	1	0
3080	80	30	1297	18	1	0
3081	81	30	17076	18	1	0
3082	82	30	16826	18	1	0
3083	83	30	16827	18	1	0
3084	84	30	8380	18	1	0
3085	85	30	13212	18	1	0
3086	86	30	4990	18	1	0
3087	87	30	13850	18	1	0
3088	88	30	19099	18	1	0
3089	89	30	13017	18	1	0
3090	90	30	9212	18	1	0
3091	91	30	19462	18	1	0
3092	92	30	11349	18	1	0
3093	93	30	13694	18	0	2
3094	94	30	4095	18	0	2
3095	95	30	4096	18	0	2
3096	96	30	4968	18	0	0
3097	97	30	6264	18	0	0
3098	98	30	17975	18	0	0
3099	99	30	6082	18	0	0
3100	0	31	11308	18	2	3
3101	1	31	17963	18	2	3
3102	2	31	17253	18	2	2
3103	3	31	9548	18	2	2
3104	4	31	396	18	2	2
3105	5	31	613	18	2	2
3106	6	31	11622	18	2	1
3107	7	31	14882	18	2	1
3108	8	31	8474	18	2	1
3109	9	31	12410	18	2	1
3110	10	31	14077	18	2	1
3111	11	31	1181	18	2	1
3112	12	31	11821	18	2	0
3113	13	31	4595	18	2	0
3114	14	31	15937	18	2	0
3115	15	31	8598	18	2	0
3116	16	31	4056	18	2	0
3117	17	31	7447	18	2	0
3118	18	31	10957	18	2	0
3119	19	31	7218	18	2	0
3120	20	31	10875	18	2	0
3121	21	31	5293	18	1	3
3122	22	31	6950	18	1	3
3123	23	31	698	18	1	2
3124	24	31	15947	18	1	2
3125	25	31	16613	18	1	2
3126	26	31	5124	18	1	2
3127	27	31	18896	18	1	2
3128	28	31	13117	18	1	2
3129	29	31	2107	18	1	2
3130	30	31	16726	18	1	2
3131	31	31	9668	18	1	2
3132	32	31	14770	18	1	2
3133	33	31	14699	18	1	2
3134	34	31	11599	18	1	2
3135	35	31	17292	18	1	2
3136	36	31	8700	18	1	2
3137	37	31	8657	18	1	2
3138	38	31	1622	18	1	2
3139	39	31	1772	18	1	2
3140	40	31	16534	18	1	2
3141	41	31	505	18	1	2
3142	42	31	16090	18	1	2
3143	43	31	8454	18	1	2
3144	44	31	12621	18	1	2
3145	45	31	5373	18	1	2
3146	46	31	4053	18	1	2
3147	47	31	5714	18	1	2
3148	48	31	6508	18	1	2
3149	49	31	17319	18	1	1
3150	50	31	13853	18	1	1
3151	51	31	16109	18	1	1
3152	52	31	1048	18	1	1
3153	53	31	3394	18	1	1
3154	54	31	17164	18	1	1
3155	55	31	7039	18	1	1
3156	56	31	6395	18	1	1
3157	57	31	11694	18	1	1
3158	58	31	3641	18	1	1
3159	59	31	13016	18	1	1
3160	60	31	14280	18	1	1
3161	61	31	9340	18	1	1
3162	62	31	10673	18	1	1
3163	63	31	15409	18	1	1
3164	64	31	9781	18	1	1
3165	65	31	11955	18	1	1
3166	66	31	14387	18	1	0
3167	67	31	18653	18	1	0
3168	68	31	16735	18	1	0
3169	69	31	1937	18	1	0
3170	70	31	13007	18	1	0
3171	71	31	18043	18	1	0
3172	72	31	12316	18	1	0
3173	73	31	5717	18	1	0
3174	74	31	9732	18	1	0
3175	75	31	8450	18	1	0
3176	76	31	7170	18	1	0
3177	77	31	10055	18	1	0
3178	78	31	11488	18	1	0
3179	79	31	2927	18	1	0
3180	80	31	5297	18	1	0
3181	81	31	2454	18	1	0
3182	82	31	6873	18	1	0
3183	83	31	14978	18	1	0
3184	84	31	14156	18	1	0
3185	85	31	18098	18	1	0
3186	86	31	160	18	0	2
3187	87	31	3623	18	0	2
3188	88	31	3381	18	0	2
3189	89	31	4831	18	0	2
3190	90	31	8905	18	0	2
3191	91	31	7244	18	0	2
3192	92	31	5202	18	0	2
3193	93	31	4143	18	0	1
3194	94	31	17226	18	0	1
3195	95	31	4224	18	0	1
3196	96	31	4723	18	0	0
3197	97	31	6192	18	0	0
3198	98	31	4387	18	0	0
3199	99	31	4996	18	0	1
3200	0	32	10042	18	2	2
3201	1	32	8288	18	2	2
3202	2	32	14624	18	2	2
3203	3	32	16493	18	2	2
3204	4	32	1635	18	2	2
3205	5	32	10544	18	2	2
3206	6	32	10545	18	2	2
3207	7	32	16325	18	2	2
3208	8	32	6058	18	2	2
3209	9	32	13507	18	2	2
3210	10	32	2097	18	2	2
3211	11	32	14744	18	2	2
3212	12	32	4751	18	2	2
3213	13	32	16490	18	2	2
3214	14	32	8024	18	2	1
3215	15	32	7812	18	2	1
3216	16	32	14741	18	2	0
3217	17	32	10902	18	2	0
3218	18	32	17966	18	2	0
3219	19	32	10079	18	2	0
3220	20	32	17578	18	2	0
3221	21	32	8831	18	2	0
3222	22	32	15174	18	2	0
3223	23	32	6921	18	2	0
3224	24	32	15515	18	2	0
3225	25	32	6697	18	2	0
3226	26	32	11831	18	2	0
3227	27	32	17442	18	1	3
3228	28	32	61	18	1	3
3229	29	32	2955	18	1	2
3230	30	32	13878	18	1	2
3231	31	32	4247	18	1	2
3232	32	32	17525	18	1	2
3233	33	32	12298	18	1	2
3234	34	32	14122	18	1	2
3235	35	32	640	18	1	2
3236	36	32	2271	18	1	2
3237	37	32	1110	18	1	2
3238	38	32	4480	18	1	2
3239	39	32	8867	18	1	2
3240	40	32	19969	18	1	2
3241	41	32	4054	18	1	2
3242	42	32	15626	18	1	1
3243	43	32	15781	18	1	1
3244	44	32	1919	18	1	1
3245	45	32	1920	18	1	1
3246	46	32	17944	18	1	1
3247	47	32	2954	18	1	1
3248	48	32	17697	18	1	1
3249	49	32	385	18	1	1
3250	50	32	17916	18	1	1
3251	51	32	17973	18	1	1
3252	52	32	7518	18	1	1
3253	53	32	16528	18	1	1
3254	54	32	8787	18	1	1
3255	55	32	16229	18	1	1
3256	56	32	11869	18	1	1
3257	57	32	18869	18	1	1
3258	58	32	17892	18	1	0
3259	59	32	15252	18	1	0
3260	60	32	9970	18	1	0
3261	61	32	19590	18	1	0
3262	62	32	14002	18	1	0
3263	63	32	8247	18	1	0
3264	64	32	6858	18	1	0
3265	65	32	17688	18	1	0
3266	66	32	18592	18	1	0
3267	67	32	8507	18	1	0
3268	68	32	10367	18	1	0
3269	69	32	13209	18	1	0
3270	70	32	16309	18	1	0
3271	71	32	14172	18	1	0
3272	72	32	10542	18	1	0
3273	73	32	1722	18	1	0
3274	74	32	11933	18	1	0
3275	75	32	8029	18	1	0
3276	76	32	13811	18	1	0
3277	77	32	11221	18	1	0
3278	78	32	533	18	1	0
3279	79	32	13791	18	1	0
3280	80	32	1789	18	1	0
3281	81	32	9346	18	1	0
3282	82	32	3293	18	1	0
3283	83	32	17938	18	1	0
3284	84	32	12093	18	1	0
3285	85	32	16237	18	1	0
3286	86	32	9711	18	1	0
3287	87	32	15815	18	1	0
3288	88	32	3087	18	0	3
3289	89	32	3709	18	0	2
3290	90	32	341	18	0	2
3291	91	32	6067	18	0	2
3292	92	32	19813	18	0	2
3293	93	32	3312	18	0	2
3294	94	32	6179	18	0	2
3295	95	32	5201	18	0	2
3296	96	32	5149	18	0	1
3297	97	32	3811	18	0	1
3298	98	32	5713	18	0	0
3299	99	32	4180	18	0	2
3300	0	33	15928	18	2	2
3301	1	33	10660	18	2	2
3302	2	33	2263	18	2	2
3303	3	33	751	18	2	2
3304	4	33	5412	18	2	2
3305	5	33	17174	18	2	2
3306	6	33	6785	18	2	2
3307	7	33	2588	18	2	1
3308	8	33	4608	18	2	1
3309	9	33	17308	18	2	1
3310	10	33	9008	18	2	1
3311	11	33	18876	18	2	1
3312	12	33	10702	18	2	0
3313	13	33	9825	18	2	0
3314	14	33	11593	18	2	0
3315	15	33	13246	18	1	3
3316	16	33	13629	18	1	3
3317	17	33	13549	18	1	3
3318	18	33	10572	18	1	2
3319	19	33	13663	18	1	2
3320	20	33	8439	18	1	2
3321	21	33	4225	18	1	2
3322	22	33	4110	18	1	2
3323	23	33	10454	18	1	2
3324	24	33	1805	18	1	2
3325	25	33	1806	18	1	2
3326	26	33	2063	18	1	2
3327	27	33	5094	18	1	2
3328	28	33	3785	18	1	2
3329	29	33	12473	18	1	2
3330	30	33	6331	18	1	2
3331	31	33	7307	18	1	2
3332	32	33	18655	18	1	2
3333	33	33	19066	18	1	2
3334	34	33	7178	18	1	2
3335	35	33	15776	18	1	2
3336	36	33	17052	18	1	2
3337	37	33	504	18	1	2
3338	38	33	5116	18	1	2
3339	39	33	10125	18	1	2
3340	40	33	8854	18	1	1
3341	41	33	3615	18	1	1
3342	42	33	11957	18	1	1
3343	43	33	7015	18	1	1
3344	44	33	14944	18	1	1
3345	45	33	12405	18	1	1
3346	46	33	6440	18	1	1
3347	47	33	16834	18	1	1
3348	48	33	11475	18	1	1
3349	49	33	3975	18	1	1
3350	50	33	2354	18	1	1
3351	51	33	2355	18	1	1
3352	52	33	15011	18	1	1
3353	53	33	10937	18	1	1
3354	54	33	3628	18	1	1
3355	55	33	5971	18	1	1
3356	56	33	2528	18	1	1
3357	57	33	18446	18	1	1
3358	58	33	14651	18	1	1
3359	59	33	3190	18	1	1
3360	60	33	9739	18	1	1
3361	61	33	14982	18	1	1
3362	62	33	7557	18	1	1
3363	63	33	8838	18	1	1
3364	64	33	17473	18	1	0
3365	65	33	17860	18	1	0
3366	66	33	7566	18	1	0
3367	67	33	14055	18	1	0
3368	68	33	2779	18	1	0
3369	69	33	3505	18	1	0
3370	70	33	16535	18	1	0
3371	71	33	13490	18	1	0
3372	72	33	11432	18	1	0
3373	73	33	10101	18	1	0
3374	74	33	11823	18	1	0
3375	75	33	13425	18	1	0
3376	76	33	5932	18	1	0
3377	77	33	19980	18	1	0
3378	78	33	17484	18	1	0
3379	79	33	8486	18	1	0
3380	80	33	8821	18	1	0
3381	81	33	2025	18	1	0
3382	82	33	19800	18	1	0
3383	83	33	12288	18	1	0
3384	84	33	15042	18	1	0
3385	85	33	10082	18	1	0
3386	86	33	2723	18	1	0
3387	87	33	3849	18	1	0
3388	88	33	17911	18	1	0
3389	89	33	5662	18	0	3
3390	90	33	4176	18	0	2
3391	91	33	103	18	0	2
3392	92	33	15322	18	0	2
3393	93	33	6314	18	0	2
3394	94	33	6171	18	0	0
3395	95	33	4715	18	0	0
3396	96	33	5068	18	0	0
3397	97	33	5435	18	0	0
3398	98	33	6285	18	0	0
3399	99	33	5088	18	0	1
3400	0	34	10427	18	2	3
3401	1	34	10118	18	2	3
3402	2	34	10353	18	2	2
3403	3	34	15327	18	2	2
3404	4	34	17834	18	2	2
3405	5	34	8801	18	2	2
3406	6	34	8457	18	2	1
3407	7	34	3242	18	2	1
3408	8	34	4923	18	2	1
3409	9	34	1101	18	2	1
3410	10	34	8290	18	2	1
3411	11	34	15929	18	2	0
3412	12	34	14826	18	2	0
3413	13	34	17653	18	2	0
3414	14	34	14590	18	2	0
3415	15	34	13864	18	2	0
3416	16	34	10004	18	2	0
3417	17	34	9058	18	1	3
3418	18	34	15253	18	1	3
3419	19	34	6473	17	1	3
3420	20	34	10094	17	1	3
3421	21	34	13222	17	1	3
3422	22	34	12859	17	1	3
3423	23	34	1575	18	1	2
3424	24	34	1990	18	1	2
3425	25	34	11690	18	1	2
3426	26	34	2994	18	1	2
3427	27	34	10587	18	1	2
3428	28	34	2741	18	1	2
3429	29	34	11966	18	1	2
3430	30	34	1538	18	1	2
3431	31	34	4393	18	1	2
3432	32	34	161	18	1	2
3433	33	34	8947	18	1	2
3434	34	34	4665	18	1	2
3435	35	34	16668	18	1	2
3436	36	34	18275	18	1	2
3437	37	34	12610	18	1	2
3438	38	34	18345	18	1	2
3439	39	34	14397	18	1	2
3440	40	34	2972	18	1	2
3441	41	34	6976	18	1	2
3442	42	34	9270	18	1	2
3443	43	34	19457	18	1	2
3444	44	34	16889	17	1	2
3445	45	34	11982	18	1	1
3446	46	34	2669	18	1	1
3447	47	34	18320	18	1	1
3448	48	34	18036	18	1	1
3449	49	34	18632	18	1	1
3450	50	34	2377	18	1	1
3451	51	34	10093	18	1	1
3452	52	34	1649	18	1	1
3453	53	34	1650	18	1	1
3454	54	34	16086	18	1	1
3455	55	34	12624	18	1	1
3456	56	34	11240	18	1	1
3457	57	34	6089	18	1	1
3458	58	34	12728	18	1	1
3459	59	34	18848	18	1	1
3460	60	34	19456	18	1	1
3461	61	34	895	18	1	1
3462	62	34	3655	17	1	1
3463	63	34	9934	17	1	1
3464	64	34	13310	18	1	0
3465	65	34	18129	18	1	0
3466	66	34	13856	18	1	0
3467	67	34	8716	18	1	0
3468	68	34	16394	18	1	0
3469	69	34	2548	18	1	0
3470	70	34	6610	18	1	0
3471	71	34	3345	18	1	0
3472	72	34	10944	18	1	0
3473	73	34	19292	18	1	0
3474	74	34	19263	18	1	0
3475	75	34	3084	18	1	0
3476	76	34	3973	18	1	0
3477	77	34	3724	18	1	0
3478	78	34	13378	18	1	0
3479	79	34	14783	18	1	0
3480	80	34	1641	18	1	0
3481	81	34	14082	18	1	0
3482	82	34	5333	18	1	0
3483	83	34	10595	17	1	0
3484	84	34	12246	17	1	0
3485	85	34	18585	17	1	0
3486	86	34	17279	17	1	0
3487	87	34	2288	17	1	0
3488	88	34	2998	17	1	0
3489	89	34	15590	17	1	0
3490	90	34	9823	17	1	0
3491	91	34	16760	17	1	0
3492	92	34	12004	18	0	2
3493	93	34	3402	18	0	2
3494	94	34	4550	18	0	0
3495	95	34	5409	18	0	0
3496	96	34	5410	18	0	0
3497	97	34	4625	18	0	0
3498	98	34	13952	17	0	0
3499	99	34	3612	17	0	0
3500	0	35	10942	17	2	2
3501	1	35	9026	17	2	2
3502	2	35	19759	17	2	2
3503	3	35	2758	17	2	2
3504	4	35	5741	17	2	2
3505	5	35	953	17	2	1
3506	6	35	911	17	2	1
3507	7	35	14468	17	2	0
3508	8	35	9168	17	2	0
3509	9	35	11799	17	2	0
3510	10	35	6488	17	2	0
3511	11	35	11010	17	2	0
3512	12	35	17760	17	2	0
3513	13	35	10223	17	2	0
3514	14	35	4969	17	1	3
3515	15	35	2489	17	1	2
3516	16	35	17612	17	1	2
3517	17	35	102	17	1	2
3518	18	35	5726	17	1	2
3519	19	35	2687	17	1	2
3520	20	35	2441	17	1	2
3521	21	35	16304	17	1	2
3522	22	35	12724	17	1	2
3523	23	35	12633	17	1	2
3524	24	35	18853	17	1	2
3525	25	35	517	17	1	2
3526	26	35	681	17	1	2
3527	27	35	682	17	1	2
3528	28	35	7904	17	1	2
3529	29	35	53	17	1	2
3530	30	35	599	17	1	2
3531	31	35	5473	17	1	2
3532	32	35	4231	17	1	2
3533	33	35	4232	17	1	2
3534	34	35	5122	17	1	2
3535	35	35	6855	17	1	2
3536	36	35	4161	17	1	2
3537	37	35	2565	17	1	2
3538	38	35	485	17	1	2
3539	39	35	19884	17	1	2
3540	40	35	6729	17	1	1
3541	41	35	5676	17	1	1
3542	42	35	15614	17	1	1
3543	43	35	12219	17	1	1
3544	44	35	5057	17	1	1
3545	45	35	9359	17	1	1
3546	46	35	11445	17	1	1
3547	47	35	967	17	1	1
3548	48	35	6871	17	1	1
3549	49	35	18286	17	1	1
3550	50	35	9133	17	1	1
3551	51	35	6212	17	1	1
3552	52	35	12768	17	1	0
3553	53	35	17743	17	1	0
3554	54	35	10167	17	1	0
3555	55	35	8083	17	1	0
3556	56	35	10432	17	1	0
3557	57	35	12740	17	1	0
3558	58	35	1601	17	1	0
3559	59	35	19701	17	1	0
3560	60	35	4771	17	1	0
3561	61	35	19028	17	1	0
3562	62	35	16833	17	1	0
3563	63	35	2005	17	1	0
3564	64	35	4265	17	1	0
3565	65	35	5466	17	1	0
3566	66	35	13947	17	1	0
3567	67	35	860	17	1	0
3568	68	35	17648	17	1	0
3569	69	35	6991	17	1	0
3570	70	35	3075	17	1	0
3571	71	35	11700	17	1	0
3572	72	35	3929	17	1	0
3573	73	35	19699	17	1	0
3574	74	35	19683	17	1	0
3575	75	35	7656	17	1	0
3576	76	35	5660	17	1	0
3577	77	35	5424	17	1	0
3578	78	35	5897	17	1	0
3579	79	35	8630	17	1	0
3580	80	35	17047	17	1	0
3581	81	35	12270	17	1	0
3582	82	35	1849	17	1	0
3583	83	35	14450	17	1	0
3584	84	35	3323	17	1	0
3585	85	35	11549	17	1	0
3586	86	35	16955	17	1	0
3587	87	35	158	17	0	2
3588	88	35	5891	17	0	2
3589	89	35	5257	17	0	1
3590	90	35	4257	17	0	1
3591	91	35	4926	17	0	1
3592	92	35	5069	17	0	1
3593	93	35	5189	17	0	1
3594	94	35	16057	17	0	0
3595	95	35	5273	17	0	0
3596	96	35	6300	17	0	0
3597	97	35	5955	17	0	0
3598	98	35	4276	17	0	0
3599	99	35	5197	17	0	0
3600	0	36	14223	17	2	3
3601	1	36	37	17	2	2
3602	2	36	721	17	2	2
3603	3	36	2404	17	2	2
3604	4	36	17602	17	2	2
3605	5	36	16480	17	2	2
3606	6	36	14745	17	2	2
3607	7	36	9491	17	2	2
3608	8	36	14678	17	2	2
3609	9	36	18027	17	2	2
3610	10	36	1907	17	2	1
3611	11	36	16970	17	2	0
3612	12	36	1749	17	2	0
3613	13	36	9940	17	2	0
3614	14	36	13675	17	2	0
3615	15	36	12396	17	2	0
3616	16	36	8262	17	2	0
3617	17	36	10853	17	2	0
3618	18	36	2759	17	2	0
3619	19	36	14109	17	2	0
3620	20	36	17787	17	2	0
3621	21	36	10699	17	2	0
3622	22	36	17424	17	2	0
3623	23	36	13893	17	2	0
3624	24	36	9220	17	2	0
3625	25	36	14891	17	2	0
3626	26	36	12598	17	1	3
3627	27	36	6360	17	1	3
3628	28	36	19288	17	1	3
3629	29	36	9233	17	1	3
3630	30	36	17656	17	1	2
3631	31	36	6551	17	1	2
3632	32	36	2480	17	1	2
3633	33	36	6706	17	1	2
3634	34	36	16602	17	1	2
3635	35	36	108	17	1	2
3636	36	36	19016	17	1	2
3637	37	36	675	17	1	2
3638	38	36	16495	17	1	2
3639	39	36	16575	17	1	2
3640	40	36	4055	17	1	2
3641	41	36	11109	17	1	2
3642	42	36	6317	17	1	2
3643	43	36	569	17	1	2
3644	44	36	19090	17	1	2
3645	45	36	121	17	1	2
3646	46	36	13610	17	1	2
3647	47	36	12142	17	1	2
3648	48	36	6695	17	1	2
3649	49	36	711	17	1	2
3650	50	36	12855	17	1	2
3651	51	36	3073	17	1	2
3652	52	36	17438	17	1	2
3653	53	36	5590	17	1	2
3654	54	36	2435	17	1	2
3655	55	36	10859	17	1	2
3656	56	36	5164	17	1	2
3657	57	36	18713	17	1	2
3658	58	36	6207	17	1	1
3659	59	36	15129	17	1	1
3660	60	36	16683	17	1	1
3661	61	36	910	17	1	1
3662	62	36	4171	17	1	1
3663	63	36	11316	17	1	1
3664	64	36	9360	17	1	1
3665	65	36	10498	17	1	1
3666	66	36	16898	17	1	1
3667	67	36	4810	17	1	1
3668	68	36	9136	17	1	1
3669	69	36	15934	17	1	0
3670	70	36	15012	17	1	0
3671	71	36	14951	17	1	0
3672	72	36	8175	17	1	0
3673	73	36	19609	17	1	0
3674	74	36	7163	17	1	0
3675	75	36	3568	17	1	0
3676	76	36	4315	17	1	0
3677	77	36	4294	17	1	0
3678	78	36	7380	17	1	0
3679	79	36	12501	17	1	0
3680	80	36	17753	17	1	0
3681	81	36	8817	17	1	0
3682	82	36	12306	17	1	0
3683	83	36	12889	17	1	0
3684	84	36	11990	17	1	0
3685	85	36	11327	17	1	0
3686	86	36	8177	17	1	0
3687	87	36	12587	17	1	0
3688	88	36	13769	17	1	0
3689	89	36	14792	17	1	0
3690	90	36	7494	17	1	0
3691	91	36	5974	17	1	0
3692	92	36	154	17	0	2
3693	93	36	3271	17	0	1
3694	94	36	3272	17	0	1
3695	95	36	2606	17	0	1
3696	96	36	5525	17	0	1
3697	97	36	5911	17	0	0
3698	98	36	3762	17	0	0
3699	99	36	4245	17	0	2
3700	0	37	310	17	2	2
3701	1	37	9551	17	2	2
3702	2	37	14631	17	2	2
3703	3	37	13960	17	2	2
3704	4	37	14630	17	2	2
3705	5	37	8759	17	2	2
3706	6	37	18176	17	2	2
3707	7	37	19640	17	2	2
3708	8	37	3993	17	2	2
3709	9	37	14224	17	2	2
3710	10	37	10300	17	2	2
3711	11	37	13462	17	2	1
3712	12	37	5295	17	2	1
3713	13	37	6432	17	2	1
3714	14	37	1692	17	2	1
3715	15	37	13450	17	2	1
3716	16	37	6912	17	2	1
3717	17	37	3992	17	2	1
3718	18	37	8503	17	2	0
3719	19	37	11798	17	2	0
3720	20	37	12626	17	2	0
3721	21	37	11810	17	2	0
3722	22	37	13428	17	2	0
3723	23	37	15720	17	2	0
3724	24	37	11904	17	2	0
3725	25	37	17634	17	2	0
3726	26	37	11563	17	2	0
3727	27	37	17372	17	2	0
3728	28	37	9079	17	2	0
3729	29	37	7711	17	2	0
3730	30	37	7651	17	1	3
3731	31	37	6492	17	1	3
3732	32	37	531	17	1	2
3733	33	37	2304	17	1	2
3734	34	37	8927	17	1	2
3735	35	37	14841	17	1	2
3736	36	37	6110	17	1	2
3737	37	37	16793	17	1	2
3738	38	37	4706	17	1	2
3739	39	37	5451	17	1	2
3740	40	37	748	17	1	2
3741	41	37	15056	17	1	2
3742	42	37	705	17	1	2
3743	43	37	3511	17	1	2
3744	44	37	13527	17	1	2
3745	45	37	2436	17	1	2
3746	46	37	4938	17	1	2
3747	47	37	15812	17	1	2
3748	48	37	16723	17	1	1
3749	49	37	980	17	1	1
3750	50	37	1889	17	1	1
3751	51	37	2982	17	1	1
3752	52	37	3736	17	1	1
3753	53	37	9687	17	1	1
3754	54	37	8681	17	1	1
3755	55	37	10796	17	1	1
3756	56	37	16392	17	1	1
3757	57	37	2854	17	1	1
3758	58	37	16034	17	1	1
3759	59	37	16035	17	1	1
3760	60	37	9143	17	1	1
3761	61	37	7131	17	1	1
3762	62	37	7873	17	1	0
3763	63	37	13664	17	1	0
3764	64	37	12750	17	1	0
3765	65	37	17747	17	1	0
3766	66	37	7199	17	1	0
3767	67	37	4598	17	1	0
3768	68	37	19422	17	1	0
3769	69	37	10757	17	1	0
3770	70	37	19700	17	1	0
3771	71	37	11993	17	1	0
3772	72	37	17182	17	1	0
3773	73	37	12154	17	1	0
3774	74	37	6550	17	1	0
3775	75	37	15990	17	1	0
3776	76	37	9584	17	1	0
3777	77	37	15651	17	1	0
3778	78	37	18423	17	1	0
3779	79	37	12025	17	1	0
3780	80	37	13087	17	1	0
3781	81	37	18706	17	1	0
3782	82	37	8631	17	1	0
3783	83	37	7689	17	1	0
3784	84	37	1850	17	1	0
3785	85	37	19790	17	1	0
3786	86	37	19398	17	1	0
3787	87	37	9290	17	1	0
3788	88	37	5259	17	1	0
3789	89	37	11872	17	1	0
3790	90	37	3314	17	0	2
3791	91	37	2505	17	0	1
3792	92	37	5078	17	0	1
3793	93	37	7489	17	0	1
3794	94	37	6319	17	0	0
3795	95	37	4236	17	0	0
3796	96	37	19726	17	0	0
3797	97	37	5791	17	0	0
3798	98	37	4618	17	0	0
3799	99	37	5039	17	0	0
3800	0	38	730	17	2	2
3801	1	38	814	17	2	2
3802	2	38	5111	17	2	2
3803	3	38	9062	17	2	2
3804	4	38	1779	17	2	2
3805	5	38	12915	17	2	2
3806	6	38	13288	17	2	2
3807	7	38	10110	17	2	2
3808	8	38	2880	17	2	2
3809	9	38	5775	17	2	2
3810	10	38	10096	17	2	2
3811	11	38	16459	17	2	1
3812	12	38	16199	17	2	1
3813	13	38	10075	17	2	1
3814	14	38	7550	17	2	1
3815	15	38	7158	17	2	0
3816	16	38	7546	17	2	0
3817	17	38	6980	17	2	0
3818	18	38	11291	17	2	0
3819	19	38	7456	17	2	0
3820	20	38	12376	17	2	0
3821	21	38	8549	17	2	0
3822	22	38	13211	17	2	0
3823	23	38	11192	17	1	3
3824	24	38	2491	17	1	2
3825	25	38	9327	17	1	2
3826	26	38	14662	17	1	2
3827	27	38	15790	17	1	2
3828	28	38	14167	17	1	2
3829	29	38	13670	17	1	2
3830	30	38	2585	17	1	2
3831	31	38	6194	17	1	2
3832	32	38	5238	17	1	2
3833	33	38	5290	17	1	2
3834	34	38	5050	17	1	2
3835	35	38	3631	17	1	2
3836	36	38	455	17	1	2
3837	37	38	10270	17	1	2
3838	38	38	6710	17	1	2
3839	39	38	9662	17	1	2
3840	40	38	10969	17	1	2
3841	41	38	12673	17	1	2
3842	42	38	1848	17	1	2
3843	43	38	14093	17	1	2
3844	44	38	3590	17	1	2
3845	45	38	13765	17	1	1
3846	46	38	17722	17	1	1
3847	47	38	19635	17	1	1
3848	48	38	2508	17	1	1
3849	49	38	13548	17	1	1
3850	50	38	16247	17	1	1
3851	51	38	17281	17	1	1
3852	52	38	9024	17	1	1
3853	53	38	8322	17	1	1
3854	54	38	5967	17	1	1
3855	55	38	16379	17	1	1
3856	56	38	1057	17	1	1
3857	57	38	1058	17	1	1
3858	58	38	14155	17	1	1
3859	59	38	6935	17	1	1
3860	60	38	13905	17	1	0
3861	61	38	6702	17	1	0
3862	62	38	6916	17	1	0
3863	63	38	19951	17	1	0
3864	64	38	18568	17	1	0
3865	65	38	10097	17	1	0
3866	66	38	11261	17	1	0
3867	67	38	7582	17	1	0
3868	68	38	2130	17	1	0
3869	69	38	18952	17	1	0
3870	70	38	13727	17	1	0
3871	71	38	19985	17	1	0
3872	72	38	14216	17	1	0
3873	73	38	2700	17	1	0
3874	74	38	8811	17	1	0
3875	75	38	14271	17	1	0
3876	76	38	18597	17	1	0
3877	77	38	1600	17	1	0
3878	78	38	10023	17	1	0
3879	79	38	14406	17	1	0
3880	80	38	12043	17	1	0
3881	81	38	4114	17	1	0
3882	82	38	15666	17	1	0
3883	83	38	7444	17	1	0
3884	84	38	1863	17	1	0
3885	85	38	18877	17	1	0
3886	86	38	8763	17	1	0
3887	87	38	8011	17	1	0
3888	88	38	15506	17	1	0
3889	89	38	1858	17	1	0
3890	90	38	4174	17	0	2
3891	91	38	6251	17	0	2
3892	92	38	5681	17	0	2
3893	93	38	6299	17	0	2
3894	94	38	4961	17	0	2
3895	95	38	4386	17	0	1
3896	96	38	2303	17	0	0
3897	97	38	19637	17	0	0
3898	98	38	2805	17	0	0
3899	99	38	3338	17	0	2
3900	0	39	11840	17	2	3
3901	1	39	13884	17	2	3
3902	2	39	557	17	2	2
3903	3	39	14013	17	2	2
3904	4	39	7241	17	2	2
3905	5	39	13587	17	2	2
3906	6	39	17797	17	2	2
3907	7	39	6531	17	2	1
3908	8	39	2418	17	2	1
3909	9	39	17913	17	2	1
3910	10	39	1966	17	2	1
3911	11	39	9250	17	2	1
3912	12	39	6431	17	2	1
3913	13	39	15878	17	2	1
3914	14	39	2078	17	2	1
3915	15	39	19970	17	2	0
3916	16	39	15507	17	2	0
3917	17	39	7002	17	2	0
3918	18	39	6899	17	2	0
3919	19	39	14469	17	2	0
3920	20	39	14225	17	2	0
3921	21	39	19954	17	2	0
3922	22	39	17401	17	2	0
3923	23	39	16849	17	2	0
3924	24	39	9793	17	1	3
3925	25	39	3779	17	1	3
3926	26	39	19176	17	1	2
3927	27	39	15084	17	1	2
3928	28	39	1753	17	1	2
3929	29	39	3601	17	1	2
3930	30	39	14622	17	1	2
3931	31	39	9235	17	1	2
3932	32	39	1831	17	1	2
3933	33	39	11528	17	1	2
3934	34	39	4897	17	1	2
3935	35	39	12466	17	1	2
3936	36	39	7435	17	1	2
3937	37	39	337	17	1	2
3938	38	39	2524	17	1	2
3939	39	39	1846	17	1	2
3940	40	39	149	17	1	2
3941	41	39	1867	17	1	2
3942	42	39	18771	17	1	2
3943	43	39	18912	17	1	2
3944	44	39	6687	17	1	2
3945	45	39	9949	17	1	2
3946	46	39	3445	17	1	2
3947	47	39	19133	17	1	2
3948	48	39	6005	17	1	2
3949	49	39	15657	17	1	2
3950	50	39	17862	17	1	2
3951	51	39	19809	17	1	1
3952	52	39	9055	17	1	1
3953	53	39	12860	17	1	1
3954	54	39	10056	17	1	1
3955	55	39	2100	17	1	1
3956	56	39	19562	17	1	1
3957	57	39	11580	17	1	1
3958	58	39	19607	17	1	1
3959	59	39	16967	17	1	1
3960	60	39	11306	17	1	1
3961	61	39	8974	17	1	1
3962	62	39	6449	17	1	1
3963	63	39	9351	17	1	1
3964	64	39	5443	17	1	1
3965	65	39	18340	17	1	1
3966	66	39	17857	17	1	1
3967	67	39	14142	17	1	1
3968	68	39	5281	17	1	1
3969	69	39	10000	17	1	1
3970	70	39	13005	17	1	0
3971	71	39	9620	17	1	0
3972	72	39	10278	17	1	0
3973	73	39	19388	17	1	0
3974	74	39	3337	17	1	0
3975	75	39	5813	17	1	0
3976	76	39	15620	17	1	0
3977	77	39	15136	17	1	0
3978	78	39	4667	17	1	0
3979	79	39	1921	17	1	0
3980	80	39	9537	17	1	0
3981	81	39	9840	17	1	0
3982	82	39	1843	17	1	0
3983	83	39	18266	17	1	0
3984	84	39	18244	17	1	0
3985	85	39	12168	17	1	0
3986	86	39	11591	17	1	0
3987	87	39	13295	17	1	0
3988	88	39	2918	17	1	0
3989	89	39	12583	17	1	0
3990	90	39	3239	17	1	0
3991	91	39	10945	17	1	0
3992	92	39	2904	17	0	3
3993	93	39	3247	17	0	2
3994	94	39	3059	17	0	2
3995	95	39	6138	17	0	2
3996	96	39	19379	17	0	1
3997	97	39	5087	17	0	0
3998	98	39	5224	17	0	0
3999	99	39	2964	17	0	1
4000	0	40	19975	17	2	2
4001	1	40	17070	17	2	2
4002	2	40	15531	17	2	2
4003	3	40	1144	17	2	2
4004	4	40	16239	17	2	2
4005	5	40	2899	17	2	1
4006	6	40	9294	17	2	1
4007	7	40	10113	17	2	1
4008	8	40	14141	17	2	0
4009	9	40	12139	17	2	0
4010	10	40	9043	17	2	0
4011	11	40	9473	17	2	0
4012	12	40	18025	17	2	0
4013	13	40	17233	17	2	0
4014	14	40	6530	17	2	0
4015	15	40	15350	17	2	0
4016	16	40	16183	17	2	0
4017	17	40	6691	17	2	0
4018	18	40	15568	17	1	3
4019	19	40	13958	17	1	3
4020	20	40	1851	17	1	3
4021	21	40	9075	17	1	2
4022	22	40	10966	17	1	2
4023	23	40	720	17	1	2
4024	24	40	3458	17	1	2
4025	25	40	19909	17	1	2
4026	26	40	2431	17	1	2
4027	27	40	2703	17	1	2
4028	28	40	5347	17	1	2
4029	29	40	11969	17	1	2
4030	30	40	708	17	1	2
4031	31	40	1228	17	1	2
4032	32	40	3896	17	1	2
4033	33	40	12611	17	1	2
4034	34	40	15269	17	1	2
4035	35	40	8722	17	1	2
4036	36	40	7078	17	1	2
4037	37	40	11152	17	1	2
4038	38	40	16061	17	1	2
4039	39	40	7535	17	1	2
4040	40	40	9623	17	1	2
4041	41	40	16484	17	1	2
4042	42	40	2125	17	1	1
4043	43	40	9344	17	1	1
4044	44	40	1948	17	1	1
4045	45	40	17853	17	1	1
4046	46	40	9706	17	1	1
4047	47	40	8193	17	1	1
4048	48	40	6149	17	1	1
4049	49	40	17692	17	1	1
4050	50	40	15572	17	1	1
4051	51	40	10063	17	1	1
4052	52	40	2479	17	1	1
4053	53	40	6722	17	1	1
4054	54	40	12198	17	1	1
4055	55	40	19454	17	1	1
4056	56	40	3343	17	1	1
4057	57	40	1885	17	1	1
4058	58	40	2704	17	1	1
4059	59	40	5271	17	1	1
4060	60	40	2023	17	1	1
4061	61	40	19366	17	1	1
4062	62	40	13068	17	1	1
4063	63	40	10281	17	1	0
4064	64	40	6636	17	1	0
4065	65	40	13749	17	1	0
4066	66	40	10704	17	1	0
4067	67	40	10705	17	1	0
4068	68	40	19098	17	1	0
4069	69	40	19815	17	1	0
4070	70	40	14214	17	1	0
4071	71	40	8316	17	1	0
4072	72	40	16871	17	1	0
4073	73	40	7979	17	1	0
4074	74	40	12820	17	1	0
4075	75	40	12463	17	1	0
4076	76	40	4328	17	1	0
4077	77	40	10441	17	1	0
4078	78	40	16119	17	1	0
4079	79	40	16352	17	1	0
4080	80	40	12102	17	1	0
4081	81	40	12492	17	1	0
4082	82	40	14830	17	1	0
4083	83	40	2067	17	1	0
4084	84	40	8239	17	1	0
4085	85	40	9831	17	1	0
4086	86	40	10839	17	1	0
4087	87	40	16965	17	1	0
4088	88	40	7409	17	1	0
4089	89	40	19325	17	1	0
4090	90	40	3936	17	1	0
4091	91	40	9285	17	1	0
4092	92	40	12562	17	1	0
4093	93	40	13790	17	1	0
4094	94	40	15420	17	1	0
4095	95	40	11529	17	0	1
4096	96	40	5272	17	0	1
4097	97	40	5947	17	0	0
4098	98	40	4819	17	0	0
4099	99	40	5540	17	0	2
4100	0	41	17193	17	2	2
4101	1	41	7732	17	2	2
4102	2	41	584	17	2	2
4103	3	41	349	17	2	2
4104	4	41	17543	17	2	2
4105	5	41	18100	17	2	2
4106	6	41	15186	17	2	1
4107	7	41	13329	17	2	1
4108	8	41	10014	17	2	1
4109	9	41	7208	17	2	0
4110	10	41	7412	17	2	0
4111	11	41	19504	17	2	0
4112	12	41	10603	17	2	0
4113	13	41	11834	17	2	0
4114	14	41	8451	17	2	0
4115	15	41	17744	17	2	0
4116	16	41	9227	17	2	0
4117	17	41	11773	17	2	0
4118	18	41	19697	17	2	0
4119	19	41	4737	17	2	0
4120	20	41	17128	17	2	0
4121	21	41	6038	17	1	3
4122	22	41	4228	17	1	3
4123	23	41	18704	17	1	3
4124	24	41	11547	17	1	2
4125	25	41	5836	17	1	2
4126	26	41	5308	17	1	2
4127	27	41	11781	17	1	2
4128	28	41	8840	17	1	2
4129	29	41	8236	17	1	2
4130	30	41	1201	17	1	2
4131	31	41	15121	17	1	2
4132	32	41	14532	17	1	2
4133	33	41	8344	17	1	2
4134	34	41	18614	17	1	2
4135	35	41	7253	17	1	2
4136	36	41	17878	17	1	2
4137	37	41	3640	17	1	2
4138	38	41	17835	17	1	2
4139	39	41	15953	17	1	2
4140	40	41	683	17	1	2
4141	41	41	11827	17	1	2
4142	42	41	17795	17	1	2
4143	43	41	2427	17	1	2
4144	44	41	13520	17	1	1
4145	45	41	10742	17	1	1
4146	46	41	10357	17	1	1
4147	47	41	11110	17	1	1
4148	48	41	17274	17	1	1
4149	49	41	5725	17	1	1
4150	50	41	14809	17	1	1
4151	51	41	15126	17	1	1
4152	52	41	4080	17	1	1
4153	53	41	9690	17	1	1
4154	54	41	1135	17	1	1
4155	55	41	17617	17	1	1
4156	56	41	6990	17	1	1
4157	57	41	6090	17	1	1
4158	58	41	10039	17	1	1
4159	59	41	19511	17	1	1
4160	60	41	15581	17	1	1
4161	61	41	13164	17	1	1
4162	62	41	2963	17	1	0
4163	63	41	9997	17	1	0
4164	64	41	11128	17	1	0
4165	65	41	11411	17	1	0
4166	66	41	12296	17	1	0
4167	67	41	12705	17	1	0
4168	68	41	15415	17	1	0
4169	69	41	17504	17	1	0
4170	70	41	11389	17	1	0
4171	71	41	16397	17	1	0
4172	72	41	14968	17	1	0
4173	73	41	5630	17	1	0
4174	74	41	19593	17	1	0
4175	75	41	19311	17	1	0
4176	76	41	5653	17	1	0
4177	77	41	8566	17	1	0
4178	78	41	7692	17	1	0
4179	79	41	16426	17	1	0
4180	80	41	7693	17	1	0
4181	81	41	16573	17	1	0
4182	82	41	12804	17	1	0
4183	83	41	16421	17	1	0
4184	84	41	17949	17	1	0
4185	85	41	18185	17	1	0
4186	86	41	4755	17	1	0
4187	87	41	3747	17	1	0
4188	88	41	5378	17	1	0
4189	89	41	17364	17	1	0
4190	90	41	10659	17	1	0
4191	91	41	2429	17	1	0
4192	92	41	5031	17	0	2
4193	93	41	5840	17	0	1
4194	94	41	10884	17	0	1
4195	95	41	4031	17	0	0
4196	96	41	5479	17	0	0
4197	97	41	6278	17	0	0
4198	98	41	3010	17	0	0
4199	99	41	4966	17	0	2
4200	0	42	10856	17	2	3
4201	1	42	10854	17	2	2
4202	2	42	495	17	2	2
4203	3	42	6902	17	2	2
4204	4	42	2816	17	2	2
4205	5	42	694	17	2	2
4206	6	42	17106	17	2	2
4207	7	42	14692	17	2	1
4208	8	42	13823	17	2	1
4209	9	42	1560	17	2	1
4210	10	42	10331	17	2	1
4211	11	42	9563	17	2	1
4212	12	42	9838	17	2	1
4213	13	42	13015	17	2	0
4214	14	42	7278	17	2	0
4215	15	42	4425	17	2	0
4216	16	42	7831	17	2	0
4217	17	42	14616	17	2	0
4218	18	42	17207	17	2	0
4219	19	42	7123	17	2	0
4220	20	42	17866	17	2	0
4221	21	42	18333	17	1	3
4222	22	42	1693	17	1	3
4223	23	42	4042	17	1	3
4224	24	42	14558	17	1	3
4225	25	42	15310	17	1	3
4226	26	42	1964	17	1	2
4227	27	42	8296	17	1	2
4228	28	42	12099	17	1	2
4229	29	42	14086	17	1	2
4230	30	42	18975	17	1	2
4231	31	42	13232	17	1	2
4232	32	42	7410	17	1	2
4233	33	42	3476	17	1	2
4234	34	42	18575	17	1	2
4235	35	42	3807	17	1	2
4236	36	42	15439	17	1	2
4237	37	42	16574	17	1	2
4238	38	42	10642	17	1	2
4239	39	42	8466	17	1	2
4240	40	42	19428	17	1	2
4241	41	42	8925	17	1	2
4242	42	42	538	17	1	2
4243	43	42	3700	17	1	2
4244	44	42	6627	17	1	2
4245	45	42	7427	17	1	2
4246	46	42	1112	17	1	2
4247	47	42	19139	17	1	2
4248	48	42	2929	17	1	1
4249	49	42	3749	17	1	1
4250	50	42	12033	17	1	1
4251	51	42	7521	17	1	1
4252	52	42	7418	17	1	1
4253	53	42	7468	17	1	1
4254	54	42	18291	17	1	1
4255	55	42	8350	17	1	1
4256	56	42	18459	17	1	1
4257	57	42	17871	17	1	1
4258	58	42	6036	17	1	1
4259	59	42	18229	17	1	1
4260	60	42	948	17	1	1
4261	61	42	16306	17	1	1
4262	62	42	5312	17	1	1
4263	63	42	3539	17	1	1
4264	64	42	14091	17	1	1
4265	65	42	2402	17	1	1
4266	66	42	7942	17	1	1
4267	67	42	8174	17	1	1
4268	68	42	9358	17	1	1
4269	69	42	12506	17	1	1
4270	70	42	3846	17	1	1
4271	71	42	4826	17	1	1
4272	72	42	13526	17	1	1
4273	73	42	2449	17	1	0
4274	74	42	6938	17	1	0
4275	75	42	10320	17	1	0
4276	76	42	15998	17	1	0
4277	77	42	15675	17	1	0
4278	78	42	19358	17	1	0
4279	79	42	17475	17	1	0
4280	80	42	18309	17	1	0
4281	81	42	8888	17	1	0
4282	82	42	7344	17	1	0
4283	83	42	15829	17	1	0
4284	84	42	9932	17	1	0
4285	85	42	3286	17	1	0
4286	86	42	17661	17	1	0
4287	87	42	1725	17	1	0
4288	88	42	14138	17	1	0
4289	89	42	14957	17	1	0
4290	90	42	10176	17	1	0
4291	91	42	3778	17	1	0
4292	92	42	6678	17	1	0
4293	93	42	12467	17	1	0
4294	94	42	18890	17	1	0
4295	95	42	6930	17	1	0
4296	96	42	2259	17	0	2
4297	97	42	10466	17	0	2
4298	98	42	14541	17	0	0
4299	99	42	2272	17	0	0
4300	0	43	9664	17	2	3
4301	1	43	7353	17	2	2
4302	2	43	14044	17	2	2
4303	3	43	1556	17	2	2
4304	4	43	3419	17	2	2
4305	5	43	8443	17	2	2
4306	6	43	16788	17	2	2
4307	7	43	17715	17	2	2
4308	8	43	2016	17	2	2
4309	9	43	5806	17	2	2
4310	10	43	3331	17	2	1
4311	11	43	5854	17	2	1
4312	12	43	2772	17	2	1
4313	13	43	9471	17	2	1
4314	14	43	13899	17	2	0
4315	15	43	8291	17	2	0
4316	16	43	6880	17	2	0
4317	17	43	15945	17	2	0
4318	18	43	18427	17	2	0
4319	19	43	10065	17	2	0
4320	20	43	7993	17	2	0
4321	21	43	16371	17	2	0
4322	22	43	10221	17	2	0
4323	23	43	9559	17	2	0
4324	24	43	15645	17	1	3
4325	25	43	19782	17	1	3
4326	26	43	4293	17	1	3
4327	27	43	10970	17	1	3
4328	28	43	11392	17	1	3
4329	29	43	9092	17	1	2
4330	30	43	13955	17	1	2
4331	31	43	18432	17	1	2
4332	32	43	19910	17	1	2
4333	33	43	3194	17	1	2
4334	34	43	3651	17	1	2
4335	35	43	10632	17	1	2
4336	36	43	14136	17	1	2
4337	37	43	16062	17	1	2
4338	38	43	316	17	1	2
4339	39	43	14845	17	1	2
4340	40	43	6061	17	1	2
4341	41	43	6361	17	1	2
4342	42	43	17655	17	1	2
4343	43	43	4101	17	1	2
4344	44	43	9459	17	1	2
4345	45	43	19914	17	1	2
4346	46	43	17599	17	1	2
4347	47	43	15854	17	1	2
4348	48	43	7919	17	1	2
4349	49	43	7923	17	1	1
4350	50	43	11689	17	1	1
4351	51	43	12035	17	1	1
4352	52	43	16881	17	1	1
4353	53	43	3678	17	1	1
4354	54	43	12734	17	1	1
4355	55	43	2052	17	1	1
4356	56	43	6073	17	1	1
4357	57	43	7579	17	1	1
4358	58	43	13384	17	1	1
4359	59	43	14119	17	1	1
4360	60	43	16515	17	1	1
4361	61	43	18774	17	1	1
4362	62	43	14840	17	1	1
4363	63	43	10733	17	1	1
4364	64	43	14245	17	1	1
4365	65	43	13047	17	1	1
4366	66	43	12751	17	1	0
4367	67	43	17869	17	1	0
4368	68	43	15551	17	1	0
4369	69	43	11265	17	1	0
4370	70	43	8317	17	1	0
4371	71	43	1676	17	1	0
4372	72	43	15399	17	1	0
4373	73	43	19072	17	1	0
4374	74	43	15214	17	1	0
4375	75	43	17854	17	1	0
4376	76	43	2749	17	1	0
4377	77	43	11953	17	1	0
4378	78	43	3577	17	1	0
4379	79	43	3794	17	1	0
4380	80	43	6238	17	1	0
4381	81	43	15564	17	1	0
4382	82	43	6593	17	1	0
4383	83	43	10837	17	1	0
4384	84	43	15761	17	1	0
4385	85	43	16779	17	1	0
4386	86	43	11439	17	1	0
4387	87	43	18004	17	1	0
4388	88	43	18016	17	1	0
4389	89	43	16947	17	1	0
4390	90	43	17628	17	1	0
4391	91	43	18433	17	1	0
4392	92	43	19473	17	1	0
4393	93	43	17879	17	1	0
4394	94	43	15627	17	1	0
4395	95	43	16848	17	1	0
4396	96	43	5038	17	0	2
4397	97	43	4057	17	0	0
4398	98	43	5772	17	0	0
4399	99	43	4094	17	0	0
4400	0	44	17341	17	2	2
4401	1	44	5300	17	2	2
4402	2	44	19972	17	2	2
4403	3	44	9919	17	2	2
4404	4	44	9089	17	2	2
4405	5	44	12834	17	2	2
4406	6	44	9468	17	2	2
4407	7	44	7448	17	2	1
4408	8	44	13813	17	2	0
4409	9	44	15392	17	2	0
4410	10	44	7834	17	2	0
4411	11	44	11311	17	2	0
4412	12	44	19109	17	2	0
4413	13	44	17299	17	2	0
4414	14	44	17387	17	2	0
4415	15	44	13839	17	1	3
4416	16	44	16413	17	1	2
4417	17	44	5490	17	1	2
4418	18	44	9626	17	1	2
4419	19	44	18854	17	1	2
4420	20	44	4873	17	1	2
4421	21	44	6748	17	1	2
4422	22	44	6884	17	1	2
4423	23	44	9722	17	1	2
4424	24	44	10290	17	1	2
4425	25	44	19823	17	1	2
4426	26	44	17865	17	1	2
4427	27	44	18898	17	1	2
4428	28	44	1866	17	1	2
4429	29	44	1992	17	1	2
4430	30	44	5346	17	1	2
4431	31	44	16856	17	1	2
4432	32	44	7192	17	1	1
4433	33	44	11835	17	1	1
4434	34	44	16378	17	1	1
4435	35	44	19003	17	1	1
4436	36	44	8985	17	1	1
4437	37	44	8151	17	1	1
4438	38	44	9541	17	1	1
4439	39	44	11151	17	1	1
4440	40	44	17784	17	1	1
4441	41	44	3684	17	1	1
4442	42	44	9943	17	1	1
4443	43	44	18279	17	1	1
4444	44	44	16402	17	1	1
4445	45	44	7097	17	1	1
4446	46	44	8171	17	1	1
4447	47	44	6057	17	1	1
4448	48	44	18377	17	1	1
4449	49	44	3385	17	1	1
4450	50	44	8170	17	1	1
4451	51	44	11129	17	1	1
4452	52	44	19412	17	1	1
4453	53	44	8511	17	1	1
4454	54	44	1288	17	1	0
4455	55	44	6404	17	1	0
4456	56	44	7944	17	1	0
4457	57	44	15083	17	1	0
4458	58	44	16709	17	1	0
4459	59	44	6794	17	1	0
4460	60	44	14886	17	1	0
4461	61	44	3041	17	1	0
4462	62	44	8334	17	1	0
4463	63	44	3650	17	1	0
4464	64	44	2068	17	1	0
4465	65	44	10473	17	1	0
4466	66	44	15502	17	1	0
4467	67	44	11791	17	1	0
4468	68	44	15791	17	1	0
4469	69	44	7540	17	1	0
4470	70	44	12086	17	1	0
4471	71	44	10552	17	1	0
4472	72	44	2771	17	1	0
4473	73	44	5843	17	1	0
4474	74	44	11754	17	1	0
4475	75	44	12434	17	1	0
4476	76	44	12741	17	1	0
4477	77	44	13746	17	1	0
4478	78	44	16466	17	1	0
4479	79	44	13104	17	1	0
4480	80	44	15463	17	1	0
4481	81	44	11873	17	1	0
4482	82	44	17650	17	1	0
4483	83	44	14374	17	1	0
4484	84	44	6795	17	1	0
4485	85	44	2453	17	1	0
4486	86	44	3948	17	1	0
4487	87	44	3949	17	1	0
4488	88	44	10761	17	1	0
4489	89	44	12887	17	1	0
4490	90	44	16130	17	1	0
4491	91	44	16646	17	1	0
4492	92	44	14407	17	1	0
4493	93	44	8231	17	1	0
4494	94	44	4593	17	0	2
4495	95	44	6656	17	0	2
4496	96	44	5760	17	0	2
4497	97	44	4691	17	0	1
4498	98	44	5536	17	0	0
4499	99	44	3169	17	0	0
4500	0	45	7863	17	2	2
4501	1	45	19748	17	2	2
4502	2	45	16626	17	2	2
4503	3	45	8642	17	2	2
4504	4	45	16809	17	2	2
4505	5	45	17526	17	2	2
4506	6	45	10978	17	2	2
4507	7	45	8770	17	2	2
4508	8	45	9288	17	2	1
4509	9	45	18010	17	2	0
4510	10	45	18056	17	2	0
4511	11	45	1683	17	2	0
4512	12	45	15228	17	2	0
4513	13	45	12494	17	2	0
4514	14	45	7820	17	2	0
4515	15	45	7125	17	2	0
4516	16	45	15509	17	2	0
4517	17	45	15146	17	2	0
4518	18	45	5279	17	1	3
4519	19	45	13218	17	1	3
4520	20	45	15676	17	1	3
4521	21	45	17430	17	1	3
4522	22	45	5385	17	1	2
4523	23	45	2871	17	1	2
4524	24	45	9286	17	1	2
4525	25	45	19930	17	1	2
4526	26	45	13552	17	1	2
4527	27	45	6699	17	1	2
4528	28	45	13516	17	1	2
4529	29	45	15612	17	1	2
4530	30	45	7100	17	1	2
4531	31	45	2455	17	1	2
4532	32	45	14884	17	1	2
4533	33	45	19221	17	1	2
4534	34	45	3497	17	1	2
4535	35	45	3574	17	1	2
4536	36	45	5345	17	1	2
4537	37	45	18536	17	1	2
4538	38	45	2028	17	1	2
4539	39	45	14410	17	1	2
4540	40	45	14411	17	1	2
4541	41	45	650	17	1	2
4542	42	45	9464	17	1	2
4543	43	45	3145	17	1	2
4544	44	45	9335	17	1	1
4545	45	45	1949	17	1	1
4546	46	45	1162	17	1	1
4547	47	45	12940	17	1	1
4548	48	45	15261	17	1	1
4549	49	45	15501	17	1	1
4550	50	45	7252	17	1	1
4551	51	45	14932	17	1	1
4552	52	45	17611	17	1	1
4553	53	45	9108	17	1	1
4554	54	45	14409	17	1	1
4555	55	45	8694	17	1	1
4556	56	45	6614	17	1	1
4557	57	45	1583	17	1	1
4558	58	45	13069	17	1	1
4559	59	45	6512	17	1	1
4560	60	45	9928	17	1	1
4561	61	45	9691	17	1	1
4562	62	45	15305	17	1	1
4563	63	45	15852	17	1	1
4564	64	45	17373	17	1	1
4565	65	45	18851	17	1	0
4566	66	45	18143	17	1	0
4567	67	45	12080	17	1	0
4568	68	45	12179	17	1	0
4569	69	45	13382	17	1	0
4570	70	45	8021	17	1	0
4571	71	45	18580	17	1	0
4572	72	45	6467	17	1	0
4573	73	45	5365	17	1	0
4574	74	45	16401	17	1	0
4575	75	45	10844	17	1	0
4576	76	45	19799	17	1	0
4577	77	45	10247	17	1	0
4578	78	45	16655	17	1	0
4579	79	45	10810	17	1	0
4580	80	45	15674	17	1	0
4581	81	45	18671	17	1	0
4582	82	45	8696	17	1	0
4583	83	45	11391	17	1	0
4584	84	45	9306	17	1	0
4585	85	45	17464	17	1	0
4586	86	45	509	17	1	0
4587	87	45	7523	17	1	0
4588	88	45	8185	17	1	0
4589	89	45	16364	17	1	0
4590	90	45	14577	17	1	0
4591	91	45	10140	17	1	0
4592	92	45	15677	17	1	0
4593	93	45	1669	17	0	2
4594	94	45	2553	17	0	2
4595	95	45	5938	17	0	2
4596	96	45	5474	17	0	0
4597	97	45	4935	17	0	0
4598	98	45	5583	17	0	0
4599	99	45	19758	17	0	2
4600	0	46	717	17	2	2
4601	1	46	995	17	2	2
4602	2	46	7864	17	2	2
4603	3	46	19333	17	2	2
4604	4	46	13729	17	2	2
4605	5	46	13059	17	2	2
4606	6	46	16828	17	2	2
4607	7	46	15511	17	2	2
4608	8	46	3407	17	2	2
4609	9	46	8152	17	2	1
4610	10	46	14317	17	2	1
4611	11	46	8153	17	2	1
4612	12	46	11824	17	2	1
4613	13	46	10455	17	2	1
4614	14	46	19147	17	2	1
4615	15	46	10738	17	2	0
4616	16	46	10388	17	2	0
4617	17	46	7543	17	2	0
4618	18	46	17971	17	2	0
4619	19	46	12387	17	1	2
4620	20	46	7394	17	1	2
4621	21	46	1897	17	1	2
4622	22	46	4823	17	1	2
4623	23	46	17296	17	1	2
4624	24	46	17739	17	1	2
4625	25	46	342	17	1	2
4626	26	46	6946	17	1	2
4627	27	46	12550	17	1	2
4628	28	46	10887	17	1	2
4629	29	46	17738	17	1	2
4630	30	46	14835	17	1	2
4631	31	46	2686	17	1	2
4632	32	46	13233	17	1	2
4633	33	46	440	17	1	2
4634	34	46	958	17	1	2
4635	35	46	1991	17	1	2
4636	36	46	3033	17	1	2
4637	37	46	654	17	1	2
4638	38	46	10095	17	1	2
4639	39	46	3209	17	1	2
4640	40	46	11660	17	1	2
4641	41	46	5344	17	1	2
4642	42	46	9958	17	1	2
4643	43	46	2403	17	1	1
4644	44	46	17889	17	1	1
4645	45	46	13521	17	1	1
4646	46	46	17851	17	1	1
4647	47	46	17852	17	1	1
4648	48	46	17231	17	1	1
4649	49	46	19868	17	1	1
4650	50	46	19691	17	1	1
4651	51	46	17439	17	1	1
4652	52	46	2728	17	1	1
4653	53	46	3243	17	1	1
4654	54	46	10219	17	1	1
4655	55	46	18621	17	1	1
4656	56	46	8799	17	1	1
4657	57	46	14697	17	1	1
4658	58	46	2426	17	1	1
4659	59	46	11034	17	1	1
4660	60	46	16486	17	1	1
4661	61	46	19531	17	1	0
4662	62	46	7445	17	1	0
4663	63	46	19515	17	1	0
4664	64	46	7998	17	1	0
4665	65	46	15673	17	1	0
4666	66	46	3266	17	1	0
4667	67	46	2765	17	1	0
4668	68	46	19498	17	1	0
4669	69	46	11511	17	1	0
4670	70	46	7734	17	1	0
4671	71	46	18622	17	1	0
4672	72	46	10334	17	1	0
4673	73	46	10024	17	1	0
4674	74	46	3076	17	1	0
4675	75	46	5659	17	1	0
4676	76	46	17007	17	1	0
4677	77	46	11991	17	1	0
4678	78	46	7588	17	1	0
4679	79	46	8887	17	1	0
4680	80	46	18582	17	1	0
4681	81	46	1977	17	1	0
4682	82	46	18274	17	1	0
4683	83	46	12856	17	1	0
4684	84	46	17048	17	1	0
4685	85	46	12921	17	1	0
4686	86	46	19403	17	1	0
4687	87	46	1832	17	1	0
4688	88	46	13149	17	1	0
4689	89	46	6715	17	1	0
4690	90	46	11987	17	1	0
4691	91	46	19885	17	1	0
4692	92	46	18035	17	1	0
4693	93	46	9328	17	1	0
4694	94	46	3042	17	0	2
4695	95	46	5521	17	0	2
4696	96	46	6629	17	0	1
4697	97	46	6767	17	0	1
4698	98	46	15333	17	0	0
4699	99	46	92	17	0	2
4700	0	47	17541	17	2	2
4701	1	47	11167	17	2	2
4702	2	47	483	17	2	2
4703	3	47	11222	17	2	2
4704	4	47	12569	17	2	2
4705	5	47	16710	17	2	2
4706	6	47	7223	17	2	2
4707	7	47	9009	17	2	2
4708	8	47	19596	17	2	2
4709	9	47	1066	17	2	1
4710	10	47	17120	17	2	1
4711	11	47	829	17	2	1
4712	12	47	4155	17	2	1
4713	13	47	16358	17	2	1
4714	14	47	14400	17	2	0
4715	15	47	19266	17	2	0
4716	16	47	16514	17	2	0
4717	17	47	6376	17	2	0
4718	18	47	9560	17	2	0
4719	19	47	13512	17	2	0
4720	20	47	18856	17	2	0
4721	21	47	6696	17	2	0
4722	22	47	16734	17	2	0
4723	23	47	18058	17	1	2
4724	24	47	1642	17	1	2
4725	25	47	3725	17	1	2
4726	26	47	11382	17	1	2
4727	27	47	16223	17	1	2
4728	28	47	19019	17	1	2
4729	29	47	19116	17	1	2
4730	30	47	9051	17	1	2
4731	31	47	7602	17	1	2
4732	32	47	8060	17	1	2
4733	33	47	19692	17	1	2
4734	34	47	6088	17	1	2
4735	35	47	588	17	1	2
4736	36	47	17643	17	1	2
4737	37	47	4320	17	1	2
4738	38	47	4321	17	1	2
4739	39	47	6201	17	1	2
4740	40	47	2887	17	1	2
4741	41	47	16425	17	1	2
4742	42	47	17677	17	1	2
4743	43	47	2364	17	1	2
4744	44	47	7754	17	1	1
4745	45	47	12009	17	1	1
4746	46	47	11837	17	1	1
4747	47	47	8858	17	1	1
4748	48	47	3107	17	1	1
4749	49	47	2057	17	1	1
4750	50	47	16335	17	1	1
4751	51	47	7167	17	1	1
4752	52	47	3454	17	1	1
4753	53	47	9053	17	1	1
4754	54	47	1161	17	1	1
4755	55	47	18251	17	1	1
4756	56	47	14241	17	1	1
4757	57	47	12149	17	1	0
4758	58	47	13070	17	1	0
4759	59	47	8772	17	1	0
4760	60	47	10233	17	1	0
4761	61	47	16204	17	1	0
4762	62	47	19438	17	1	0
4763	63	47	19374	17	1	0
4764	64	47	1296	17	1	0
4765	65	47	6336	17	1	0
4766	66	47	11935	17	1	0
4767	67	47	13974	17	1	0
4768	68	47	19242	17	1	0
4769	69	47	16253	17	1	0
4770	70	47	11300	17	1	0
4771	71	47	16485	17	1	0
4772	72	47	16630	17	1	0
4773	73	47	3105	17	1	0
4774	74	47	15703	17	1	0
4775	75	47	12542	17	1	0
4776	76	47	16831	17	1	0
4777	77	47	12994	17	1	0
4778	78	47	8194	17	1	0
4779	79	47	19540	17	1	0
4780	80	47	16718	17	1	0
4781	81	47	18906	17	1	0
4782	82	47	18691	17	1	0
4783	83	47	13733	17	1	0
4784	84	47	17367	17	1	0
4785	85	47	11037	17	1	0
4786	86	47	7338	17	1	0
4787	87	47	18448	17	1	0
4788	88	47	12271	17	1	0
4789	89	47	13061	17	1	0
4790	90	47	7524	17	1	0
4791	91	47	15884	17	1	0
4792	92	47	7703	17	1	0
4793	93	47	7563	17	1	0
4794	94	47	4483	17	0	2
4795	95	47	5526	17	0	2
4796	96	47	2367	17	0	2
4797	97	47	5276	17	0	1
4798	98	47	5894	17	0	1
4799	99	47	6083	17	0	0
4800	0	48	6823	17	2	2
4801	1	48	10119	17	2	2
4802	2	48	16259	17	2	2
4803	3	48	11185	17	2	2
4804	4	48	11740	17	2	2
4805	5	48	9737	17	2	1
4806	6	48	8596	17	2	1
4807	7	48	13789	17	2	1
4808	8	48	17803	17	2	1
4809	9	48	11776	17	2	1
4810	10	48	17300	17	2	1
4811	11	48	9229	17	2	1
4812	12	48	3480	17	2	1
4813	13	48	11585	17	2	0
4814	14	48	6518	17	2	0
4815	15	48	19641	17	2	0
4816	16	48	9683	17	2	0
4817	17	48	11302	17	2	0
4818	18	48	11820	17	2	0
4819	19	48	14186	17	2	0
4820	20	48	2560	17	1	3
4821	21	48	502	17	1	2
4822	22	48	12402	17	1	2
4823	23	48	2648	17	1	2
4824	24	48	18537	17	1	2
4825	25	48	3177	17	1	2
4826	26	48	5117	17	1	2
4827	27	48	14030	17	1	2
4828	28	48	6237	17	1	2
4829	29	48	1576	17	1	2
4830	30	48	344	17	1	2
4831	31	48	772	17	1	2
4832	32	48	4014	17	1	2
4833	33	48	18947	17	1	2
4834	34	48	7665	17	1	2
4835	35	48	2092	17	1	2
4836	36	48	7564	17	1	2
4837	37	48	9189	17	1	1
4838	38	48	14687	17	1	1
4839	39	48	1737	17	1	1
4840	40	48	16679	17	1	1
4841	41	48	11114	17	1	1
4842	42	48	11115	17	1	1
4843	43	48	15280	17	1	1
4844	44	48	8987	17	1	1
4845	45	48	7498	17	1	1
4846	46	48	1815	17	1	1
4847	47	48	19693	17	1	1
4848	48	48	5613	17	1	1
4849	49	48	13335	17	1	1
4850	50	48	6870	17	1	1
4851	51	48	18456	17	1	1
4852	52	48	18618	17	1	1
4853	53	48	6063	17	1	1
4854	54	48	12809	17	1	1
4855	55	48	15630	17	1	1
4856	56	48	13709	17	1	1
4857	57	48	2883	17	1	1
4858	58	48	3104	17	1	1
4859	59	48	14839	17	1	1
4860	60	48	942	17	1	1
4861	61	48	7317	17	1	1
4862	62	48	15583	17	1	1
4863	63	48	4449	17	1	1
4864	64	48	16754	17	1	1
4865	65	48	13708	17	1	1
4866	66	48	16489	17	1	1
4867	67	48	15361	17	1	1
4868	68	48	17505	17	1	0
4869	69	48	17576	17	1	0
4870	70	48	12509	17	1	0
4871	71	48	18829	17	1	0
4872	72	48	11669	17	1	0
4873	73	48	2942	17	1	0
4874	74	48	14915	17	1	0
4875	75	48	3981	17	1	0
4876	76	48	3050	17	1	0
4877	77	48	12200	17	1	0
4878	78	48	12169	17	1	0
4879	79	48	7536	17	1	0
4880	80	48	17377	17	1	0
4881	81	48	9877	17	1	0
4882	82	48	7962	17	1	0
4883	83	48	19510	17	1	0
4884	84	48	4256	17	1	0
4885	85	48	9179	17	1	0
4886	86	48	6211	17	1	0
4887	87	48	9967	17	1	0
4888	88	48	7265	17	1	0
4889	89	48	8347	17	1	0
4890	90	48	9654	17	1	0
4891	91	48	2371	17	1	0
4892	92	48	6186	17	0	2
4893	93	48	4026	17	0	2
4894	94	48	6154	17	0	1
4895	95	48	6570	17	0	1
4896	96	48	11116	17	0	0
4897	97	48	5765	17	0	0
4898	98	48	5085	17	0	0
4899	99	48	8129	17	0	2
4900	0	49	899	17	2	2
4901	1	49	9916	17	2	2
4902	2	49	14147	17	2	2
4903	3	49	17039	17	2	2
4904	4	49	11188	17	2	1
4905	5	49	7450	17	2	1
4906	6	49	17266	17	2	1
4907	7	49	15989	17	2	1
4908	8	49	10104	17	2	1
4909	9	49	19957	17	2	1
4910	10	49	16822	17	2	1
4911	11	49	10410	17	2	1
4912	12	49	19225	17	2	1
4913	13	49	1656	17	2	1
4914	14	49	2546	17	2	1
4915	15	49	11828	17	2	0
4916	16	49	7458	17	2	0
4917	17	49	7827	17	2	0
4918	18	49	19391	17	2	0
4919	19	49	8633	17	2	0
4920	20	49	7215	17	2	0
4921	21	49	13997	17	2	0
4922	22	49	8495	17	2	0
4923	23	49	9661	17	2	0
4924	24	49	13457	17	2	0
4925	25	49	7157	17	2	0
4926	26	49	615	17	1	2
4927	27	49	10211	17	1	2
4928	28	49	10212	17	1	2
4929	29	49	4440	17	1	2
4930	30	49	51	17	1	2
4931	31	49	8833	17	1	2
4932	32	49	3710	17	1	2
4933	33	49	747	17	1	2
4934	34	49	6306	17	1	2
4935	35	49	13607	17	1	2
4936	36	49	1825	17	1	2
4937	37	49	9956	17	1	2
4938	38	49	2502	17	1	2
4939	39	49	13972	17	1	2
4940	40	49	3916	17	1	2
4941	41	49	4299	17	1	2
4942	42	49	12848	17	1	2
4943	43	49	3599	17	1	2
4944	44	49	3600	17	1	2
4945	45	49	15033	17	1	2
4946	46	49	2380	17	1	2
4947	47	49	17258	17	1	1
4948	48	49	8870	17	1	1
4949	49	49	6681	17	1	1
4950	50	49	9975	17	1	1
4951	51	49	7429	17	1	1
4952	52	49	8000	17	1	1
4953	53	49	17378	17	1	1
4954	54	49	18037	17	1	1
4955	55	49	11043	17	1	1
4956	56	49	10834	17	1	1
4957	57	49	4951	17	1	1
4958	58	49	7803	17	1	1
4959	59	49	905	17	1	1
4960	60	49	15807	17	1	1
4961	61	49	15456	17	1	1
4962	62	49	9349	17	1	1
4963	63	49	3587	17	1	1
4964	64	49	10458	17	1	0
4965	65	49	2428	17	1	0
4966	66	49	8200	17	1	0
4967	67	49	17129	17	1	0
4968	68	49	14117	17	1	0
4969	69	49	11042	17	1	0
4970	70	49	2660	17	1	0
4971	71	49	5218	17	1	0
4972	72	49	16727	17	1	0
4973	73	49	11001	17	1	0
4974	74	49	16488	17	1	0
4975	75	49	11322	17	1	0
4976	76	49	15080	17	1	0
4977	77	49	15314	17	1	0
4978	78	49	15299	17	1	0
4979	79	49	18106	17	1	0
4980	80	49	15522	17	1	0
4981	81	49	8964	17	1	0
4982	82	49	13089	17	1	0
4983	83	49	18800	17	1	0
4984	84	49	12027	17	1	0
4985	85	49	9610	17	1	0
4986	86	49	15364	17	1	0
4987	87	49	16329	17	1	0
4988	88	49	1755	17	1	0
4989	89	49	11369	17	1	0
4990	90	49	2802	17	1	0
4991	91	49	7763	17	1	0
4992	92	49	4609	17	0	2
4993	93	49	4450	17	0	2
4994	94	49	9066	17	0	2
4995	95	49	6076	17	0	1
4996	96	49	6097	17	0	0
4997	97	49	5248	17	0	0
4998	98	49	6176	17	0	0
4999	99	49	3686	17	0	1
5000	0	50	14130	17	2	2
5001	1	50	11902	17	2	2
5002	2	50	14848	17	2	2
5003	3	50	10728	17	2	2
5004	4	50	605	17	2	2
5005	5	50	7459	17	2	2
5006	6	50	7235	17	2	2
5007	7	50	10205	17	2	1
5008	8	50	10546	17	2	1
5009	9	50	1134	17	2	1
5010	10	50	12863	17	2	1
5011	11	50	14053	17	2	1
5012	12	50	15187	17	2	1
5013	13	50	15202	17	2	0
5014	14	50	19824	17	2	0
5015	15	50	11792	17	2	0
5016	16	50	5622	17	2	0
5017	17	50	9061	17	2	0
5018	18	50	6382	17	2	0
5019	19	50	8654	17	1	3
5020	20	50	11305	17	1	2
5021	21	50	12127	17	1	2
5022	22	50	3506	17	1	2
5023	23	50	11915	17	1	2
5024	24	50	15997	17	1	2
5025	25	50	10175	17	1	2
5026	26	50	3044	17	1	2
5027	27	50	369	17	1	2
5028	28	50	5375	17	1	2
5029	29	50	5376	17	1	2
5030	30	50	5377	17	1	2
5031	31	50	7801	17	1	2
5032	32	50	15257	17	1	2
5033	33	50	15104	17	1	2
5034	34	50	3043	17	1	2
5035	35	50	12939	17	1	2
5036	36	50	2536	17	1	2
5037	37	50	9119	17	1	2
5038	38	50	17900	17	1	2
5039	39	50	3708	17	1	2
5040	40	50	17085	17	1	2
5041	41	50	594	17	1	2
5042	42	50	6915	17	1	1
5043	43	50	19650	17	1	1
5044	44	50	17674	17	1	1
5045	45	50	6478	17	1	1
5046	46	50	10621	17	1	1
5047	47	50	8312	17	1	1
5048	48	50	10606	17	1	1
5049	49	50	18918	17	1	1
5050	50	50	10526	17	1	1
5051	51	50	17513	17	1	1
5052	52	50	16560	17	1	1
5053	53	50	14021	17	1	1
5054	54	50	12783	17	1	1
5055	55	50	8993	17	1	1
5056	56	50	11237	17	1	1
5057	57	50	14028	17	1	1
5058	58	50	12031	17	1	1
5059	59	50	17269	17	1	1
5060	60	50	3344	17	1	1
5061	61	50	1677	17	1	0
5062	62	50	8292	17	1	0
5063	63	50	19227	17	1	0
5064	64	50	6818	17	1	0
5065	65	50	2388	17	1	0
5066	66	50	6330	17	1	0
5067	67	50	15993	17	1	0
5068	68	50	13826	17	1	0
5069	69	50	4574	17	1	0
5070	70	50	2071	17	1	0
5071	71	50	7802	17	1	0
5072	72	50	13522	17	1	0
5073	73	50	7861	17	1	0
5074	74	50	16609	17	1	0
5075	75	50	5856	17	1	0
5076	76	50	11698	17	1	0
5077	77	50	9643	17	1	0
5078	78	50	1644	17	1	0
5079	79	50	10905	17	1	0
5080	80	50	12529	17	1	0
5081	81	50	16496	17	1	0
5082	82	50	8904	17	1	0
5083	83	50	12575	17	1	0
5084	84	50	15050	17	1	0
5085	85	50	5405	17	1	0
5086	86	50	13403	17	1	0
5087	87	50	18919	17	1	0
5088	88	50	3541	17	1	0
5089	89	50	19185	17	1	0
5090	90	50	11104	17	1	0
5091	91	50	6603	17	1	0
5092	92	50	6174	17	0	2
5093	93	50	3277	17	0	2
5094	94	50	2492	17	0	1
5095	95	50	6249	17	0	0
5096	96	50	5802	17	0	0
5097	97	50	5095	17	0	0
5098	98	50	14441	17	0	0
5099	99	50	14974	17	0	0
5100	0	51	10109	17	2	2
5101	1	51	743	17	2	2
5102	2	51	3027	17	2	2
5103	3	51	8920	16	2	2
5104	4	51	17267	16	2	2
5105	5	51	8025	17	2	1
5106	6	51	3813	17	2	1
5107	7	51	1703	16	2	1
5108	8	51	13039	17	2	0
5109	9	51	10402	16	2	0
5110	10	51	1694	16	2	0
5111	11	51	3733	16	2	0
5112	12	51	11894	16	2	0
5113	13	51	4979	16	2	0
5114	14	51	1926	16	2	0
5115	15	51	12622	16	2	0
5116	16	51	3744	16	2	0
5117	17	51	8233	17	1	2
5118	18	51	3001	17	1	2
5119	19	51	2967	17	1	2
5120	20	51	8470	17	1	2
5121	21	51	13380	17	1	2
5122	22	51	16637	17	1	2
5123	23	51	10800	17	1	2
5124	24	51	223	16	1	2
5125	25	51	18243	16	1	2
5126	26	51	3635	16	1	2
5127	27	51	13042	16	1	2
5128	28	51	2316	16	1	2
5129	29	51	7305	16	1	2
5130	30	51	23	16	1	2
5131	31	51	6062	16	1	2
5132	32	51	8934	16	1	2
5133	33	51	6214	16	1	2
5134	34	51	4794	16	1	2
5135	35	51	9841	16	1	2
5136	36	51	12730	16	1	2
5137	37	51	4793	16	1	2
5138	38	51	788	16	1	2
5139	39	51	10323	16	1	2
5140	40	51	5	16	1	2
5141	41	51	9387	16	1	2
5142	42	51	12478	16	1	2
5143	43	51	12479	16	1	2
5144	44	51	9699	16	1	2
5145	45	51	9768	17	1	1
5146	46	51	19946	17	1	1
5147	47	51	10522	17	1	1
5148	48	51	14418	17	1	1
5149	49	51	7875	17	1	1
5150	50	51	7920	17	1	1
5151	51	51	15145	17	1	1
5152	52	51	14567	17	1	1
5153	53	51	14568	17	1	1
5154	54	51	13112	17	1	1
5155	55	51	17482	16	1	1
5156	56	51	19361	16	1	1
5157	57	51	4082	16	1	1
5158	58	51	9621	16	1	1
5159	59	51	16336	16	1	1
5160	60	51	15283	16	1	1
5161	61	51	5926	16	1	1
5162	62	51	19768	16	1	1
5163	63	51	10478	17	1	0
5164	64	51	11360	17	1	0
5165	65	51	12482	17	1	0
5166	66	51	12314	17	1	0
5167	67	51	15924	17	1	0
5168	68	51	9258	17	1	0
5169	69	51	8742	16	1	0
5170	70	51	15981	16	1	0
5171	71	51	10727	16	1	0
5172	72	51	9481	16	1	0
5173	73	51	18705	16	1	0
5174	74	51	12300	16	1	0
5175	75	51	12608	16	1	0
5176	76	51	2305	16	1	0
5177	77	51	19819	16	1	0
5178	78	51	13611	16	1	0
5179	79	51	325	16	1	0
5180	80	51	18376	16	1	0
5181	81	51	18928	16	1	0
5182	82	51	18109	16	1	0
5183	83	51	6017	16	1	0
5184	84	51	14285	16	1	0
5185	85	51	13090	16	1	0
5186	86	51	186	16	0	2
5187	87	51	4748	16	0	2
5188	88	51	4749	16	0	2
5189	89	51	5502	16	0	2
5190	90	51	2696	16	0	2
5191	91	51	6093	16	0	1
5192	92	51	863	16	0	1
5193	93	51	3690	16	0	1
5194	94	51	5131	17	0	0
5195	95	51	14893	16	0	0
5196	96	51	4003	16	0	0
5197	97	51	3305	16	0	0
5198	98	51	5171	16	0	0
5199	99	51	4596	16	0	2
5200	0	52	8273	16	2	3
5201	1	52	7471	16	2	2
5202	2	52	12772	16	2	2
5203	3	52	16550	16	2	2
5204	4	52	1770	16	2	1
5205	5	52	1771	16	2	1
5206	6	52	15041	16	2	1
5207	7	52	10941	16	2	1
5208	8	52	16606	16	2	1
5209	9	52	6843	16	2	1
5210	10	52	17196	16	2	0
5211	11	52	14291	16	2	0
5212	12	52	14292	16	2	0
5213	13	52	8823	16	2	0
5214	14	52	11806	16	2	0
5215	15	52	13619	16	2	0
5216	16	52	16042	16	2	0
5217	17	52	18147	16	2	0
5218	18	52	13071	16	1	3
5219	19	52	9570	16	1	3
5220	20	52	10579	16	1	3
5221	21	52	612	16	1	2
5222	22	52	454	16	1	2
5223	23	52	15099	16	1	2
5224	24	52	5024	16	1	2
5225	25	52	606	16	1	2
5226	26	52	4656	16	1	2
5227	27	52	1180	16	1	2
5228	28	52	3776	16	1	2
5229	29	52	15816	16	1	2
5230	30	52	12586	16	1	2
5231	31	52	781	16	1	2
5232	32	52	17998	16	1	2
5233	33	52	17746	16	1	2
5234	34	52	4288	16	1	2
5235	35	52	4866	16	1	2
5236	36	52	124	16	1	2
5237	37	52	3164	16	1	2
5238	38	52	384	16	1	2
5239	39	52	8282	16	1	2
5240	40	52	403	16	1	2
5241	41	52	431	16	1	2
5242	42	52	4107	16	1	1
5243	43	52	4030	16	1	1
5244	44	52	12029	16	1	1
5245	45	52	5040	16	1	1
5246	46	52	1119	16	1	1
5247	47	52	3369	16	1	1
5248	48	52	13959	16	1	1
5249	49	52	20003	16	1	1
5250	50	52	11100	16	1	1
5251	51	52	1803	16	1	1
5252	52	52	17870	16	1	1
5253	53	52	14421	16	1	1
5254	54	52	13543	16	1	1
5255	55	52	945	16	1	1
5256	56	52	1005	16	1	1
5257	57	52	13105	16	1	0
5258	58	52	1724	16	1	0
5259	59	52	18572	16	1	0
5260	60	52	18631	16	1	0
5261	61	52	19037	16	1	0
5262	62	52	4130	16	1	0
5263	63	52	3222	16	1	0
5264	64	52	3653	16	1	0
5265	65	52	15030	16	1	0
5266	66	52	9103	16	1	0
5267	67	52	17587	16	1	0
5268	68	52	9868	16	1	0
5269	69	52	19237	16	1	0
5270	70	52	8943	16	1	0
5271	71	52	7134	16	1	0
5272	72	52	8537	16	1	0
5273	73	52	10031	16	1	0
5274	74	52	8326	16	1	0
5275	75	52	11026	16	1	0
5276	76	52	12191	16	1	0
5277	77	52	19414	16	1	0
5278	78	52	18150	16	1	0
5279	79	52	16019	16	1	0
5280	80	52	19528	16	1	0
5281	81	52	16925	16	1	0
5282	82	52	6482	16	1	0
5283	83	52	3079	16	1	0
5284	84	52	15970	16	1	0
5285	85	52	11736	16	1	0
5286	86	52	12242	16	1	0
5287	87	52	7176	16	1	0
5288	88	52	19236	16	1	0
5289	89	52	8491	16	1	0
5290	90	52	11903	16	1	0
5291	91	52	12960	16	1	0
5292	92	52	16341	16	1	0
5293	93	52	4959	16	0	2
5294	94	52	6178	16	0	1
5295	95	52	13109	16	0	0
5296	96	52	4283	16	0	0
5297	97	52	5851	16	0	0
5298	98	52	4105	16	0	0
5299	99	52	6072	16	0	0
5300	0	53	7530	16	2	2
5301	1	53	10541	16	2	2
5302	2	53	19084	16	2	2
5303	3	53	11795	16	2	2
5304	4	53	57	16	2	2
5305	5	53	58	16	2	2
5306	6	53	14356	16	2	2
5307	7	53	8430	16	2	2
5308	8	53	9368	16	2	2
5309	9	53	16296	16	2	2
5310	10	53	6781	16	2	1
5311	11	53	13241	16	2	1
5312	12	53	3295	16	2	0
5313	13	53	10649	16	2	0
5314	14	53	15337	16	2	0
5315	15	53	14247	16	2	0
5316	16	53	13279	16	2	0
5317	17	53	17205	16	2	0
5318	18	53	19852	16	2	0
5319	19	53	11980	16	1	3
5320	20	53	12903	16	1	3
5321	21	53	9740	16	1	3
5322	22	53	16318	16	1	3
5323	23	53	12613	16	1	3
5324	24	53	5092	16	1	2
5325	25	53	16791	16	1	2
5326	26	53	8574	16	1	2
5327	27	53	411	16	1	2
5328	28	53	235	16	1	2
5329	29	53	2874	16	1	2
5330	30	53	6847	16	1	2
5331	31	53	264	16	1	2
5332	32	53	17516	16	1	2
5333	33	53	6246	16	1	2
5334	34	53	2082	16	1	2
5335	35	53	15411	16	1	2
5336	36	53	185	16	1	2
5337	37	53	273	16	1	2
5338	38	53	1915	16	1	2
5339	39	53	12985	16	1	2
5340	40	53	7654	16	1	1
5341	41	53	15625	16	1	1
5342	42	53	14347	16	1	1
5343	43	53	18613	16	1	1
5344	44	53	19624	16	1	1
5345	45	53	18603	16	1	1
5346	46	53	4895	16	1	1
5347	47	53	14851	16	1	1
5348	48	53	3200	16	1	1
5349	49	53	8608	16	1	1
5350	50	53	13261	16	1	1
5351	51	53	4654	16	1	1
5352	52	53	7956	16	1	1
5353	53	53	14946	16	1	1
5354	54	53	17288	16	1	1
5355	55	53	19233	16	1	1
5356	56	53	19577	16	1	1
5357	57	53	3264	16	1	1
5358	58	53	13166	16	1	1
5359	59	53	19788	16	1	1
5360	60	53	5395	16	1	1
5361	61	53	2522	16	1	1
5362	62	53	15162	16	1	0
5363	63	53	10889	16	1	0
5364	64	53	8505	16	1	0
5365	65	53	15234	16	1	0
5366	66	53	18123	16	1	0
5367	67	53	4628	16	1	0
5368	68	53	6892	16	1	0
5369	69	53	9764	16	1	0
5370	70	53	16029	16	1	0
5371	71	53	16423	16	1	0
5372	72	53	19571	16	1	0
5373	73	53	15883	16	1	0
5374	74	53	8820	16	1	0
5375	75	53	10385	16	1	0
5376	76	53	7470	16	1	0
5377	77	53	3557	16	1	0
5378	78	53	9011	16	1	0
5379	79	53	18710	16	1	0
5380	80	53	1912	16	1	0
5381	81	53	14337	16	1	0
5382	82	53	15370	16	1	0
5383	83	53	7292	16	1	0
5384	84	53	10799	16	1	0
5385	85	53	3435	16	1	0
5386	86	53	11244	16	1	0
5387	87	53	1824	16	1	0
5388	88	53	19140	16	1	0
5389	89	53	16323	16	1	0
5390	90	53	6613	16	1	0
5391	91	53	4336	16	0	2
5392	92	53	2875	16	0	2
5393	93	53	5423	16	0	2
5394	94	53	5356	16	0	1
5395	95	53	3621	16	0	0
5396	96	53	6208	16	0	0
5397	97	53	2721	16	0	0
5398	98	53	4575	16	0	0
5399	99	53	5012	16	0	0
5400	0	54	29	16	2	2
5401	1	54	534	16	2	2
5402	2	54	14704	16	2	2
5403	3	54	12278	16	2	2
5404	4	54	8438	16	2	2
5405	5	54	803	16	2	2
5406	6	54	567	16	2	2
5407	7	54	11588	16	2	2
5408	8	54	16155	16	2	1
5409	9	54	7437	16	2	1
5410	10	54	1182	16	2	1
5411	11	54	8404	16	2	1
5412	12	54	16226	16	2	0
5413	13	54	18078	16	2	0
5414	14	54	7846	16	2	0
5415	15	54	9042	16	2	0
5416	16	54	15696	16	2	0
5417	17	54	9044	16	2	0
5418	18	54	19860	16	1	3
5419	19	54	3960	16	1	2
5420	20	54	575	16	1	2
5421	21	54	12423	16	1	2
5422	22	54	16116	16	1	2
5423	23	54	11166	16	1	2
5424	24	54	2539	16	1	2
5425	25	54	2664	16	1	2
5426	26	54	8429	16	1	2
5427	27	54	355	16	1	2
5428	28	54	3530	16	1	2
5429	29	54	353	16	1	2
5430	30	54	9802	16	1	2
5431	31	54	7375	16	1	2
5432	32	54	145	16	1	2
5433	33	54	9466	16	1	2
5434	34	54	17406	16	1	2
5435	35	54	17232	16	1	1
5436	36	54	8788	16	1	1
5437	37	54	1666	16	1	1
5438	38	54	3333	16	1	1
5439	39	54	7999	16	1	1
5440	40	54	3525	16	1	1
5441	41	54	10573	16	1	1
5442	42	54	1953	16	1	1
5443	43	54	10228	16	1	1
5444	44	54	5790	16	1	1
5445	45	54	18233	16	1	1
5446	46	54	6642	16	1	1
5447	47	54	10766	16	1	1
5448	48	54	3911	16	1	1
5449	49	54	14721	16	1	1
5450	50	54	19869	16	1	1
5451	51	54	9216	16	1	1
5452	52	54	19160	16	1	1
5453	53	54	11370	16	1	1
5454	54	54	3004	16	1	1
5455	55	54	15297	16	1	1
5456	56	54	18374	16	1	1
5457	57	54	7143	16	1	1
5458	58	54	14226	16	1	1
5459	59	54	19830	16	1	0
5460	60	54	19956	16	1	0
5461	61	54	19604	16	1	0
5462	62	54	13870	16	1	0
5463	63	54	14171	16	1	0
5464	64	54	19452	16	1	0
5465	65	54	15861	16	1	0
5466	66	54	3062	16	1	0
5467	67	54	14757	16	1	0
5468	68	54	5560	16	1	0
5469	69	54	5561	16	1	0
5470	70	54	9411	16	1	0
5471	71	54	14371	16	1	0
5472	72	54	1918	16	1	0
5473	73	54	1972	16	1	0
5474	74	54	15980	16	1	0
5475	75	54	18867	16	1	0
5476	76	54	13064	16	1	0
5477	77	54	8879	16	1	0
5478	78	54	13702	16	1	0
5479	79	54	2029	16	1	0
5480	80	54	18924	16	1	0
5481	81	54	17389	16	1	0
5482	82	54	13655	16	1	0
5483	83	54	4325	16	1	0
5484	84	54	3682	16	1	0
5485	85	54	13775	16	1	0
5486	86	54	10045	16	1	0
5487	87	54	6561	16	1	0
5488	88	54	11672	16	1	0
5489	89	54	13916	16	1	0
5490	90	54	15097	16	1	0
5491	91	54	597	16	0	2
5492	92	54	5818	16	0	2
5493	93	54	4111	16	0	1
5494	94	54	4286	16	0	0
5495	95	54	17915	16	0	0
5496	96	54	3945	16	0	0
5497	97	54	4824	16	0	0
5498	98	54	5267	16	0	0
5499	99	54	2238	16	0	0
5500	0	55	15596	16	2	2
5501	1	55	587	16	2	2
5502	2	55	306	16	2	2
5503	3	55	642	16	2	2
5504	4	55	12773	16	2	2
5505	5	55	15352	16	2	2
5506	6	55	14160	16	2	2
5507	7	55	13654	16	2	2
5508	8	55	20031	16	2	2
5509	9	55	6523	16	2	2
5510	10	55	12973	16	2	1
5511	11	55	2106	16	2	1
5512	12	55	14024	16	2	1
5513	13	55	1132	16	2	1
5514	14	55	16720	16	2	1
5515	15	55	8952	16	2	1
5516	16	55	8824	16	2	0
5517	17	55	15240	16	2	0
5518	18	55	3602	16	2	0
5519	19	55	18072	16	2	0
5520	20	55	12876	16	2	0
5521	21	55	8279	16	2	0
5522	22	55	8289	16	2	0
5523	23	55	9399	16	2	0
5524	24	55	3078	16	1	3
5525	25	55	7953	16	1	3
5526	26	55	18419	16	1	3
5527	27	55	6002	16	1	2
5528	28	55	373	16	1	2
5529	29	55	807	16	1	2
5530	30	55	19538	16	1	2
5531	31	55	10080	16	1	2
5532	32	55	428	16	1	2
5533	33	55	452	16	1	2
5534	34	55	11896	16	1	2
5535	35	55	10934	16	1	2
5536	36	55	17765	16	1	2
5537	37	55	4452	16	1	2
5538	38	55	269	16	1	2
5539	39	55	3959	16	1	2
5540	40	55	9175	16	1	2
5541	41	55	4049	16	1	2
5542	42	55	4050	16	1	2
5543	43	55	7683	16	1	2
5544	44	55	3477	16	1	2
5545	45	55	18709	16	1	1
5546	46	55	11857	16	1	1
5547	47	55	10732	16	1	1
5548	48	55	832	16	1	1
5549	49	55	7629	16	1	1
5550	50	55	14553	16	1	1
5551	51	55	14046	16	1	1
5552	52	55	17470	16	1	1
5553	53	55	1855	16	1	1
5554	54	55	4442	16	1	1
5555	55	55	10041	16	1	1
5556	56	55	877	16	1	1
5557	57	55	12210	16	1	1
5558	58	55	16988	16	1	1
5559	59	55	6649	16	1	1
5560	60	55	3470	16	1	1
5561	61	55	1626	16	1	1
5562	62	55	18742	16	1	0
5563	63	55	12688	16	1	0
5564	64	55	6805	16	1	0
5565	65	55	6801	16	1	0
5566	66	55	14182	16	1	0
5567	67	55	15308	16	1	0
5568	68	55	19584	16	1	0
5569	69	55	8191	16	1	0
5570	70	55	1954	16	1	0
5571	71	55	7839	16	1	0
5572	72	55	4216	16	1	0
5573	73	55	8751	16	1	0
5574	74	55	15365	16	1	0
5575	75	55	16886	16	1	0
5576	76	55	12936	16	1	0
5577	77	55	10181	16	1	0
5578	78	55	10358	16	1	0
5579	79	55	12640	16	1	0
5580	80	55	13837	16	1	0
5581	81	55	14218	16	1	0
5582	82	55	7302	16	1	0
5583	83	55	16565	16	1	0
5584	84	55	3827	16	1	0
5585	85	55	10971	16	1	0
5586	86	55	13519	16	1	0
5587	87	55	15082	16	1	0
5588	88	55	6792	16	1	0
5589	89	55	2593	16	1	0
5590	90	55	2513	16	1	0
5591	91	55	9756	16	1	0
5592	92	55	11096	16	1	0
5593	93	55	14934	16	0	3
5594	94	55	4362	16	0	2
5595	95	55	4051	16	0	1
5596	96	55	5852	16	0	0
5597	97	55	18616	16	0	0
5598	98	55	13283	16	0	0
5599	99	55	18382	16	0	1
5600	0	56	17160	16	2	2
5601	1	56	11825	16	2	2
5602	2	56	15504	16	2	2
5603	3	56	11702	16	2	2
5604	4	56	556	16	2	2
5605	5	56	20035	16	2	2
5606	6	56	420	16	2	2
5607	7	56	10922	16	2	2
5608	8	56	413	16	2	2
5609	9	56	17316	16	2	2
5610	10	56	10293	16	2	2
5611	11	56	9240	16	2	2
5612	12	56	9961	16	2	2
5613	13	56	522	16	2	2
5614	14	56	11028	16	2	1
5615	15	56	12956	16	2	1
5616	16	56	17570	16	2	1
5617	17	56	2047	16	2	0
5618	18	56	9431	16	2	0
5619	19	56	17924	16	2	0
5620	20	56	14457	16	2	0
5621	21	56	15371	16	2	0
5622	22	56	15840	16	2	0
5623	23	56	18018	16	2	0
5624	24	56	14389	16	2	0
5625	25	56	18049	16	2	0
5626	26	56	8118	16	2	0
5627	27	56	14144	16	2	0
5628	28	56	1996	16	2	0
5629	29	56	14632	16	2	0
5630	30	56	17314	16	2	0
5631	31	56	2000	16	2	0
5632	32	56	19453	16	1	3
5633	33	56	8983	16	1	3
5634	34	56	13185	16	1	3
5635	35	56	7720	16	1	3
5636	36	56	2351	16	1	2
5637	37	56	1938	16	1	2
5638	38	56	6842	16	1	2
5639	39	56	13795	16	1	2
5640	40	56	11184	16	1	2
5641	41	56	10230	16	1	2
5642	42	56	768	16	1	2
5643	43	56	4554	16	1	2
5644	44	56	18967	16	1	2
5645	45	56	15286	16	1	2
5646	46	56	14907	16	1	2
5647	47	56	10730	16	1	2
5648	48	56	17952	16	1	2
5649	49	56	343	16	1	2
5650	50	56	3457	16	1	2
5651	51	56	3234	16	1	1
5652	52	56	9988	16	1	1
5653	53	56	19471	16	1	1
5654	54	56	12486	16	1	1
5655	55	56	10697	16	1	1
5656	56	56	828	16	1	1
5657	57	56	1003	16	1	1
5658	58	56	12429	16	1	1
5659	59	56	16579	16	1	1
5660	60	56	17042	16	1	1
5661	61	56	2618	16	1	1
5662	62	56	19141	16	1	1
5663	63	56	939	16	1	1
5664	64	56	1113	16	1	1
5665	65	56	8132	16	1	1
5666	66	56	13273	16	1	1
5667	67	56	14188	16	1	1
5668	68	56	15298	16	1	0
5669	69	56	19153	16	1	0
5670	70	56	17027	16	1	0
5671	71	56	15543	16	1	0
5672	72	56	19426	16	1	0
5673	73	56	18515	16	1	0
5674	74	56	8254	16	1	0
5675	75	56	13270	16	1	0
5676	76	56	12797	16	1	0
5677	77	56	11789	16	1	0
5678	78	56	8685	16	1	0
5679	79	56	7021	16	1	0
5680	80	56	13152	16	1	0
5681	81	56	15539	16	1	0
5682	82	56	12910	16	1	0
5683	83	56	7129	16	1	0
5684	84	56	9987	16	1	0
5685	85	56	17965	16	1	0
5686	86	56	4300	16	1	0
5687	87	56	1763	16	1	0
5688	88	56	15212	16	1	0
5689	89	56	10264	16	1	0
5690	90	56	14004	16	1	0
5691	91	56	8850	16	1	0
5692	92	56	10486	16	1	0
5693	93	56	18972	16	1	0
5694	94	56	3715	16	0	3
5695	95	56	5584	16	0	2
5696	96	56	5841	16	0	2
5697	97	56	2825	16	0	1
5698	98	56	8360	16	0	0
5699	99	56	5221	16	0	1
5700	0	57	8413	16	2	3
5701	1	57	10578	16	2	2
5702	2	57	13623	16	2	2
5703	3	57	19891	16	2	2
5704	4	57	13768	16	2	2
5705	5	57	15355	16	2	2
5706	6	57	10618	16	2	2
5707	7	57	11198	16	2	2
5708	8	57	14415	16	2	2
5709	9	57	14846	16	2	1
5710	10	57	6577	16	2	1
5711	11	57	13581	16	2	1
5712	12	57	975	16	2	1
5713	13	57	7805	16	2	1
5714	14	57	19100	16	2	0
5715	15	57	16577	16	2	0
5716	16	57	11002	16	2	0
5717	17	57	15541	16	2	0
5718	18	57	7211	16	2	0
5719	19	57	11514	16	2	0
5720	20	57	19939	16	2	0
5721	21	57	17855	16	2	0
5722	22	57	16350	16	2	0
5723	23	57	15952	16	2	0
5724	24	57	14627	16	2	0
5725	25	57	7225	16	1	3
5726	26	57	13982	16	1	2
5727	27	57	8994	16	1	2
5728	28	57	1596	16	1	2
5729	29	57	14824	16	1	2
5730	30	57	346	16	1	2
5731	31	57	2812	16	1	2
5732	32	57	3593	16	1	2
5733	33	57	10439	16	1	2
5734	34	57	15608	16	1	2
5735	35	57	19850	16	1	2
5736	36	57	15796	16	1	2
5737	37	57	8692	16	1	2
5738	38	57	488	16	1	2
5739	39	57	4699	16	1	2
5740	40	57	220	16	1	2
5741	41	57	5283	16	1	2
5742	42	57	17891	16	1	2
5743	43	57	45	16	1	2
5744	44	57	13918	16	1	2
5745	45	57	16558	16	1	2
5746	46	57	19953	16	1	1
5747	47	57	12447	16	1	1
5748	48	57	7044	16	1	1
5749	49	57	8035	16	1	1
5750	50	57	13141	16	1	1
5751	51	57	1076	16	1	1
5752	52	57	18011	16	1	1
5753	53	57	17948	16	1	1
5754	54	57	3801	16	1	1
5755	55	57	6125	16	1	1
5756	56	57	9231	16	1	1
5757	57	57	13054	16	1	1
5758	58	57	19239	16	1	1
5759	59	57	9752	16	1	1
5760	60	57	914	16	1	1
5761	61	57	18980	16	1	1
5762	62	57	16798	16	1	0
5763	63	57	15225	16	1	0
5764	64	57	7019	16	1	0
5765	65	57	3189	16	1	0
5766	66	57	3077	16	1	0
5767	67	57	14665	16	1	0
5768	68	57	13540	16	1	0
5769	69	57	9892	16	1	0
5770	70	57	8319	16	1	0
5771	71	57	13491	16	1	0
5772	72	57	1773	16	1	0
5773	73	57	6751	16	1	0
5774	74	57	12209	16	1	0
5775	75	57	9647	16	1	0
5776	76	57	17988	16	1	0
5777	77	57	17078	16	1	0
5778	78	57	17969	16	1	0
5779	79	57	13580	16	1	0
5780	80	57	9287	16	1	0
5781	81	57	19235	16	1	0
5782	82	57	6411	16	1	0
5783	83	57	10319	16	1	0
5784	84	57	3792	16	1	0
5785	85	57	14855	16	1	0
5786	86	57	2590	16	1	0
5787	87	57	4058	16	1	0
5788	88	57	3197	16	1	0
5789	89	57	15540	16	1	0
5790	90	57	14000	16	1	0
5791	91	57	18804	16	1	0
5792	92	57	14638	16	1	0
5793	93	57	7236	16	1	0
5794	94	57	7925	16	1	0
5795	95	57	18827	16	1	0
5796	96	57	6044	16	0	2
5797	97	57	6292	16	0	2
5798	98	57	5118	16	0	0
5799	99	57	4334	16	0	0
5800	0	58	15205	16	2	2
5801	1	58	334	16	2	2
5802	2	58	9795	16	2	2
5803	3	58	6433	16	2	2
5804	4	58	9655	16	2	2
5805	5	58	10765	16	2	2
5806	6	58	11735	16	2	2
5807	7	58	12549	16	2	2
5808	8	58	17786	16	2	1
5809	9	58	12963	16	2	1
5810	10	58	9663	16	2	1
5811	11	58	7238	16	2	1
5812	12	58	18028	16	2	1
5813	13	58	17211	16	2	0
5814	14	58	5671	16	2	0
5815	15	58	7508	16	2	0
5816	16	58	18050	16	2	0
5817	17	58	10035	16	2	0
5818	18	58	19636	16	2	0
5819	19	58	18951	16	1	3
5820	20	58	11918	16	1	3
5821	21	58	1881	16	1	2
5822	22	58	17404	16	1	2
5823	23	58	1290	16	1	2
5824	24	58	6628	16	1	2
5825	25	58	8933	16	1	2
5826	26	58	19362	16	1	2
5827	27	58	19543	16	1	2
5828	28	58	19544	16	1	2
5829	29	58	12360	16	1	2
5830	30	58	4651	16	1	2
5831	31	58	4652	16	1	2
5832	32	58	13106	16	1	2
5833	33	58	11526	16	1	2
5834	34	58	13600	16	1	2
5835	35	58	16792	16	1	2
5836	36	58	18926	16	1	2
5837	37	58	11134	16	1	2
5838	38	58	19107	16	1	2
5839	39	58	14524	16	1	2
5840	40	58	19065	16	1	2
5841	41	58	16802	16	1	2
5842	42	58	5145	16	1	2
5843	43	58	12864	16	1	2
5844	44	58	15717	16	1	2
5845	45	58	4197	16	1	2
5846	46	58	19085	16	1	2
5847	47	58	9493	16	1	1
5848	48	58	9494	16	1	1
5849	49	58	1841	16	1	1
5850	50	58	7177	16	1	1
5851	51	58	16979	16	1	1
5852	52	58	1075	16	1	1
5853	53	58	2498	16	1	1
5854	54	58	11985	16	1	1
5855	55	58	8183	16	1	1
5856	56	58	6984	16	1	1
5857	57	58	8462	16	1	1
5858	58	58	18909	16	1	1
5859	59	58	4071	16	1	1
5860	60	58	3495	16	1	1
5861	61	58	1799	16	1	1
5862	62	58	12632	16	1	1
5863	63	58	16844	16	1	1
5864	64	58	11333	16	1	1
5865	65	58	5445	16	1	1
5866	66	58	18863	16	1	1
5867	67	58	9221	16	1	1
5868	68	58	1813	16	1	1
5869	69	58	1814	16	1	1
5870	70	58	8081	16	1	1
5871	71	58	9463	16	1	1
5872	72	58	3791	16	1	1
5873	73	58	14168	16	1	1
5874	74	58	8127	16	1	0
5875	75	58	17588	16	1	0
5876	76	58	18715	16	1	0
5877	77	58	15769	16	1	0
5878	78	58	19264	16	1	0
5879	79	58	1795	16	1	0
5880	80	58	10470	16	1	0
5881	81	58	13228	16	1	0
5882	82	58	9516	16	1	0
5883	83	58	14615	16	1	0
5884	84	58	8730	16	1	0
5885	85	58	9904	16	1	0
5886	86	58	15001	16	1	0
5887	87	58	12060	16	1	0
5888	88	58	15546	16	1	0
5889	89	58	19027	16	1	0
5890	90	58	10376	16	1	0
5891	91	58	9482	16	1	0
5892	92	58	18447	16	1	0
5893	93	58	10548	16	1	0
5894	94	58	18386	16	1	0
5895	95	58	9753	16	1	0
5896	96	58	10640	16	1	0
5897	97	58	14051	16	0	1
5898	98	58	3619	16	0	1
5899	99	58	3620	16	0	1
5900	0	59	475	16	2	2
5901	1	59	6587	16	2	2
5902	2	59	14705	16	2	1
5903	3	59	11385	16	2	1
5904	4	59	15448	16	2	1
5905	5	59	11561	16	2	1
5906	6	59	14734	16	2	1
5907	7	59	11465	16	2	1
5908	8	59	3289	16	2	0
5909	9	59	11895	16	2	0
5910	10	59	9844	16	2	0
5911	11	59	9845	16	2	0
5912	12	59	6923	16	2	0
5913	13	59	7210	16	2	0
5914	14	59	8547	16	2	0
5915	15	59	7761	16	2	0
5916	16	59	16268	16	2	0
5917	17	59	12391	16	1	3
5918	18	59	13157	16	1	3
5919	19	59	7092	16	1	2
5920	20	59	15176	16	1	2
5921	21	59	17994	16	1	2
5922	22	59	4408	16	1	2
5923	23	59	1578	16	1	2
5924	24	59	1579	16	1	2
5925	25	59	10703	16	1	2
5926	26	59	13226	16	1	2
5927	27	59	14307	16	1	2
5928	28	59	14867	16	1	2
5929	29	59	16510	16	1	2
5930	30	59	1595	16	1	2
5931	31	59	11421	16	1	2
5932	32	59	11422	16	1	2
5933	33	59	14514	16	1	2
5934	34	59	13834	16	1	2
5935	35	59	4119	16	1	2
5936	36	59	12652	16	1	2
5937	37	59	17540	16	1	2
5938	38	59	18557	16	1	2
5939	39	59	11224	16	1	2
5940	40	59	13544	16	1	2
5941	41	59	18097	16	1	2
5942	42	59	14015	16	1	1
5943	43	59	15979	16	1	1
5944	44	59	10507	16	1	1
5945	45	59	14300	16	1	1
5946	46	59	15063	16	1	1
5947	47	59	19695	16	1	1
5948	48	59	1901	16	1	1
5949	49	59	14381	16	1	1
5950	50	59	8706	16	1	1
5951	51	59	8172	16	1	1
5952	52	59	11680	16	1	1
5953	53	59	13407	16	1	1
5954	54	59	16702	16	1	1
5955	55	59	14711	16	1	1
5956	56	59	14712	16	1	1
5957	57	59	13766	16	1	1
5958	58	59	10265	16	1	1
5959	59	59	16843	16	1	1
5960	60	59	16855	16	1	1
5961	61	59	7045	16	1	1
5962	62	59	11262	16	1	1
5963	63	59	8559	16	1	0
5964	64	59	5222	16	1	0
5965	65	59	7661	16	1	0
5966	66	59	14548	16	1	0
5967	67	59	7060	16	1	0
5968	68	59	16896	16	1	0
5969	69	59	7203	16	1	0
5970	70	59	10311	16	1	0
5971	71	59	11607	16	1	0
5972	72	59	8688	16	1	0
5973	73	59	6420	16	1	0
5974	74	59	9131	16	1	0
5975	75	59	12900	16	1	0
5976	76	59	14308	16	1	0
5977	77	59	15342	16	1	0
5978	78	59	19880	16	1	0
5979	79	59	6859	16	1	0
5980	80	59	9982	16	1	0
5981	81	59	6416	16	1	0
5982	82	59	17597	16	1	0
5983	83	59	19480	16	1	0
5984	84	59	1743	16	1	0
5985	85	59	1961	16	1	0
5986	86	59	12324	16	1	0
5987	87	59	13683	16	1	0
5988	88	59	16580	16	1	0
5989	89	59	17741	16	1	0
5990	90	59	16888	16	1	0
5991	91	59	16385	16	1	0
5992	92	59	18711	16	1	0
5993	93	59	15623	16	1	0
5994	94	59	17427	16	1	0
5995	95	59	14863	16	1	0
5996	96	59	15046	16	1	0
5997	97	59	18641	16	1	0
5998	98	59	4976	16	0	2
5999	99	59	6029	16	0	2
6000	0	60	16814	16	2	2
6001	1	60	6679	16	2	2
6002	2	60	30	16	2	2
6003	3	60	11779	16	2	1
6004	4	60	15847	16	2	1
6005	5	60	9145	16	2	1
6006	6	60	1704	16	2	1
6007	7	60	14476	16	2	1
6008	8	60	7367	16	2	0
6009	9	60	17116	16	2	0
6010	10	60	12638	16	2	0
6011	11	60	10495	16	2	0
6012	12	60	9041	16	2	0
6013	13	60	9562	16	2	0
6014	14	60	15291	16	2	0
6015	15	60	10012	16	2	0
6016	16	60	6756	16	2	0
6017	17	60	7682	16	2	0
6018	18	60	18990	16	1	3
6019	19	60	19111	16	1	3
6020	20	60	17574	16	1	3
6021	21	60	1783	16	1	3
6022	22	60	6118	16	1	2
6023	23	60	7747	16	1	2
6024	24	60	11268	16	1	2
6025	25	60	17831	16	1	2
6026	26	60	18932	16	1	2
6027	27	60	8650	16	1	2
6028	28	60	9614	16	1	2
6029	29	60	490	16	1	2
6030	30	60	7103	16	1	2
6031	31	60	9088	16	1	2
6032	32	60	18467	16	1	2
6033	33	60	4967	16	1	2
6034	34	60	1999	16	1	2
6035	35	60	1816	16	1	2
6036	36	60	5010	16	1	2
6037	37	60	1636	16	1	2
6038	38	60	9397	16	1	2
6039	39	60	11863	16	1	2
6040	40	60	4882	16	1	2
6041	41	60	4883	16	1	2
6042	42	60	14110	16	1	2
6043	43	60	9855	16	1	2
6044	44	60	10980	16	1	2
6045	45	60	15349	16	1	2
6046	46	60	6992	16	1	1
6047	47	60	833	16	1	1
6048	48	60	929	16	1	1
6049	49	60	14254	16	1	1
6050	50	60	2510	16	1	1
6051	51	60	6860	16	1	1
6052	52	60	18013	16	1	1
6053	53	60	18162	16	1	1
6054	54	60	14363	16	1	1
6055	55	60	965	16	1	1
6056	56	60	11039	16	1	1
6057	57	60	18040	16	1	1
6058	58	60	5225	16	1	1
6059	59	60	10017	16	1	1
6060	60	60	1968	16	1	1
6061	61	60	7476	16	1	1
6062	62	60	14701	16	1	1
6063	63	60	16747	16	1	1
6064	64	60	924	16	1	1
6065	65	60	1289	16	1	1
6066	66	60	11021	16	1	1
6067	67	60	7063	16	1	1
6068	68	60	16737	16	1	1
6069	69	60	7631	16	1	0
6070	70	60	15049	16	1	0
6071	71	60	14479	16	1	0
6072	72	60	9929	16	1	0
6073	73	60	14563	16	1	0
6074	74	60	19278	16	1	0
6075	75	60	10168	16	1	0
6076	76	60	8304	16	1	0
6077	77	60	14383	16	1	0
6078	78	60	15394	16	1	0
6079	79	60	3153	16	1	0
6080	80	60	7279	16	1	0
6081	81	60	10207	16	1	0
6082	82	60	13393	16	1	0
6083	83	60	15569	16	1	0
6084	84	60	19156	16	1	0
6085	85	60	11130	16	1	0
6086	86	60	11427	16	1	0
6087	87	60	15315	16	1	0
6088	88	60	18311	16	1	0
6089	89	60	14782	16	1	0
6090	90	60	19767	16	1	0
6091	91	60	12546	16	1	0
6092	92	60	17382	16	1	0
6093	93	60	10786	16	1	0
6094	94	60	12606	16	1	0
6095	95	60	11839	16	1	0
6096	96	60	6224	16	0	2
6097	97	60	4385	16	0	1
6098	98	60	12170	16	0	0
6099	99	60	100	16	0	2
6100	0	61	14073	16	2	2
6101	1	61	12292	16	2	2
6102	2	61	6444	16	2	2
6103	3	61	8251	16	2	2
6104	4	61	12600	16	2	2
6105	5	61	19178	16	2	2
6106	6	61	8342	16	2	2
6107	7	61	11748	16	2	2
6108	8	61	586	16	2	2
6109	9	61	15932	16	2	1
6110	10	61	16287	16	2	1
6111	11	61	11649	16	2	1
6112	12	61	17736	16	2	0
6113	13	61	13473	16	2	0
6114	14	61	11897	16	2	0
6115	15	61	18116	16	2	0
6116	16	61	6970	16	2	0
6117	17	61	7503	16	2	0
6118	18	61	12257	16	2	0
6119	19	61	8676	16	2	0
6120	20	61	9245	16	2	0
6121	21	61	10372	16	1	3
6122	22	61	12794	16	1	3
6123	23	61	15940	16	1	3
6124	24	61	14240	16	1	2
6125	25	61	13173	16	1	2
6126	26	61	8381	16	1	2
6127	27	61	14299	16	1	2
6128	28	61	15423	16	1	2
6129	29	61	16328	16	1	2
6130	30	61	540	16	1	2
6131	31	61	12806	16	1	2
6132	32	61	7464	16	1	2
6133	33	61	2010	16	1	2
6134	34	61	10846	16	1	2
6135	35	61	14989	16	1	2
6136	36	61	15472	16	1	2
6137	37	61	20009	16	1	2
6138	38	61	17350	16	1	2
6139	39	61	1294	16	1	2
6140	40	61	2738	16	1	2
6141	41	61	10166	16	1	2
6142	42	61	2091	16	1	1
6143	43	61	19033	16	1	1
6144	44	61	19971	16	1	1
6145	45	61	10142	16	1	1
6146	46	61	14707	16	1	1
6147	47	61	18802	16	1	1
6148	48	61	4363	16	1	1
6149	49	61	15285	16	1	1
6150	50	61	14012	16	1	1
6151	51	61	6543	16	1	1
6152	52	61	8916	16	1	1
6153	53	61	10976	16	1	1
6154	54	61	12508	16	1	1
6155	55	61	13308	16	1	1
6156	56	61	18257	16	1	1
6157	57	61	19277	16	1	1
6158	58	61	16084	16	1	1
6159	59	61	824	16	1	1
6160	60	61	19128	16	1	1
6161	61	61	2483	16	1	1
6162	62	61	12604	16	1	1
6163	63	61	14600	16	1	1
6164	64	61	15029	16	1	1
6165	65	61	18939	16	1	1
6166	66	61	19201	16	1	1
6167	67	61	14040	16	1	1
6168	68	61	19585	16	1	1
6169	69	61	13062	16	1	1
6170	70	61	15588	16	1	1
6171	71	61	9232	16	1	1
6172	72	61	13433	16	1	0
6173	73	61	12214	16	1	0
6174	74	61	11597	16	1	0
6175	75	61	19083	16	1	0
6176	76	61	12125	16	1	0
6177	77	61	19275	16	1	0
6178	78	61	6498	16	1	0
6179	79	61	14756	16	1	0
6180	80	61	19165	16	1	0
6181	81	61	5135	16	1	0
6182	82	61	13770	16	1	0
6183	83	61	15544	16	1	0
6184	84	61	12458	16	1	0
6185	85	61	10419	16	1	0
6186	86	61	13206	16	1	0
6187	87	61	17209	16	1	0
6188	88	61	17115	16	1	0
6189	89	61	8481	16	1	0
6190	90	61	12955	16	1	0
6191	91	61	16566	16	1	0
6192	92	61	15130	16	1	0
6193	93	61	13426	16	1	0
6194	94	61	7572	16	1	0
6195	95	61	7312	16	1	0
6196	96	61	6580	16	1	0
6197	97	61	2804	16	0	2
6198	98	61	1047	16	0	1
6199	99	61	13292	16	0	2
6200	0	62	10202	16	2	3
6201	1	62	9945	16	2	3
6202	2	62	9110	16	2	2
6203	3	62	16450	16	2	2
6204	4	62	14854	16	2	2
6205	5	62	20004	16	2	2
6206	6	62	9246	16	2	1
6207	7	62	11069	16	2	1
6208	8	62	15637	16	2	1
6209	9	62	9281	16	2	1
6210	10	62	16829	16	2	0
6211	11	62	7442	16	2	0
6212	12	62	12553	16	2	0
6213	13	62	8311	16	1	3
6214	14	62	16004	16	1	3
6215	15	62	16806	16	1	2
6216	16	62	6959	16	1	2
6217	17	62	5925	16	1	2
6218	18	62	12582	16	1	2
6219	19	62	8483	16	1	2
6220	20	62	8484	16	1	2
6221	21	62	13597	16	1	2
6222	22	62	19478	16	1	2
6223	23	62	4405	16	1	2
6224	24	62	16873	16	1	2
6225	25	62	6480	16	1	2
6226	26	62	17483	16	1	2
6227	27	62	19197	16	1	2
6228	28	62	7077	16	1	2
6229	29	62	14523	16	1	2
6230	30	62	2043	16	1	2
6231	31	62	9336	16	1	2
6232	32	62	14708	16	1	2
6233	33	62	17415	16	1	2
6234	34	62	7294	16	1	2
6235	35	62	8197	16	1	2
6236	36	62	17886	16	1	2
6237	37	62	9938	16	1	2
6238	38	62	17351	16	1	2
6239	39	62	18677	16	1	2
6240	40	62	13764	16	1	2
6241	41	62	15931	16	1	1
6242	42	62	11135	16	1	1
6243	43	62	10430	16	1	1
6244	44	62	16742	16	1	1
6245	45	62	14644	16	1	1
6246	46	62	13440	16	1	1
6247	47	62	17523	16	1	1
6248	48	62	12468	16	1	1
6249	49	62	16491	16	1	1
6250	50	62	7680	16	1	1
6251	51	62	15052	16	1	1
6252	52	62	17202	16	1	1
6253	53	62	7411	16	1	1
6254	54	62	11621	16	1	1
6255	55	62	16356	16	1	1
6256	56	62	18753	16	1	1
6257	57	62	14903	16	1	1
6258	58	62	17386	16	1	1
6259	59	62	3015	16	1	1
6260	60	62	1574	16	1	1
6261	61	62	13560	16	1	1
6262	62	62	19833	16	1	0
6263	63	62	8444	16	1	0
6264	64	62	12962	16	1	0
6265	65	62	19305	16	1	0
6266	66	62	7694	16	1	0
6267	67	62	1736	16	1	0
6268	68	62	15178	16	1	0
6269	69	62	12484	16	1	0
6270	70	62	12485	16	1	0
6271	71	62	14928	16	1	0
6272	72	62	9372	16	1	0
6273	73	62	12173	16	1	0
6274	74	62	17220	16	1	0
6275	75	62	15294	16	1	0
6276	76	62	16386	16	1	0
6277	77	62	10554	16	1	0
6278	78	62	16960	16	1	0
6279	79	62	17448	16	1	0
6280	80	62	5990	16	1	0
6281	81	62	7948	16	1	0
6282	82	62	8384	16	1	0
6283	83	62	16813	16	1	0
6284	84	62	18769	16	1	0
6285	85	62	8459	16	1	0
6286	86	62	12348	16	1	0
6287	87	62	14477	16	1	0
6288	88	62	11053	16	1	0
6289	89	62	19455	16	1	0
6290	90	62	6622	16	1	0
6291	91	62	6844	16	1	0
6292	92	62	7889	16	1	0
6293	93	62	17356	16	1	0
6294	94	62	11406	16	1	0
6295	95	62	8973	16	1	0
6296	96	62	3832	16	0	0
6297	97	62	12628	16	0	0
6298	98	62	5418	16	0	0
6299	99	62	6147	16	0	2
6300	0	63	9911	16	2	3
6301	1	63	9314	16	2	2
6302	2	63	15697	16	2	2
6303	3	63	9094	16	2	2
6304	4	63	16748	16	2	2
6305	5	63	1739	16	2	2
6306	6	63	7485	16	2	1
6307	7	63	17311	16	2	1
6308	8	63	9068	16	2	1
6309	9	63	12187	16	2	1
6310	10	63	18411	16	2	1
6311	11	63	15733	16	2	1
6312	12	63	16968	16	2	1
6313	13	63	14465	16	2	0
6314	14	63	17016	16	2	0
6315	15	63	7804	16	2	0
6316	16	63	8283	16	2	0
6317	17	63	6826	16	2	0
6318	18	63	6830	16	2	0
6319	19	63	17005	16	2	0
6320	20	63	8226	16	2	0
6321	21	63	7304	16	2	0
6322	22	63	8071	16	2	0
6323	23	63	13998	16	2	0
6324	24	63	9291	16	1	3
6325	25	63	4088	16	1	3
6326	26	63	8332	16	1	2
6327	27	63	6357	16	1	2
6328	28	63	12412	16	1	2
6329	29	63	9362	16	1	2
6330	30	63	18139	16	1	2
6331	31	63	755	16	1	2
6332	32	63	11230	16	1	2
6333	33	63	16870	16	1	2
6334	34	63	1871	16	1	2
6335	35	63	13055	16	1	2
6336	36	63	14424	16	1	2
6337	37	63	15492	16	1	2
6338	38	63	16023	16	1	2
6339	39	63	13760	16	1	2
6340	40	63	5367	16	1	2
6341	41	63	12832	16	1	2
6342	42	63	6430	16	1	2
6343	43	63	7348	16	1	2
6344	44	63	14617	16	1	2
6345	45	63	15715	16	1	2
6346	46	63	7650	16	1	2
6347	47	63	18130	16	1	2
6348	48	63	6824	16	1	1
6349	49	63	7486	16	1	1
6350	50	63	12865	16	1	1
6351	51	63	15442	16	1	1
6352	52	63	17678	16	1	1
6353	53	63	19187	16	1	1
6354	54	63	12988	16	1	1
6355	55	63	12905	16	1	1
6356	56	63	5680	16	1	1
6357	57	63	15433	16	1	1
6358	58	63	19597	16	1	1
6359	59	63	1037	16	1	1
6360	60	63	8156	16	1	1
6361	61	63	15081	16	1	1
6362	62	63	6567	16	1	1
6363	63	63	2046	16	1	1
6364	64	63	3937	16	1	1
6365	65	63	9311	16	1	1
6366	66	63	19926	16	1	1
6367	67	63	11601	16	1	1
6368	68	63	1836	16	1	1
6369	69	63	4509	16	1	1
6370	70	63	4588	16	1	1
6371	71	63	10285	16	1	1
6372	72	63	14686	16	1	1
6373	73	63	19089	16	1	0
6374	74	63	8767	16	1	0
6375	75	63	11505	16	1	0
6376	76	63	11697	16	1	0
6377	77	63	9710	16	1	0
6378	78	63	2811	16	1	0
6379	79	63	6987	16	1	0
6380	80	63	7315	16	1	0
6381	81	63	9810	16	1	0
6382	82	63	14268	16	1	0
6383	83	63	15860	16	1	0
6384	84	63	18304	16	1	0
6385	85	63	12937	16	1	0
6386	86	63	15132	16	1	0
6387	87	63	6911	16	1	0
6388	88	63	10514	16	1	0
6389	89	63	12979	16	1	0
6390	90	63	15335	16	1	0
6391	91	63	8968	16	1	0
6392	92	63	9757	16	1	0
6393	93	63	16081	16	1	0
6394	94	63	6007	16	0	2
6395	95	63	16354	16	0	2
6396	96	63	13985	16	0	1
6397	97	63	7915	16	0	0
6398	98	63	12406	16	0	0
6399	99	63	2561	16	0	1
6400	0	64	6901	16	2	3
6401	1	64	8908	16	2	2
6402	2	64	8266	16	2	2
6403	3	64	8259	16	2	2
6404	4	64	13912	16	2	2
6405	5	64	17419	16	2	2
6406	6	64	6705	16	2	2
6407	7	64	578	16	2	2
6408	8	64	20033	16	2	2
6409	9	64	9973	16	2	1
6410	10	64	10344	16	2	1
6411	11	64	12605	16	2	0
6412	12	64	17922	16	2	0
6413	13	64	17675	16	2	0
6414	14	64	7169	16	2	0
6415	15	64	13911	16	2	0
6416	16	64	8051	16	2	0
6417	17	64	7264	16	2	0
6418	18	64	11941	16	1	3
6419	19	64	7824	16	1	2
6420	20	64	15024	16	1	2
6421	21	64	16901	16	1	2
6422	22	64	7139	16	1	2
6423	23	64	2835	16	1	2
6424	24	64	6559	16	1	2
6425	25	64	16664	16	1	2
6426	26	64	3450	16	1	2
6427	27	64	12744	16	1	2
6428	28	64	10083	16	1	2
6429	29	64	6333	16	1	2
6430	30	64	11850	16	1	2
6431	31	64	12755	16	1	2
6432	32	64	14444	16	1	2
6433	33	64	14904	16	1	2
6434	34	64	1982	16	1	2
6435	35	64	566	16	1	2
6436	36	64	12174	16	1	2
6437	37	64	16874	16	1	2
6438	38	64	17379	16	1	2
6439	39	64	8044	16	1	1
6440	40	64	2416	16	1	1
6441	41	64	13244	16	1	1
6442	42	64	1844	16	1	1
6443	43	64	11818	16	1	1
6444	44	64	12807	16	1	1
6445	45	64	2924	16	1	1
6446	46	64	8723	16	1	1
6447	47	64	15427	16	1	1
6448	48	64	18719	16	1	1
6449	49	64	10715	16	1	1
6450	50	64	19323	16	1	1
6451	51	64	6351	16	1	1
6452	52	64	11838	16	1	1
6453	53	64	14178	16	1	1
6454	54	64	7054	16	1	1
6455	55	64	8144	16	1	1
6456	56	64	9416	16	1	1
6457	57	64	9774	16	1	1
6458	58	64	19004	16	1	1
6459	59	64	17077	16	1	1
6460	60	64	16154	16	1	1
6461	61	64	7613	16	1	1
6462	62	64	14398	16	1	1
6463	63	64	19686	16	1	1
6464	64	64	14866	16	1	0
6465	65	64	8219	16	1	0
6466	66	64	10381	16	1	0
6467	67	64	14556	16	1	0
6468	68	64	17801	16	1	0
6469	69	64	18096	16	1	0
6470	70	64	18690	16	1	0
6471	71	64	13099	16	1	0
6472	72	64	12178	16	1	0
6473	73	64	17702	16	1	0
6474	74	64	18589	16	1	0
6475	75	64	18620	16	1	0
6476	76	64	9502	16	1	0
6477	77	64	11631	16	1	0
6478	78	64	12010	16	1	0
6479	79	64	17605	16	1	0
6480	80	64	17659	16	1	0
6481	81	64	19064	16	1	0
6482	82	64	13343	16	1	0
6483	83	64	6557	16	1	0
6484	84	64	12146	16	1	0
6485	85	64	19923	16	1	0
6486	86	64	13072	16	1	0
6487	87	64	10933	16	1	0
6488	88	64	7738	16	1	0
6489	89	64	8365	16	1	0
6490	90	64	8780	16	1	0
6491	91	64	16351	16	1	0
6492	92	64	18687	16	1	0
6493	93	64	16049	16	1	0
6494	94	64	9787	16	1	0
6495	95	64	18359	16	1	0
6496	96	64	8202	16	1	0
6497	97	64	13032	16	1	0
6498	98	64	13937	16	0	0
6499	99	64	2417	16	0	0
6500	0	65	15920	16	2	3
6501	1	65	15010	16	2	2
6502	2	65	11796	16	2	2
6503	3	65	7496	16	2	2
6504	4	65	11329	16	2	2
6505	5	65	9401	16	2	2
6506	6	65	9582	16	2	2
6507	7	65	1759	16	2	2
6508	8	65	20036	16	2	2
6509	9	65	15386	16	2	1
6510	10	65	2533	16	2	1
6511	11	65	15292	16	2	0
6512	12	65	6972	16	2	0
6513	13	65	18247	16	2	0
6514	14	65	10954	16	2	0
6515	15	65	12280	16	2	0
6516	16	65	7702	16	2	0
6517	17	65	8634	16	2	0
6518	18	65	10426	16	2	0
6519	19	65	19076	16	2	0
6520	20	65	7242	16	2	0
6521	21	65	9201	16	2	0
6522	22	65	13035	16	2	0
6523	23	65	15374	16	2	0
6524	24	65	19547	16	2	0
6525	25	65	11017	16	1	3
6526	26	65	620	16	1	2
6527	27	65	6723	16	1	2
6528	28	65	8863	16	1	2
6529	29	65	15875	16	1	2
6530	30	65	4458	16	1	2
6531	31	65	8041	16	1	2
6532	32	65	19468	16	1	2
6533	33	65	1580	16	1	2
6534	34	65	561	16	1	2
6535	35	65	643	16	1	2
6536	36	65	8006	16	1	2
6537	37	65	4655	16	1	2
6538	38	65	565	16	1	2
6539	39	65	4249	16	1	2
6540	40	65	5016	16	1	2
6541	41	65	13372	16	1	2
6542	42	65	12281	16	1	2
6543	43	65	17888	16	1	2
6544	44	65	14660	16	1	2
6545	45	65	503	16	1	2
6546	46	65	6329	16	1	2
6547	47	65	15576	16	1	1
6548	48	65	8410	16	1	1
6549	49	65	11486	16	1	1
6550	50	65	1167	16	1	1
6551	51	65	10747	16	1	1
6552	52	65	17088	16	1	1
6553	53	65	7952	16	1	1
6554	54	65	13665	16	1	1
6555	55	65	16282	16	1	1
6556	56	65	19364	16	1	1
6557	57	65	6455	16	1	1
6558	58	65	15794	16	1	1
6559	59	65	7964	16	1	1
6560	60	65	8220	16	1	1
6561	61	65	16937	16	1	1
6562	62	65	17126	16	1	1
6563	63	65	14309	16	1	1
6564	64	65	10200	16	1	1
6565	65	65	16636	16	1	1
6566	66	65	14396	16	1	1
6567	67	65	7162	16	1	1
6568	68	65	8315	16	1	1
6569	69	65	11977	16	1	1
6570	70	65	14677	16	1	1
6571	71	65	10288	16	1	1
6572	72	65	10280	16	1	1
6573	73	65	19248	16	1	1
6574	74	65	19253	16	1	0
6575	75	65	16165	16	1	0
6576	76	65	6762	16	1	0
6577	77	65	11963	16	1	0
6578	78	65	11162	16	1	0
6579	79	65	11600	16	1	0
6580	80	65	14613	16	1	0
6581	81	65	4597	16	1	0
6582	82	65	14607	16	1	0
6583	83	65	16969	16	1	0
6584	84	65	13569	16	1	0
6585	85	65	16243	16	1	0
6586	86	65	17486	16	1	0
6587	87	65	18196	16	1	0
6588	88	65	10271	16	1	0
6589	89	65	14529	16	1	0
6590	90	65	12836	16	1	0
6591	91	65	17031	16	1	0
6592	92	65	15834	16	1	0
6593	93	65	16612	16	1	0
6594	94	65	10567	16	1	0
6595	95	65	10849	16	1	0
6596	96	65	13903	16	1	0
6597	97	65	16308	16	0	2
6598	98	65	4438	16	0	1
6599	99	65	4769	16	0	1
6600	0	66	13876	16	2	2
6601	1	66	14451	16	2	2
6602	2	66	7232	16	2	2
6603	3	66	11553	16	2	2
6604	4	66	19816	16	2	2
6605	5	66	18364	16	2	2
6606	6	66	13342	16	2	2
6607	7	66	11892	16	2	2
6608	8	66	12138	16	2	1
6609	9	66	957	16	2	1
6610	10	66	8056	16	2	1
6611	11	66	13468	16	2	1
6612	12	66	9808	16	2	0
6613	13	66	19642	16	2	0
6614	14	66	10363	16	2	0
6615	15	66	12134	16	2	0
6616	16	66	7717	16	2	0
6617	17	66	10527	16	2	0
6618	18	66	19191	16	1	3
6619	19	66	13930	16	1	3
6620	20	66	10246	16	1	3
6621	21	66	1817	16	1	3
6622	22	66	1818	16	1	3
6623	23	66	5958	16	1	2
6624	24	66	9969	16	1	2
6625	25	66	12643	16	1	2
6626	26	66	18468	16	1	2
6627	27	66	18862	16	1	2
6628	28	66	18458	16	1	2
6629	29	66	8181	16	1	2
6630	30	66	19714	16	1	2
6631	31	66	2040	16	1	2
6632	32	66	559	16	1	2
6633	33	66	2833	16	1	2
6634	34	66	4428	16	1	2
6635	35	66	1958	16	1	2
6636	36	66	16502	16	1	2
6637	37	66	13492	16	1	2
6638	38	66	1853	16	1	2
6639	39	66	1946	16	1	2
6640	40	66	10380	16	1	2
6641	41	66	18584	16	1	2
6642	42	66	16755	16	1	2
6643	43	66	311	16	1	2
6644	44	66	13651	16	1	2
6645	45	66	12733	16	1	2
6646	46	66	3802	16	1	1
6647	47	66	8302	16	1	1
6648	48	66	10019	16	1	1
6649	49	66	10695	16	1	1
6650	50	66	19097	16	1	1
6651	51	66	16989	16	1	1
6652	52	66	3516	16	1	1
6653	53	66	14485	16	1	1
6654	54	66	1878	16	1	1
6655	55	66	11273	16	1	1
6656	56	66	19949	16	1	1
6657	57	66	10740	16	1	1
6658	58	66	6311	16	1	1
6659	59	66	11695	16	1	1
6660	60	66	19095	16	1	1
6661	61	66	1689	16	1	1
6662	62	66	12565	16	1	1
6663	63	66	12503	16	1	1
6664	64	66	9069	16	1	0
6665	65	66	7492	16	1	0
6666	66	66	8827	16	1	0
6667	67	66	9310	16	1	0
6668	68	66	9684	16	1	0
6669	69	66	9922	16	1	0
6670	70	66	10356	16	1	0
6671	71	66	11269	16	1	0
6672	72	66	18520	16	1	0
6673	73	66	18543	16	1	0
6674	74	66	19293	16	1	0
6675	75	66	12736	16	1	0
6676	76	66	18417	16	1	0
6677	77	66	7897	16	1	0
6678	78	66	10405	16	1	0
6679	79	66	15639	16	1	0
6680	80	66	19449	16	1	0
6681	81	66	12435	16	1	0
6682	82	66	8729	16	1	0
6683	83	66	9866	16	1	0
6684	84	66	15193	16	1	0
6685	85	66	18339	16	1	0
6686	86	66	4710	16	1	0
6687	87	66	6578	16	1	0
6688	88	66	13080	16	1	0
6689	89	66	15401	16	1	0
6690	90	66	15536	16	1	0
6691	91	66	12226	16	1	0
6692	92	66	19007	16	1	0
6693	93	66	18806	16	1	0
6694	94	66	15138	16	1	0
6695	95	66	6711	16	1	0
6696	96	66	7860	16	1	0
6697	97	66	2550	16	0	2
6698	98	66	18131	16	0	2
6699	99	66	6226	16	0	0
6700	0	67	16476	16	2	2
6701	1	67	17337	16	2	2
6702	2	67	11706	16	2	2
6703	3	67	59	16	2	2
6704	4	67	8784	16	2	2
6705	5	67	5953	16	2	2
6706	6	67	15649	16	2	2
6707	7	67	9185	16	2	2
6708	8	67	1826	16	2	2
6709	9	67	17897	16	2	1
6710	10	67	12555	16	2	1
6711	11	67	14513	16	2	0
6712	12	67	6763	16	2	0
6713	13	67	9698	16	2	0
6714	14	67	18273	16	2	0
6715	15	67	7118	16	2	0
6716	16	67	11326	16	2	0
6717	17	67	6534	16	2	0
6718	18	67	16582	16	2	0
6719	19	67	14128	16	2	0
6720	20	67	7728	16	2	0
6721	21	67	13633	16	1	3
6722	22	67	4342	16	1	3
6723	23	67	7927	16	1	3
6724	24	67	19931	16	1	2
6725	25	67	10007	16	1	2
6726	26	67	13624	16	1	2
6727	27	67	10067	16	1	2
6728	28	67	19447	16	1	2
6729	29	67	9546	16	1	2
6730	30	67	13993	16	1	2
6731	31	67	12687	16	1	2
6732	32	67	386	16	1	2
6733	33	67	6817	16	1	2
6734	34	67	11233	16	1	2
6735	35	67	2343	16	1	2
6736	36	67	12374	16	1	2
6737	37	67	18573	16	1	2
6738	38	67	15098	16	1	2
6739	39	67	10585	16	1	2
6740	40	67	4653	16	1	2
6741	41	67	6834	16	1	2
6742	42	67	17530	16	1	2
6743	43	67	1794	16	1	2
6744	44	67	11572	16	1	2
6745	45	67	3534	16	1	2
6746	46	67	18770	16	1	2
6747	47	67	10267	16	1	2
6748	48	67	7390	16	1	1
6749	49	67	16481	16	1	1
6750	50	67	19458	16	1	1
6751	51	67	2407	16	1	1
6752	52	67	8229	16	1	1
6753	53	67	7173	16	1	1
6754	54	67	14087	16	1	1
6755	55	67	3529	16	1	1
6756	56	67	10327	16	1	1
6757	57	67	1908	16	1	1
6758	58	67	1025	16	1	1
6759	59	67	11004	16	1	1
6760	60	67	8392	16	1	1
6761	61	67	14261	16	1	1
6762	62	67	16312	16	1	1
6763	63	67	11962	16	1	1
6764	64	67	6497	16	1	0
6765	65	67	14278	16	1	0
6766	66	67	3569	16	1	0
6767	67	67	3755	16	1	0
6768	68	67	16820	16	1	0
6769	69	67	13530	16	1	0
6770	70	67	13531	16	1	0
6771	71	67	2121	16	1	0
6772	72	67	13260	16	1	0
6773	73	67	11644	16	1	0
6774	74	67	10369	16	1	0
6775	75	67	18351	16	1	0
6776	76	67	7659	16	1	0
6777	77	67	10087	16	1	0
6778	78	67	8385	16	1	0
6779	79	67	19856	16	1	0
6780	80	67	1685	16	1	0
6781	81	67	7878	16	1	0
6782	82	67	17603	16	1	0
6783	83	67	10692	16	1	0
6784	84	67	6422	16	1	0
6785	85	67	7789	16	1	0
6786	86	67	10066	16	1	0
6787	87	67	18637	16	1	0
6788	88	67	6257	16	1	0
6789	89	67	13710	16	1	0
6790	90	67	19822	16	1	0
6791	91	67	12258	16	1	0
6792	92	67	8048	16	0	2
6793	93	67	6013	16	0	2
6794	94	67	5073	16	0	2
6795	95	67	3238	16	0	2
6796	96	67	5623	16	0	1
6797	97	67	12572	16	0	0
6798	98	67	15069	16	0	0
6799	99	67	3760	16	0	1
6800	0	68	1776	16	2	3
6801	1	68	6524	16	2	2
6802	2	68	9854	16	2	2
6803	3	68	19870	16	2	2
6804	4	68	12153	16	2	2
6805	5	68	17804	16	2	2
6806	6	68	617	16	2	2
6807	7	68	19694	16	2	2
6808	8	68	15591	16	2	2
6809	9	68	15667	16	2	1
6810	10	68	9018	16	2	1
6811	11	68	19137	16	2	1
6812	12	68	10997	16	2	0
6813	13	68	3579	16	2	0
6814	14	68	13921	16	2	0
6815	15	68	17093	16	2	0
6816	16	68	13640	16	2	0
6817	17	68	18977	16	2	0
6818	18	68	13604	16	2	0
6819	19	68	12528	16	1	3
6820	20	68	19143	16	1	3
6821	21	68	10748	16	1	2
6822	22	68	15306	16	1	2
6823	23	68	11378	16	1	2
6824	24	68	614	16	1	2
6825	25	68	11148	16	1	2
6826	26	68	15028	16	1	2
6827	27	68	15487	16	1	2
6828	28	68	16689	16	1	2
6829	29	68	19734	16	1	2
6830	30	68	658	16	1	2
6831	31	68	6547	16	1	2
6832	32	68	16768	16	1	2
6833	33	68	674	16	1	2
6834	34	68	12557	16	1	2
6835	35	68	6391	16	1	2
6836	36	68	12977	16	1	2
6837	37	68	12999	16	1	1
6838	38	68	16875	16	1	1
6839	39	68	7698	16	1	1
6840	40	68	15384	16	1	1
6841	41	68	7240	16	1	1
6842	42	68	8798	16	1	1
6843	43	68	17729	16	1	1
6844	44	68	10911	16	1	1
6845	45	68	17799	16	1	1
6846	46	68	19889	16	1	1
6847	47	68	10637	16	1	1
6848	48	68	13095	16	1	1
6849	49	68	13964	16	1	1
6850	50	68	14250	16	1	1
6851	51	68	14865	16	1	1
6852	52	68	4113	16	1	1
6853	53	68	7402	16	1	1
6854	54	68	14016	16	1	1
6855	55	68	14818	16	1	0
6856	56	68	17705	16	1	0
6857	57	68	19048	16	1	0
6858	58	68	19601	16	1	0
6859	59	68	14871	16	1	0
6860	60	68	13767	16	1	0
6861	61	68	11309	16	1	0
6862	62	68	12764	16	1	0
6863	63	68	15123	16	1	0
6864	64	68	19310	16	1	0
6865	65	68	9115	16	1	0
6866	66	68	9761	16	1	0
6867	67	68	9762	16	1	0
6868	68	68	11559	16	1	0
6869	69	68	12665	16	1	0
6870	70	68	18006	16	1	0
6871	71	68	10868	16	1	0
6872	72	68	5751	16	1	0
6873	73	68	6761	16	1	0
6874	74	68	16475	16	1	0
6875	75	68	15959	16	1	0
6876	76	68	18507	16	1	0
6877	77	68	6470	16	1	0
6878	78	68	9786	16	1	0
6879	79	68	11544	16	1	0
6880	80	68	16141	16	1	0
6881	81	68	16380	16	1	0
6882	82	68	14452	16	1	0
6883	83	68	16859	16	1	0
6884	84	68	13514	16	1	0
6885	85	68	19043	16	1	0
6886	86	68	13186	16	1	0
6887	87	68	13401	16	1	0
6888	88	68	16381	16	1	0
6889	89	68	11071	16	1	0
6890	90	68	18321	16	1	0
6891	91	68	10872	16	1	0
6892	92	68	13621	16	1	0
6893	93	68	18189	16	1	0
6894	94	68	1292	16	0	2
6895	95	68	6183	16	0	2
6896	96	68	4218	16	0	2
6897	97	68	16746	16	0	0
6898	98	68	18405	16	0	0
6899	99	68	5003	16	0	0
6900	0	69	512	16	2	2
6901	1	69	15517	16	2	2
6902	2	69	16479	16	2	2
6903	3	69	756	16	2	2
6904	4	69	11908	16	2	1
6905	5	69	1002	16	2	1
6906	6	69	9652	16	2	1
6907	7	69	19874	16	2	0
6908	8	69	6888	16	2	0
6909	9	69	14137	16	2	0
6910	10	69	17935	16	2	0
6911	11	69	11383	16	1	3
6912	12	69	12998	16	1	3
6913	13	69	530	16	1	2
6914	14	69	13881	16	1	2
6915	15	69	13474	16	1	2
6916	16	69	3512	16	1	2
6917	17	69	9760	16	1	2
6918	18	69	11124	16	1	2
6919	19	69	8230	16	1	2
6920	20	69	1699	16	1	2
6921	21	69	2591	16	1	2
6922	22	69	8835	16	1	2
6923	23	69	6744	16	1	2
6924	24	69	14326	16	1	2
6925	25	69	9021	16	1	2
6926	26	69	17542	16	1	2
6927	27	69	19346	16	1	2
6928	28	69	13256	16	1	2
6929	29	69	2680	16	1	2
6930	30	69	11320	16	1	2
6931	31	69	1943	16	1	2
6932	32	69	11108	16	1	2
6933	33	69	6407	16	1	2
6934	34	69	1555	16	1	2
6935	35	69	8468	16	1	2
6936	36	69	8192	16	1	2
6937	37	69	3528	16	1	1
6938	38	69	12199	16	1	1
6939	39	69	16028	16	1	1
6940	40	69	3304	16	1	1
6941	41	69	19552	16	1	1
6942	42	69	8416	16	1	1
6943	43	69	12578	16	1	1
6944	44	69	12961	16	1	1
6945	45	69	11142	16	1	1
6946	46	69	16010	16	1	1
6947	47	69	17713	16	1	1
6948	48	69	7681	16	1	1
6949	49	69	16137	16	1	1
6950	50	69	16832	16	1	0
6951	51	69	7653	16	1	0
6952	52	69	11137	16	1	0
6953	53	69	8107	16	1	0
6954	54	69	13200	16	1	0
6955	55	69	15607	16	1	0
6956	56	69	17403	16	1	0
6957	57	69	19569	16	1	0
6958	58	69	19556	16	1	0
6959	59	69	12966	16	1	0
6960	60	69	7500	16	1	0
6961	61	69	14481	16	1	0
6962	62	69	7896	16	1	0
6963	63	69	13798	16	1	0
6964	64	69	10102	16	1	0
6965	65	69	16147	16	1	0
6966	66	69	18412	16	1	0
6967	67	69	18836	16	1	0
6968	68	69	6894	16	1	0
6969	69	69	12334	16	1	0
6970	70	69	17620	16	1	0
6971	71	69	8623	16	1	0
6972	72	69	11131	16	1	0
6973	73	69	15902	16	1	0
6974	74	69	7645	16	1	0
6975	75	69	7032	16	1	0
6976	76	69	13838	16	1	0
6977	77	69	14505	16	1	0
6978	78	69	14685	16	1	0
6979	79	69	14288	16	1	0
6980	80	69	10892	16	1	0
6981	81	69	2049	16	1	0
6982	82	69	14255	16	1	0
6983	83	69	10756	16	1	0
6984	84	69	11858	16	1	0
6985	85	69	6867	16	1	0
6986	86	69	8080	16	1	0
6987	87	69	10651	16	1	0
6988	88	69	15835	16	1	0
6989	89	69	15965	16	0	2
6990	90	69	5236	16	0	1
6991	91	69	4019	16	0	1
6992	92	69	5609	16	0	1
6993	93	69	2290	16	0	1
6994	94	69	4301	16	0	1
6995	95	69	4403	16	0	0
6996	96	69	2975	16	0	0
6997	97	69	5098	16	0	0
6998	98	69	3069	16	0	0
6999	99	69	15707	16	0	3
7000	0	70	10447	16	2	2
7001	1	70	18005	16	2	2
7002	2	70	8548	16	2	2
7003	3	70	19441	16	2	2
7004	4	70	17459	16	2	2
7005	5	70	776	16	2	2
7006	6	70	11615	16	2	2
7007	7	70	16357	16	2	2
7008	8	70	9673	16	2	2
7009	9	70	14958	16	2	1
7010	10	70	16649	16	2	1
7011	11	70	17745	16	2	1
7012	12	70	7819	16	2	1
7013	13	70	17846	16	2	1
7014	14	70	8190	16	2	1
7015	15	70	10745	16	2	0
7016	16	70	14634	16	2	0
7017	17	70	17212	16	2	0
7018	18	70	10220	16	2	0
7019	19	70	19945	16	2	0
7020	20	70	11855	16	2	0
7021	21	70	11822	16	2	0
7022	22	70	17263	16	2	0
7023	23	70	17431	16	2	0
7024	24	70	684	16	1	2
7025	25	70	795	16	1	2
7026	26	70	15795	16	1	2
7027	27	70	5735	16	1	2
7028	28	70	2118	16	1	2
7029	29	70	4364	16	1	2
7030	30	70	3643	16	1	2
7031	31	70	1727	16	1	2
7032	32	70	17645	16	1	2
7033	33	70	4159	16	1	2
7034	34	70	4204	16	1	2
7035	35	70	10781	16	1	2
7036	36	70	7937	16	1	2
7037	37	70	8869	16	1	2
7038	38	70	7674	16	1	2
7039	39	70	8590	16	1	2
7040	40	70	766	16	1	2
7041	41	70	14084	16	1	2
7042	42	70	8789	16	1	2
7043	43	70	12692	16	1	2
7044	44	70	9380	16	1	2
7045	45	70	4463	16	1	2
7046	46	70	18881	16	1	2
7047	47	70	3698	16	1	2
7048	48	70	12902	16	1	2
7049	49	70	14284	16	1	1
7050	50	70	19770	16	1	1
7051	51	70	15846	16	1	1
7052	52	70	14670	16	1	1
7053	53	70	6981	16	1	1
7054	54	70	16265	16	1	1
7055	55	70	7258	16	1	1
7056	56	70	7515	16	1	1
7057	57	70	9243	16	1	1
7058	58	70	14208	16	1	1
7059	59	70	11125	16	1	1
7060	60	70	16551	16	1	1
7061	61	70	18407	16	1	1
7062	62	70	10036	16	1	1
7063	63	70	11937	16	1	1
7064	64	70	2488	16	1	1
7065	65	70	1098	16	1	1
7066	66	70	16300	16	1	1
7067	67	70	1880	16	1	1
7068	68	70	10713	16	1	1
7069	69	70	11704	16	1	1
7070	70	70	8762	16	1	1
7071	71	70	13454	16	1	0
7072	72	70	18431	16	1	0
7073	73	70	7166	16	1	0
7074	74	70	8361	16	1	0
7075	75	70	3570	16	1	0
7076	76	70	10348	16	1	0
7077	77	70	1547	16	1	0
7078	78	70	19464	16	1	0
7079	79	70	3734	16	1	0
7080	80	70	18314	16	1	0
7081	81	70	19513	16	1	0
7082	82	70	8928	16	1	0
7083	83	70	8886	16	1	0
7084	84	70	16056	16	1	0
7085	85	70	8261	16	1	0
7086	86	70	17512	16	1	0
7087	87	70	13111	16	1	0
7088	88	70	19479	16	1	0
7089	89	70	6718	16	1	0
7090	90	70	14940	16	1	0
7091	91	70	10919	16	1	0
7092	92	70	19313	16	1	0
7093	93	70	15325	16	1	0
7094	94	70	16236	16	1	0
7095	95	70	9367	16	1	0
7096	96	70	12648	16	1	0
7097	97	70	4011	16	0	1
7098	98	70	3068	16	0	0
7099	99	70	11686	16	0	0
7100	0	71	13282	16	2	2
7101	1	71	732	16	2	2
7102	2	71	19495	16	2	2
7103	3	71	14614	16	2	2
7104	4	71	7280	16	2	2
7105	5	71	8367	16	2	2
7106	6	71	7813	16	2	2
7107	7	71	1090	16	2	1
7108	8	71	16051	16	2	1
7109	9	71	9954	16	2	1
7110	10	71	12114	16	2	1
7111	11	71	949	16	2	1
7112	12	71	8473	16	2	1
7113	13	71	17434	16	2	1
7114	14	71	3658	16	2	0
7115	15	71	9273	16	2	0
7116	16	71	10444	16	2	0
7117	17	71	18861	16	2	0
7118	18	71	13455	16	2	0
7119	19	71	9915	16	2	0
7120	20	71	11870	16	2	0
7121	21	71	16850	16	2	0
7122	22	71	17754	16	2	0
7123	23	71	7575	16	2	0
7124	24	71	12299	16	1	2
7125	25	71	13653	16	1	2
7126	26	71	15488	16	1	2
7127	27	71	1593	16	1	2
7128	28	71	13190	16	1	2
7129	29	71	14480	16	1	2
7130	30	71	14503	16	1	2
7131	31	71	9486	16	1	2
7132	32	71	18372	16	1	2
7133	33	71	6758	16	1	2
7134	34	71	12445	16	1	2
7135	35	71	1617	16	1	2
7136	36	71	7930	16	1	2
7137	37	71	10999	16	1	2
7138	38	71	16266	16	1	2
7139	39	71	15258	16	1	2
7140	40	71	17710	16	1	2
7141	41	71	17594	16	1	2
7142	42	71	9812	16	1	2
7143	43	71	8981	16	1	2
7144	44	71	16067	16	1	1
7145	45	71	19936	16	1	1
7146	46	71	11054	16	1	1
7147	47	71	12543	16	1	1
7148	48	71	14528	16	1	1
7149	49	71	19032	16	1	1
7150	50	71	4028	16	1	1
7151	51	71	19369	16	1	1
7152	52	71	16910	16	1	1
7153	53	71	962	16	1	1
7154	54	71	13191	16	1	1
7155	55	71	18925	16	1	1
7156	56	71	4353	16	1	1
7157	57	71	10371	16	1	1
7158	58	71	17119	16	1	1
7159	59	71	15434	16	1	1
7160	60	71	17508	16	1	1
7161	61	71	6390	16	1	0
7162	62	71	15445	16	1	0
7163	63	71	8397	16	1	0
7164	64	71	5985	16	1	0
7165	65	71	17150	16	1	0
7166	66	71	16069	16	1	0
7167	67	71	17414	16	1	0
7168	68	71	7971	16	1	0
7169	69	71	6740	16	1	0
7170	70	71	15595	16	1	0
7171	71	71	11257	16	1	0
7172	72	71	15276	16	1	0
7173	73	71	15338	16	1	0
7174	74	71	14472	16	1	0
7175	75	71	8741	16	1	0
7176	76	71	8969	16	1	0
7177	77	71	10299	16	1	0
7178	78	71	9991	16	1	0
7179	79	71	18608	16	1	0
7180	80	71	8002	16	1	0
7181	81	71	15653	16	1	0
7182	82	71	2799	16	1	0
7183	83	71	9660	16	1	0
7184	84	71	11084	16	1	0
7185	85	71	18268	16	1	0
7186	86	71	635	16	1	0
7187	87	71	12901	16	1	0
7188	88	71	7113	16	1	0
7189	89	71	19888	16	1	0
7190	90	71	13523	16	1	0
7191	91	71	10326	16	1	0
7192	92	71	11882	16	1	0
7193	93	71	14860	16	1	0
7194	94	71	5711	16	0	3
7195	95	71	8902	16	0	1
7196	96	71	10460	16	0	1
7197	97	71	5892	16	0	1
7198	98	71	4170	16	0	0
7199	99	71	3420	16	0	0
7200	0	72	9829	16	2	2
7201	1	72	13472	16	2	2
7202	2	72	523	16	2	2
7203	3	72	6597	16	2	2
7204	4	72	18403	16	2	2
7205	5	72	9392	16	2	2
7206	6	72	15679	16	2	2
7207	7	72	17317	16	2	2
7208	8	72	15890	16	2	2
7209	9	72	14079	16	2	1
7210	10	72	9653	16	2	1
7211	11	72	1116	16	2	1
7212	12	72	9453	16	2	0
7213	13	72	17805	16	2	0
7214	14	72	15746	16	2	0
7215	15	72	10975	16	2	0
7216	16	72	10625	16	2	0
7217	17	72	15930	16	2	0
7218	18	72	371	16	1	2
7219	19	72	13160	16	1	2
7220	20	72	1865	16	1	2
7221	21	72	7093	16	1	2
7222	22	72	7895	16	1	2
7223	23	72	12690	16	1	2
7224	24	72	5815	16	1	2
7225	25	72	496	16	1	2
7226	26	72	16923	16	1	2
7227	27	72	15603	16	1	2
7228	28	72	17492	16	1	2
7229	29	72	18500	16	1	2
7230	30	72	3958	16	1	2
7231	31	72	18169	16	1	2
7232	32	72	18328	16	1	2
7233	33	72	16666	16	1	2
7234	34	72	39	16	1	2
7235	35	72	4203	16	1	2
7236	36	72	5302	16	1	2
7237	37	72	8929	16	1	2
7238	38	72	12986	16	1	2
7239	39	72	9170	16	1	2
7240	40	72	19913	16	1	2
7241	41	72	6053	16	1	2
7242	42	72	17240	16	1	2
7243	43	72	12276	16	1	2
7244	44	72	17080	16	1	2
7245	45	72	12968	16	1	2
7246	46	72	3803	16	1	2
7247	47	72	14414	16	1	2
7248	48	72	16631	16	1	2
7249	49	72	515	16	1	2
7250	50	72	453	16	1	2
7251	51	72	15925	16	1	1
7252	52	72	4391	16	1	1
7253	53	72	10057	16	1	1
7254	54	72	18892	16	1	1
7255	55	72	19542	16	1	1
7256	56	72	17349	16	1	1
7257	57	72	19433	16	1	1
7258	58	72	3806	16	1	1
7259	59	72	10869	16	1	1
7260	60	72	19180	16	1	1
7261	61	72	17848	16	1	1
7262	62	72	6332	16	1	1
7263	63	72	18167	16	1	1
7264	64	72	9149	16	1	1
7265	65	72	18559	16	1	1
7266	66	72	9632	16	1	1
7267	67	72	14092	16	1	1
7268	68	72	2843	16	1	1
7269	69	72	7913	16	1	1
7270	70	72	15986	16	1	1
7271	71	72	12564	16	1	1
7272	72	72	1868	16	1	0
7273	73	72	12289	16	1	0
7274	74	72	18502	16	1	0
7275	75	72	1969	16	1	0
7276	76	72	17962	16	1	0
7277	77	72	8877	16	1	0
7278	78	72	14382	16	1	0
7279	79	72	15904	16	1	0
7280	80	72	13773	16	1	0
7281	81	72	15896	16	1	0
7282	82	72	19942	16	1	0
7283	83	72	12890	16	1	0
7284	84	72	16445	16	1	0
7285	85	72	15065	16	1	0
7286	86	72	12813	16	1	0
7287	87	72	14408	16	1	0
7288	88	72	9449	16	1	0
7289	89	72	1823	16	1	0
7290	90	72	6123	16	1	0
7291	91	72	18790	16	1	0
7292	92	72	10865	16	1	0
7293	93	72	4542	16	1	0
7294	94	72	18278	16	1	0
7295	95	72	6223	16	0	2
7296	96	72	4366	16	0	1
7297	97	72	5933	16	0	1
7298	98	72	13368	16	0	0
7299	99	72	105	16	0	2
7300	0	73	16443	16	2	3
7301	1	73	9799	16	2	3
7302	2	73	12243	16	2	2
7303	3	73	11059	16	2	2
7304	4	73	16043	16	2	2
7305	5	73	6966	16	2	2
7306	6	73	16367	16	2	2
7307	7	73	7130	16	2	2
7308	8	73	15336	16	2	2
7309	9	73	11569	16	2	2
7310	10	73	17595	16	2	2
7311	11	73	607	15	2	2
7312	12	73	8383	16	2	1
7313	13	73	9727	16	2	1
7314	14	73	6960	16	2	1
7315	15	73	17881	16	2	0
7316	16	73	17155	16	2	0
7317	17	73	15037	16	2	0
7318	18	73	7277	16	2	0
7319	19	73	13885	16	2	0
7320	20	73	11046	15	2	0
7321	21	73	19092	16	1	3
7322	22	73	13747	16	1	3
7323	23	73	19838	15	1	3
7324	24	73	3168	16	1	2
7325	25	73	10998	16	1	2
7326	26	73	10931	16	1	2
7327	27	73	19280	16	1	2
7328	28	73	10550	16	1	2
7329	29	73	7792	16	1	2
7330	30	73	19614	16	1	2
7331	31	73	12780	16	1	2
7332	32	73	15889	16	1	2
7333	33	73	14870	16	1	2
7334	34	73	6059	16	1	2
7335	35	73	17957	16	1	2
7336	36	73	10415	16	1	2
7337	37	73	15687	16	1	2
7338	38	73	15533	16	1	2
7339	39	73	15898	16	1	2
7340	40	73	14619	16	1	2
7341	41	73	441	16	1	2
7342	42	73	14618	16	1	2
7343	43	73	19122	16	1	2
7344	44	73	8660	16	1	2
7345	45	73	15154	16	1	1
7346	46	73	6626	16	1	1
7347	47	73	14342	16	1	1
7348	48	73	10068	16	1	1
7349	49	73	17559	16	1	1
7350	50	73	6220	16	1	1
7351	51	73	10687	16	1	1
7352	52	73	18791	16	1	1
7353	53	73	11397	16	1	1
7354	54	73	11992	16	1	1
7355	55	73	9883	16	1	1
7356	56	73	1060	16	1	1
7357	57	73	7990	16	1	1
7358	58	73	16342	16	1	1
7359	59	73	8593	16	1	1
7360	60	73	16125	16	1	1
7361	61	73	11242	16	1	1
7362	62	73	7509	16	1	1
7363	63	73	19623	16	1	1
7364	64	73	12951	16	1	0
7365	65	73	12952	16	1	0
7366	66	73	13197	16	1	0
7367	67	73	13029	16	1	0
7368	68	73	15698	16	1	0
7369	69	73	15444	16	1	0
7370	70	73	7266	16	1	0
7371	71	73	18308	16	1	0
7372	72	73	9693	16	1	0
7373	73	73	20014	16	1	0
7374	74	73	9180	16	1	0
7375	75	73	12251	16	1	0
7376	76	73	9540	16	1	0
7377	77	73	2877	16	1	0
7378	78	73	15201	16	1	0
7379	79	73	13091	16	1	0
7380	80	73	14527	16	1	0
7381	81	73	17390	16	1	0
7382	82	73	13942	16	1	0
7383	83	73	3817	16	1	0
7384	84	73	14960	16	1	0
7385	85	73	12850	16	1	0
7386	86	73	19982	16	1	0
7387	87	73	6742	16	1	0
7388	88	73	17814	15	1	0
7389	89	73	11067	15	1	0
7390	90	73	15841	15	1	0
7391	91	73	14517	15	1	0
7392	92	73	14823	15	1	0
7393	93	73	1845	15	1	0
7394	94	73	374	16	0	2
7395	95	73	4432	16	0	1
7396	96	73	3874	16	0	0
7397	97	73	14306	16	0	0
7398	98	73	5558	16	0	0
7399	99	73	5723	15	0	0
7400	0	74	8149	15	2	2
7401	1	74	13584	15	2	2
7402	2	74	13976	15	2	2
7403	3	74	33	15	2	2
7404	4	74	379	15	2	2
7405	5	74	17313	15	2	2
7406	6	74	18385	15	2	2
7407	7	74	15938	15	2	1
7408	8	74	8632	15	2	1
7409	9	74	15393	15	2	1
7410	10	74	1071	15	2	1
7411	11	74	16187	15	2	0
7412	12	74	15107	15	2	0
7413	13	74	19321	15	2	0
7414	14	74	13250	15	2	0
7415	15	74	16189	15	2	0
7416	16	74	17481	15	2	0
7417	17	74	15508	15	2	0
7418	18	74	8726	15	2	0
7419	19	74	13901	15	2	0
7420	20	74	17770	15	2	0
7421	21	74	1981	15	2	0
7422	22	74	17772	15	2	0
7423	23	74	16270	15	2	0
7424	24	74	11889	15	1	3
7425	25	74	8834	15	1	3
7426	26	74	14361	15	1	2
7427	27	74	5720	15	1	2
7428	28	74	388	15	1	2
7429	29	74	14714	15	1	2
7430	30	74	11770	15	1	2
7431	31	74	132	15	1	2
7432	32	74	6120	15	1	2
7433	33	74	13817	15	1	2
7434	34	74	17771	15	1	2
7435	35	74	11229	15	1	2
7436	36	74	17060	15	1	2
7437	37	74	7725	15	1	2
7438	38	74	41	15	1	2
7439	39	74	12588	15	1	2
7440	40	74	11555	15	1	2
7441	41	74	1001	15	1	2
7442	42	74	564	15	1	2
7443	43	74	1651	15	1	2
7444	44	74	6838	15	1	2
7445	45	74	7354	15	1	2
7446	46	74	18803	15	1	2
7447	47	74	18195	15	1	2
7448	48	74	351	15	1	2
7449	49	74	8415	15	1	2
7450	50	74	12703	15	1	2
7451	51	74	18298	15	1	2
7452	52	74	11431	15	1	2
7453	53	74	6633	15	1	1
7454	54	74	8966	15	1	1
7455	55	74	13258	15	1	1
7456	56	74	14008	15	1	1
7457	57	74	1172	15	1	1
7458	58	74	3680	15	1	1
7459	59	74	896	15	1	1
7460	60	74	1765	15	1	1
7461	61	74	6560	15	1	1
7462	62	74	12702	15	1	0
7463	63	74	17696	15	1	0
7464	64	74	19024	15	1	0
7465	65	74	8953	15	1	0
7466	66	74	11098	15	1	0
7467	67	74	12023	15	1	0
7468	68	74	10982	15	1	0
7469	69	74	10793	15	1	0
7470	70	74	6759	15	1	0
7471	71	74	18741	15	1	0
7472	72	74	11612	15	1	0
7473	73	74	1598	15	1	0
7474	74	74	9889	15	1	0
7475	75	74	19807	15	1	0
7476	76	74	13178	15	1	0
7477	77	74	18238	15	1	0
7478	78	74	15724	15	1	0
7479	79	74	17941	15	1	0
7480	80	74	11062	15	1	0
7481	81	74	16785	15	1	0
7482	82	74	18355	15	1	0
7483	83	74	9985	15	1	0
7484	84	74	8866	15	1	0
7485	85	74	18242	15	1	0
7486	86	74	16085	15	1	0
7487	87	74	14658	15	1	0
7488	88	74	16775	15	1	0
7489	89	74	18209	15	1	0
7490	90	74	18316	15	1	0
7491	91	74	10824	15	1	0
7492	92	74	14785	15	1	0
7493	93	74	12287	15	1	0
7494	94	74	3268	15	1	0
7495	95	74	7883	15	1	0
7496	96	74	8363	15	0	3
7497	97	74	17022	15	0	1
7498	98	74	4801	15	0	0
7499	99	74	548	15	0	2
7500	0	75	7453	15	2	3
7501	1	75	15705	15	2	3
7502	2	75	9017	15	2	3
7503	3	75	11722	15	2	2
7504	4	75	12491	15	2	2
7505	5	75	14575	15	2	2
7506	6	75	627	15	2	2
7507	7	75	13125	15	2	2
7508	8	75	391	15	2	2
7509	9	75	6451	15	2	2
7510	10	75	816	15	2	2
7511	11	75	11723	15	2	2
7512	12	75	8480	15	2	2
7513	13	75	16448	15	2	1
7514	14	75	7381	15	2	1
7515	15	75	11025	15	2	1
7516	16	75	7657	15	2	1
7517	17	75	10984	15	2	1
7518	18	75	10431	15	2	1
7519	19	75	18368	15	2	1
7520	20	75	9421	15	2	1
7521	21	75	13499	15	2	0
7522	22	75	16192	15	2	0
7523	23	75	13855	15	2	0
7524	24	75	10015	15	2	0
7525	25	75	16190	15	2	0
7526	26	75	14107	15	2	0
7527	27	75	13333	15	2	0
7528	28	75	9675	15	2	0
7529	29	75	15368	15	2	0
7530	30	75	11973	15	2	0
7531	31	75	9674	15	2	0
7532	32	75	18331	15	1	2
7533	33	75	372	15	1	2
7534	34	75	18825	15	1	2
7535	35	75	17112	15	1	2
7536	36	75	16596	15	1	2
7537	37	75	8735	15	1	2
7538	38	75	8736	15	1	2
7539	39	75	2033	15	1	2
7540	40	75	19785	15	1	2
7541	41	75	16872	15	1	2
7542	42	75	580	15	1	2
7543	43	75	2045	15	1	2
7544	44	75	9333	15	1	2
7545	45	75	15232	15	1	2
7546	46	75	9893	15	1	2
7547	47	75	17497	15	1	2
7548	48	75	8440	15	1	2
7549	49	75	11328	15	1	2
7550	50	75	12409	15	1	2
7551	51	75	12561	15	1	1
7552	52	75	12109	15	1	1
7553	53	75	8856	15	1	1
7554	54	75	19657	15	1	1
7555	55	75	15824	15	1	1
7556	56	75	15882	15	1	1
7557	57	75	9289	15	1	1
7558	58	75	13275	15	1	1
7559	59	75	19530	15	1	1
7560	60	75	14905	15	1	1
7561	61	75	18965	15	1	0
7562	62	75	6910	15	1	0
7563	63	75	1667	15	1	0
7564	64	75	14484	15	1	0
7565	65	75	17169	15	1	0
7566	66	75	14531	15	1	0
7567	67	75	11416	15	1	0
7568	68	75	9176	15	1	0
7569	69	75	11931	15	1	0
7570	70	75	14351	15	1	0
7571	71	75	8064	15	1	0
7572	72	75	13193	15	1	0
7573	73	75	8940	15	1	0
7574	74	75	13891	15	1	0
7575	75	75	9843	15	1	0
7576	76	75	18203	15	1	0
7577	77	75	16863	15	1	0
7578	78	75	18782	15	1	0
7579	79	75	6716	15	1	0
7580	80	75	18517	15	1	0
7581	81	75	13537	15	1	0
7582	82	75	3703	15	1	0
7583	83	75	13953	15	1	0
7584	84	75	8182	15	1	0
7585	85	75	12505	15	1	0
7586	86	75	18997	15	1	0
7587	87	75	1102	15	1	0
7588	88	75	10973	15	1	0
7589	89	75	19051	15	1	0
7590	90	75	19044	15	1	0
7591	91	75	7387	15	1	0
7592	92	75	13879	15	1	0
7593	93	75	10561	15	0	2
7594	94	75	4719	15	0	2
7595	95	75	18940	15	0	1
7596	96	75	6219	15	0	1
7597	97	75	18344	15	0	1
7598	98	75	10312	15	0	0
7599	99	75	4513	15	0	1
7600	0	76	7144	15	2	3
7601	1	76	17660	15	2	2
7602	2	76	633	15	2	2
7603	3	76	7482	15	2	2
7604	4	76	17829	15	2	2
7605	5	76	11413	15	2	2
7606	6	76	1951	15	2	2
7607	7	76	570	15	2	2
7608	8	76	9126	15	2	2
7609	9	76	13648	15	2	1
7610	10	76	10054	15	2	1
7611	11	76	15479	15	2	1
7612	12	76	12711	15	2	1
7613	13	76	897	15	2	1
7614	14	76	10990	15	2	1
7615	15	76	8066	15	2	1
7616	16	76	13508	15	2	1
7617	17	76	13635	15	2	1
7618	18	76	7573	15	2	0
7619	19	76	17248	15	2	0
7620	20	76	9625	15	2	0
7621	21	76	15575	15	2	0
7622	22	76	9177	15	2	0
7623	23	76	11841	15	2	0
7624	24	76	12760	15	2	0
7625	25	76	12385	15	2	0
7626	26	76	15357	15	2	0
7627	27	76	8699	15	2	0
7628	28	76	14336	15	1	3
7629	29	76	14885	15	1	2
7630	30	76	425	15	1	2
7631	31	76	348	15	1	2
7632	32	76	1627	15	1	2
7633	33	76	16032	15	1	2
7634	34	76	10725	15	1	2
7635	35	76	16922	15	1	2
7636	36	76	13846	15	1	2
7637	37	76	7592	15	1	2
7638	38	76	9375	15	1	2
7639	39	76	7585	15	1	2
7640	40	76	8589	15	1	2
7641	41	76	7067	15	1	2
7642	42	76	19327	15	1	2
7643	43	76	12749	15	1	2
7644	44	76	406	15	1	2
7645	45	76	18425	15	1	2
7646	46	76	14184	15	1	1
7647	47	76	15951	15	1	1
7648	48	76	8162	15	1	1
7649	49	76	19551	15	1	1
7650	50	76	19892	15	1	1
7651	51	76	17278	15	1	1
7652	52	76	1126	15	1	1
7653	53	76	16321	15	1	1
7654	54	76	1732	15	1	1
7655	55	76	4912	15	1	1
7656	56	76	11530	15	1	1
7657	57	76	19496	15	1	1
7658	58	76	3576	15	1	1
7659	59	76	18831	15	1	1
7660	60	76	13546	15	1	1
7661	61	76	18672	15	1	1
7662	62	76	10010	15	1	1
7663	63	76	11089	15	1	1
7664	64	76	3473	15	1	0
7665	65	76	9407	15	1	0
7666	66	76	8353	15	1	0
7667	67	76	6563	15	1	0
7668	68	76	8293	15	1	0
7669	69	76	13144	15	1	0
7670	70	76	16050	15	1	0
7671	71	76	18698	15	1	0
7672	72	76	10411	15	1	0
7673	73	76	16060	15	1	0
7674	74	76	7358	15	1	0
7675	75	76	16769	15	1	0
7676	76	76	16677	15	1	0
7677	77	76	19769	15	1	0
7678	78	76	7799	15	1	0
7679	79	76	7296	15	1	0
7680	80	76	7393	15	1	0
7681	81	76	14022	15	1	0
7682	82	76	9891	15	1	0
7683	83	76	9113	15	1	0
7684	84	76	9980	15	1	0
7685	85	76	7346	15	1	0
7686	86	76	10422	15	1	0
7687	87	76	7055	15	1	0
7688	88	76	17369	15	1	0
7689	89	76	8188	15	1	0
7690	90	76	2035	15	1	0
7691	91	76	15554	15	1	0
7692	92	76	8509	15	1	0
7693	93	76	16672	15	1	0
7694	94	76	3987	15	1	0
7695	95	76	1049	15	1	0
7696	96	76	4413	15	0	2
7697	97	76	5523	15	0	0
7698	98	76	7935	15	0	0
7699	99	76	4104	15	0	0
7700	0	77	14827	15	2	3
7701	1	77	601	15	2	2
7702	2	77	16195	15	2	2
7703	3	77	628	15	2	2
7704	4	77	421	15	2	2
7705	5	77	16661	15	2	2
7706	6	77	7433	15	2	2
7707	7	77	14185	15	2	1
7708	8	77	18249	15	2	1
7709	9	77	16446	15	2	1
7710	10	77	14847	15	2	1
7711	11	77	7154	15	2	1
7712	12	77	7796	15	2	1
7713	13	77	1942	15	2	1
7714	14	77	15148	15	2	1
7715	15	77	7155	15	2	0
7716	16	77	11808	15	2	0
7717	17	77	19079	15	2	0
7718	18	77	12531	15	2	0
7719	19	77	15560	15	2	0
7720	20	77	8674	15	2	0
7721	21	77	8843	15	2	0
7722	22	77	7481	15	2	0
7723	23	77	17264	15	2	0
7724	24	77	11951	15	1	3
7725	25	77	2341	15	1	3
7726	26	77	9162	15	1	3
7727	27	77	6409	15	1	3
7728	28	77	6621	15	1	2
7729	29	77	17920	15	1	2
7730	30	77	18954	15	1	2
7731	31	77	18955	15	1	2
7732	32	77	10143	15	1	2
7733	33	77	19988	15	1	2
7734	34	77	11441	15	1	2
7735	35	77	536	15	1	2
7736	36	77	8932	15	1	2
7737	37	77	813	15	1	2
7738	38	77	2936	15	1	2
7739	39	77	809	15	1	2
7740	40	77	11259	15	1	2
7741	41	77	9573	15	1	2
7742	42	77	17534	15	1	2
7743	43	77	303	15	1	2
7744	44	77	15903	15	1	2
7745	45	77	3972	15	1	2
7746	46	77	13338	15	1	2
7747	47	77	8386	15	1	1
7748	48	77	18712	15	1	1
7749	49	77	8669	15	1	1
7750	50	77	5580	15	1	1
7751	51	77	7022	15	1	1
7752	52	77	13498	15	1	1
7753	53	77	8351	15	1	1
7754	54	77	2013	15	1	1
7755	55	77	14906	15	1	1
7756	56	77	11731	15	1	1
7757	57	77	7291	15	1	1
7758	58	77	13196	15	1	1
7759	59	77	10252	15	1	1
7760	60	77	14693	15	1	1
7761	61	77	11767	15	1	1
7762	62	77	18452	15	1	1
7763	63	77	15480	15	1	1
7764	64	77	6590	15	1	1
7765	65	77	18366	15	1	1
7766	66	77	19395	15	1	1
7767	67	77	3471	15	1	1
7768	68	77	9230	15	1	1
7769	69	77	3799	15	1	1
7770	70	77	12040	15	1	0
7771	71	77	19886	15	1	0
7772	72	77	17830	15	1	0
7773	73	77	8249	15	1	0
7774	74	77	7871	15	1	0
7775	75	77	12262	15	1	0
7776	76	77	18730	15	1	0
7777	77	77	8882	15	1	0
7778	78	77	10915	15	1	0
7779	79	77	7715	15	1	0
7780	80	77	19964	15	1	0
7781	81	77	8284	15	1	0
7782	82	77	13541	15	1	0
7783	83	77	7075	15	1	0
7784	84	77	14064	15	1	0
7785	85	77	7767	15	1	0
7786	86	77	13415	15	1	0
7787	87	77	15265	15	1	0
7788	88	77	15609	15	1	0
7789	89	77	17461	15	1	0
7790	90	77	16884	15	1	0
7791	91	77	6822	15	1	0
7792	92	77	4402	15	1	0
7793	93	77	15387	15	0	1
7794	94	77	2863	15	0	1
7795	95	77	4497	15	0	1
7796	96	77	12756	15	0	0
7797	97	77	13513	15	0	0
7798	98	77	10330	15	0	0
7799	99	77	2864	15	0	1
7800	0	78	19632	15	2	3
7801	1	78	707	15	2	2
7802	2	78	10204	15	2	2
7803	3	78	10685	15	2	2
7804	4	78	12137	15	2	2
7805	5	78	11586	15	2	2
7806	6	78	14081	15	2	2
7807	7	78	10248	15	2	2
7808	8	78	17808	15	2	2
7809	9	78	9123	15	2	2
7810	10	78	20030	15	2	2
7811	11	78	9530	15	2	2
7812	12	78	11146	15	2	2
7813	13	78	6707	15	2	2
7814	14	78	10154	15	2	1
7815	15	78	10497	15	2	1
7816	16	78	14041	15	2	1
7817	17	78	9161	15	2	1
7818	18	78	12267	15	2	1
7819	19	78	17968	15	2	1
7820	20	78	10011	15	2	1
7821	21	78	8148	15	2	0
7822	22	78	7490	15	2	0
7823	23	78	15347	15	2	0
7824	24	78	7769	15	2	0
7825	25	78	6978	15	2	0
7826	26	78	8792	15	2	0
7827	27	78	13638	15	2	0
7828	28	78	10906	15	2	0
7829	29	78	6905	15	2	0
7830	30	78	10921	15	2	0
7831	31	78	18073	15	2	0
7832	32	78	7319	15	1	2
7833	33	78	6502	15	1	2
7834	34	78	9007	15	1	2
7835	35	78	6647	15	1	2
7836	36	78	14691	15	1	2
7837	37	78	268	15	1	2
7838	38	78	15397	15	1	2
7839	39	78	18663	15	1	2
7840	40	78	690	15	1	2
7841	41	78	14666	15	1	2
7842	42	78	19312	15	1	2
7843	43	78	17752	15	1	2
7844	44	78	11639	15	1	2
7845	45	78	12225	15	1	2
7846	46	78	15091	15	1	2
7847	47	78	15960	15	1	2
7848	48	78	16509	15	1	2
7849	49	78	19365	15	1	2
7850	50	78	1645	15	1	1
7851	51	78	11296	15	1	1
7852	52	78	19413	15	1	1
7853	53	78	15858	15	1	1
7854	54	78	2468	15	1	1
7855	55	78	992	15	1	1
7856	56	78	16108	15	1	1
7857	57	78	19690	15	1	1
7858	58	78	7164	15	1	1
7859	59	78	18239	15	1	1
7860	60	78	8900	15	1	1
7861	61	78	8205	15	1	1
7862	62	78	13750	15	1	1
7863	63	78	1178	15	1	1
7864	64	78	18149	15	1	1
7865	65	78	13162	15	1	1
7866	66	78	9114	15	1	1
7867	67	78	2095	15	1	1
7868	68	78	6375	15	1	0
7869	69	78	10816	15	1	0
7870	70	78	19136	15	1	0
7871	71	78	11632	15	1	0
7872	72	78	18398	15	1	0
7873	73	78	18883	15	1	0
7874	74	78	8851	15	1	0
7875	75	78	13304	15	1	0
7876	76	78	14471	15	1	0
7877	77	78	19228	15	1	0
7878	78	78	19517	15	1	0
7879	79	78	11925	15	1	0
7880	80	78	17822	15	1	0
7881	81	78	7586	15	1	0
7882	82	78	7632	15	1	0
7883	83	78	16897	15	1	0
7884	84	78	6450	15	1	0
7885	85	78	9554	15	1	0
7886	86	78	9735	15	1	0
7887	87	78	9514	15	1	0
7888	88	78	16297	15	1	0
7889	89	78	6831	15	1	0
7890	90	78	9701	15	1	0
7891	91	78	19431	15	1	0
7892	92	78	604	15	0	2
7893	93	78	4128	15	0	2
7894	94	78	2027	15	0	2
7895	95	78	19633	15	0	2
7896	96	78	3514	15	0	2
7897	97	78	6035	15	0	2
7898	98	78	5534	15	0	1
7899	99	78	3985	15	0	0
7900	0	79	7512	15	2	3
7901	1	79	9012	15	2	2
7902	2	79	15838	15	2	2
7903	3	79	1602	15	2	2
7904	4	79	9434	15	2	2
7905	5	79	19878	15	2	2
7906	6	79	16179	15	2	2
7907	7	79	753	15	2	2
7908	8	79	10674	15	2	1
7909	9	79	6778	15	2	1
7910	10	79	17533	15	2	1
7911	11	79	9158	15	2	1
7912	12	79	15009	15	2	1
7913	13	79	10108	15	2	1
7914	14	79	11154	15	2	1
7915	15	79	9525	15	2	1
7916	16	79	14898	15	2	0
7917	17	79	15491	15	2	0
7918	18	79	16586	15	2	0
7919	19	79	15147	15	2	0
7920	20	79	6704	15	2	0
7921	21	79	16234	15	2	0
7922	22	79	13923	15	2	0
7923	23	79	14169	15	2	0
7924	24	79	9527	15	2	0
7925	25	79	7517	15	2	0
7926	26	79	12754	15	2	0
7927	27	79	19827	15	1	2
7928	28	79	16255	15	1	2
7929	29	79	5796	15	1	2
7930	30	79	15734	15	1	2
7931	31	79	3912	15	1	2
7932	32	79	13529	15	1	2
7933	33	79	2114	15	1	2
7934	34	79	777	15	1	2
7935	35	79	4500	15	1	2
7936	36	79	16585	15	1	2
7937	37	79	3982	15	1	2
7938	38	79	12972	15	1	2
7939	39	79	19840	15	1	2
7940	40	79	5943	15	1	2
7941	41	79	11911	15	1	2
7942	42	79	16333	15	1	2
7943	43	79	1928	15	1	2
7944	44	79	15090	15	1	2
7945	45	79	7311	15	1	2
7946	46	79	17059	15	1	2
7947	47	79	7627	15	1	2
7948	48	79	10863	15	1	2
7949	49	79	13002	15	1	2
7950	50	79	13281	15	1	2
7951	51	79	12120	15	1	1
7952	52	79	13147	15	1	1
7953	53	79	11645	15	1	1
7954	54	79	12839	15	1	1
7955	55	79	908	15	1	1
7956	56	79	18497	15	1	1
7957	57	79	13051	15	1	1
7958	58	79	11805	15	1	1
7959	59	79	17527	15	1	1
7960	60	79	15135	15	1	1
7961	61	79	1064	15	1	1
7962	62	79	10131	15	1	1
7963	63	79	18973	15	1	1
7964	64	79	17043	15	1	1
7965	65	79	970	15	1	1
7966	66	79	1715	15	1	1
7967	67	79	6728	15	1	1
7968	68	79	7119	15	1	1
7969	69	79	11331	15	1	1
7970	70	79	2642	15	1	1
7971	71	79	7652	15	1	1
7972	72	79	15801	15	1	0
7973	73	79	11556	15	1	0
7974	74	79	12215	15	1	0
7975	75	79	1565	15	1	0
7976	76	79	13120	15	1	0
7977	77	79	17368	15	1	0
7978	78	79	9420	15	1	0
7979	79	79	10832	15	1	0
7980	80	79	15594	15	1	0
7981	81	79	5262	15	1	0
7982	82	79	12390	15	1	0
7983	83	79	13163	15	1	0
7984	84	79	14166	15	1	0
7985	85	79	15739	15	1	0
7986	86	79	9437	15	1	0
7987	87	79	3361	15	1	0
7988	88	79	16518	15	1	0
7989	89	79	18957	15	1	0
7990	90	79	10033	15	1	0
7991	91	79	14050	15	1	0
7992	92	79	18982	15	1	0
7993	93	79	19294	15	1	0
7994	94	79	19015	15	1	0
7995	95	79	8195	15	1	0
7996	96	79	7851	15	1	0
7997	97	79	14237	15	0	1
7998	98	79	4800	15	0	0
7999	99	79	4729	15	0	0
8000	0	80	7431	15	2	2
8001	1	80	12655	15	2	2
8002	2	80	2094	15	2	2
8003	3	80	17355	15	2	2
8004	4	80	9981	15	2	2
8005	5	80	11899	15	2	2
8006	6	80	16171	15	2	1
8007	7	80	12475	15	2	1
8008	8	80	12803	15	2	1
8009	9	80	7840	15	2	0
8010	10	80	11126	15	2	0
8011	11	80	15457	15	2	0
8012	12	80	7247	15	2	0
8013	13	80	1956	15	2	0
8014	14	80	11420	15	1	3
8015	15	80	12637	15	1	3
8016	16	80	11685	15	1	3
8017	17	80	11013	15	1	2
8018	18	80	15867	15	1	2
8019	19	80	17000	15	1	2
8020	20	80	18885	15	1	2
8021	21	80	18629	15	1	2
8022	22	80	6850	15	1	2
8023	23	80	11958	15	1	2
8024	24	80	8604	15	1	2
8025	25	80	18451	15	1	2
8026	26	80	6426	15	1	2
8027	27	80	1985	15	1	2
8028	28	80	14262	15	1	2
8029	29	80	16339	15	1	2
8030	30	80	18332	15	1	2
8031	31	80	7590	15	1	2
8032	32	80	15304	15	1	2
8033	33	80	14315	15	1	2
8034	34	80	542	15	1	2
8035	35	80	356	15	1	2
8036	36	80	3915	15	1	2
8037	37	80	10416	15	1	2
8038	38	80	740	15	1	2
8039	39	80	19152	15	1	2
8040	40	80	18207	15	1	1
8041	41	80	14269	15	1	1
8042	42	80	16252	15	1	1
8043	43	80	16045	15	1	1
8044	44	80	1062	15	1	1
8045	45	80	8895	15	1	1
8046	46	80	14395	15	1	1
8047	47	80	19708	15	1	1
8048	48	80	9266	15	1	1
8049	49	80	834	15	1	1
8050	50	80	1204	15	1	1
8051	51	80	14496	15	1	1
8052	52	80	19554	15	1	1
8053	53	80	1159	15	1	1
8054	54	80	11093	15	1	1
8055	55	80	16388	15	1	1
8056	56	80	16572	15	1	1
8057	57	80	8184	15	1	1
8058	58	80	1875	15	1	1
8059	59	80	12916	15	1	1
8060	60	80	4540	15	1	1
8061	61	80	9586	15	1	0
8062	62	80	10847	15	1	0
8063	63	80	12237	15	1	0
8064	64	80	9181	15	1	0
8065	65	80	7879	15	1	0
8066	66	80	9965	15	1	0
8067	67	80	12909	15	1	0
8068	68	80	8579	15	1	0
8069	69	80	8755	15	1	0
8070	70	80	9507	15	1	0
8071	71	80	9726	15	1	0
8072	72	80	9890	15	1	0
8073	73	80	18668	15	1	0
8074	74	80	2819	15	1	0
8075	75	80	13119	15	1	0
8076	76	80	8649	15	1	0
8077	77	80	2039	15	1	0
8078	78	80	13502	15	1	0
8079	79	80	18808	15	1	0
8080	80	80	19284	15	1	0
8081	81	80	1874	15	1	0
8082	82	80	7987	15	1	0
8083	83	80	17206	15	1	0
8084	84	80	7884	15	1	0
8085	85	80	8890	15	1	0
8086	86	80	12774	15	1	0
8087	87	80	13202	15	1	0
8088	88	80	14328	15	1	0
8089	89	80	9585	15	1	0
8090	90	80	11256	15	1	0
8091	91	80	19127	15	1	0
8092	92	80	19344	15	1	0
8093	93	80	16865	15	1	0
8094	94	80	16184	15	1	0
8095	95	80	4917	15	0	2
8096	96	80	4134	15	0	1
8097	97	80	8550	15	0	1
8098	98	80	16107	15	0	0
8099	99	80	6667	15	0	3
8100	0	81	9129	15	2	2
8101	1	81	9510	15	2	2
8102	2	81	12454	15	2	2
8103	3	81	15753	15	2	2
8104	4	81	15027	15	2	2
8105	5	81	11235	15	2	2
8106	6	81	9713	15	2	2
8107	7	81	11605	15	2	2
8108	8	81	11589	15	2	1
8109	9	81	10269	15	2	1
8110	10	81	1986	15	2	0
8111	11	81	14576	15	2	0
8112	12	81	6588	15	2	0
8113	13	81	9060	15	2	0
8114	14	81	7209	15	2	0
8115	15	81	1625	15	2	0
8116	16	81	8695	15	2	0
8117	17	81	16928	15	1	3
8118	18	81	8580	15	1	2
8119	19	81	18388	15	1	2
8120	20	81	8445	15	1	2
8121	21	81	11064	15	1	2
8122	22	81	12056	15	1	2
8123	23	81	9409	15	1	2
8124	24	81	13617	15	1	2
8125	25	81	17336	15	1	2
8126	26	81	761	15	1	2
8127	27	81	10575	15	1	2
8128	28	81	11429	15	1	2
8129	29	81	13534	15	1	2
8130	30	81	14521	15	1	2
8131	31	81	15866	15	1	2
8132	32	81	17375	15	1	2
8133	33	81	18263	15	1	2
8134	34	81	5945	15	1	2
8135	35	81	676	15	1	2
8136	36	81	15922	15	1	2
8137	37	81	18796	15	1	2
8138	38	81	9971	15	1	2
8139	39	81	7949	15	1	1
8140	40	81	10599	15	1	1
8141	41	81	16591	15	1	1
8142	42	81	16007	15	1	1
8143	43	81	13044	15	1	1
8144	44	81	9832	15	1	1
8145	45	81	15462	15	1	1
8146	46	81	17708	15	1	1
8147	47	81	8636	15	1	1
8148	48	81	16046	15	1	1
8149	49	81	10874	15	1	1
8150	50	81	12874	15	1	1
8151	51	81	13990	15	1	1
8152	52	81	12672	15	1	1
8153	53	81	7756	15	1	1
8154	54	81	9598	15	1	1
8155	55	81	14492	15	1	1
8156	56	81	14493	15	1	1
8157	57	81	14494	15	1	1
8158	58	81	8275	15	1	1
8159	59	81	9128	15	1	1
8160	60	81	19817	15	1	1
8161	61	81	12236	15	1	0
8162	62	81	17068	15	1	0
8163	63	81	8976	15	1	0
8164	64	81	19616	15	1	0
8165	65	81	11317	15	1	0
8166	66	81	17493	15	1	0
8167	67	81	6574	15	1	0
8168	68	81	15348	15	1	0
8169	69	81	1121	15	1	0
8170	70	81	14551	15	1	0
8171	71	81	15396	15	1	0
8172	72	81	8441	15	1	0
8173	73	81	9718	15	1	0
8174	74	81	7347	15	1	0
8175	75	81	18809	15	1	0
8176	76	81	8313	15	1	0
8177	77	81	8517	15	1	0
8178	78	81	13341	15	1	0
8179	79	81	19948	15	1	0
8180	80	81	6789	15	1	0
8181	81	81	7003	15	1	0
8182	82	81	11784	15	1	0
8183	83	81	6765	15	1	0
8184	84	81	12388	15	1	0
8185	85	81	6700	15	1	0
8186	86	81	9267	15	1	0
8187	87	81	9677	15	1	0
8188	88	81	15469	15	1	0
8189	89	81	18701	15	1	0
8190	90	81	6885	15	1	0
8191	91	81	6582	15	1	0
8192	92	81	16622	15	1	0
8193	93	81	7306	15	1	0
8194	94	81	12053	15	1	0
8195	95	81	13324	15	1	0
8196	96	81	13753	15	1	0
8197	97	81	18587	15	1	0
8198	98	81	15139	15	1	0
8199	99	81	16547	15	0	0
8200	0	82	8810	15	2	2
8201	1	82	10386	15	2	2
8202	2	82	790	15	2	2
8203	3	82	14927	15	2	2
8204	4	82	1960	15	2	2
8205	5	82	14071	15	2	2
8206	6	82	12967	15	2	2
8207	7	82	16257	15	2	2
8208	8	82	583	15	2	2
8209	9	82	1152	15	2	1
8210	10	82	8842	15	2	1
8211	11	82	12835	15	2	1
8212	12	82	15437	15	2	1
8213	13	82	1637	15	2	0
8214	14	82	15447	15	2	0
8215	15	82	8113	15	2	0
8216	16	82	13234	15	2	0
8217	17	82	17133	15	2	0
8218	18	82	1987	15	2	0
8219	19	82	16063	15	2	0
8220	20	82	17802	15	2	0
8221	21	82	7621	15	1	3
8222	22	82	12930	15	1	2
8223	23	82	14095	15	1	2
8224	24	82	9192	15	1	2
8225	25	82	11727	15	1	2
8226	26	82	12446	15	1	2
8227	27	82	19204	15	1	2
8228	28	82	13268	15	1	2
8229	29	82	18370	15	1	2
8230	30	82	19486	15	1	2
8231	31	82	18540	15	1	2
8232	32	82	7867	15	1	2
8233	33	82	18133	15	1	2
8234	34	82	7316	15	1	2
8235	35	82	14773	15	1	2
8236	36	82	13265	15	1	2
8237	37	82	11056	15	1	2
8238	38	82	12079	15	1	2
8239	39	82	2352	15	1	2
8240	40	82	7576	15	1	2
8241	41	82	12041	15	1	2
8242	42	82	14535	15	1	2
8243	43	82	18593	15	1	2
8244	44	82	19285	15	1	2
8245	45	82	16847	15	1	2
8246	46	82	11372	15	1	2
8247	47	82	1747	15	1	1
8248	48	82	2727	15	1	1
8249	49	82	13352	15	1	1
8250	50	82	13613	15	1	1
8251	51	82	8370	15	1	1
8252	52	82	6646	15	1	1
8253	53	82	7643	15	1	1
8254	54	82	12152	15	1	1
8255	55	82	12974	15	1	1
8256	56	82	17883	15	1	1
8257	57	82	18566	15	1	1
8258	58	82	16307	15	1	1
8259	59	82	19518	15	1	1
8260	60	82	18981	15	1	1
8261	61	82	9704	15	1	1
8262	62	82	11777	15	1	1
8263	63	82	15656	15	1	1
8264	64	82	16095	15	1	1
8265	65	82	8622	15	1	1
8266	66	82	16853	15	1	1
8267	67	82	10480	15	1	1
8268	68	82	14394	15	1	1
8269	69	82	19996	15	1	1
8270	70	82	9777	15	1	1
8271	71	82	19262	15	1	1
8272	72	82	16990	15	1	0
8273	73	82	7655	15	1	0
8274	74	82	17407	15	1	0
8275	75	82	18019	15	1	0
8276	76	82	19919	15	1	0
8277	77	82	7226	15	1	0
8278	78	82	11020	15	1	0
8279	79	82	11243	15	1	0
8280	80	82	17402	15	1	0
8281	81	82	18481	15	1	0
8282	82	82	1911	15	1	0
8283	83	82	11248	15	1	0
8284	84	82	11578	15	1	0
8285	85	82	14478	15	1	0
8286	86	82	7246	15	1	0
8287	87	82	10974	15	1	0
8288	88	82	7744	15	1	0
8289	89	82	19445	15	1	0
8290	90	82	6881	15	1	0
8291	91	82	17062	15	1	0
8292	92	82	12801	15	1	0
8293	93	82	14039	15	1	0
8294	94	82	14340	15	1	0
8295	95	82	16144	15	1	0
8296	96	82	9705	15	1	0
8297	97	82	2735	15	0	1
8298	98	82	9204	15	0	1
8299	99	82	4446	15	0	1
8300	0	83	10304	15	2	2
8301	1	83	16275	15	2	2
8302	2	83	15848	15	2	2
8303	3	83	7213	15	2	2
8304	4	83	7537	15	2	2
8305	5	83	8946	15	2	2
8306	6	83	8196	15	2	1
8307	7	83	1008	15	2	1
8308	8	83	12927	15	2	1
8309	9	83	3071	15	2	1
8310	10	83	10377	15	2	0
8311	11	83	13821	15	2	0
8312	12	83	17067	15	2	0
8313	13	83	19523	15	2	0
8314	14	83	10762	15	2	0
8315	15	83	10833	15	2	0
8316	16	83	18963	15	2	0
8317	17	83	6701	15	1	3
8318	18	83	7954	15	1	3
8319	19	83	17302	15	1	3
8320	20	83	11287	15	1	3
8321	21	83	7066	15	1	3
8322	22	83	6648	15	1	2
8323	23	83	16396	15	1	2
8324	24	83	15307	15	1	2
8325	25	83	6393	15	1	2
8326	26	83	17347	15	1	2
8327	27	83	7357	15	1	2
8328	28	83	6703	15	1	2
8329	29	83	15263	15	1	2
8330	30	83	6986	15	1	2
8331	31	83	19625	15	1	2
8332	32	83	1120	15	1	2
8333	33	83	1281	15	1	2
8334	34	83	9581	15	1	2
8335	35	83	13414	15	1	2
8336	36	83	6741	15	1	2
8337	37	83	8606	15	1	2
8338	38	83	13284	15	1	2
8339	39	83	9984	15	1	2
8340	40	83	14403	15	1	2
8341	41	83	14536	15	1	2
8342	42	83	15408	15	1	2
8343	43	83	7544	15	1	2
8344	44	83	10491	15	1	1
8345	45	83	15141	15	1	1
8346	46	83	19339	15	1	1
8347	47	83	8180	15	1	1
8348	48	83	11419	15	1	1
8349	49	83	13140	15	1	1
8350	50	83	10806	15	1	1
8351	51	83	16927	15	1	1
8352	52	83	19446	15	1	1
8353	53	83	1887	15	1	1
8354	54	83	14606	15	1	1
8355	55	83	19001	15	1	1
8356	56	83	14801	15	1	1
8357	57	83	17436	15	1	1
8358	58	83	14189	15	1	1
8359	59	83	3866	15	1	1
8360	60	83	16890	15	1	1
8361	61	83	12279	15	1	1
8362	62	83	13361	15	1	1
8363	63	83	16430	15	1	1
8364	64	83	18088	15	1	1
8365	65	83	12700	15	1	1
8366	66	83	6674	15	1	1
8367	67	83	10722	15	1	1
8368	68	83	6537	15	1	0
8369	69	83	7040	15	1	0
8370	70	83	9504	15	1	0
8371	71	83	10346	15	1	0
8372	72	83	10533	15	1	0
8373	73	83	18397	15	1	0
8374	74	83	18666	15	1	0
8375	75	83	14265	15	1	0
8376	76	83	9222	15	1	0
8377	77	83	9723	15	1	0
8378	78	83	13744	15	1	0
8379	79	83	4039	15	1	0
8380	80	83	9824	15	1	0
8381	81	83	13272	15	1	0
8382	82	83	15909	15	1	0
8383	83	83	19025	15	1	0
8384	84	83	19022	15	1	0
8385	85	83	12028	15	1	0
8386	86	83	7487	15	1	0
8387	87	83	17489	15	1	0
8388	88	83	16030	15	1	0
8389	89	83	19420	15	1	0
8390	90	83	15077	15	1	0
8391	91	83	7179	15	1	0
8392	92	83	18734	15	1	0
8393	93	83	17639	15	1	0
8394	94	83	3011	15	1	0
8395	95	83	14193	15	1	0
8396	96	83	8203	15	1	0
8397	97	83	6025	15	0	0
8398	98	83	16919	15	0	0
8399	99	83	7808	15	0	2
8400	0	84	14126	15	2	2
8401	1	84	10787	15	2	2
8402	2	84	8082	15	2	2
8403	3	84	16180	15	2	2
8404	4	84	13861	15	2	2
8405	5	84	20037	15	2	2
8406	6	84	14475	15	2	2
8407	7	84	14023	15	2	1
8408	8	84	14748	15	2	1
8409	9	84	6996	15	2	1
8410	10	84	18053	15	2	0
8411	11	84	17371	15	2	0
8412	12	84	3742	15	2	0
8413	13	84	12520	15	2	0
8414	14	84	3046	15	1	3
8415	15	84	12286	15	1	3
8416	16	84	18443	15	1	3
8417	17	84	17501	15	1	3
8418	18	84	12671	15	1	3
8419	19	84	1105	15	1	3
8420	20	84	9395	15	1	3
8421	21	84	5942	15	1	2
8422	22	84	1653	15	1	2
8423	23	84	10467	15	1	2
8424	24	84	11245	15	1	2
8425	25	84	11878	15	1	2
8426	26	84	16002	15	1	2
8427	27	84	17178	15	1	2
8428	28	84	18521	15	1	2
8429	29	84	14889	15	1	2
8430	30	84	13724	15	1	2
8431	31	84	706	15	1	2
8432	32	84	14967	15	1	2
8433	33	84	19621	15	1	2
8434	34	84	7928	15	1	2
8435	35	84	15484	15	1	2
8436	36	84	9553	15	1	2
8437	37	84	7862	15	1	2
8438	38	84	15967	15	1	2
8439	39	84	17001	15	1	2
8440	40	84	13013	15	1	2
8441	41	84	18215	15	1	2
8442	42	84	9599	15	1	2
8443	43	84	629	15	1	2
8444	44	84	6459	15	1	2
8445	45	84	12255	15	1	2
8446	46	84	9773	15	1	2
8447	47	84	13806	15	1	1
8448	48	84	15711	15	1	1
8449	49	84	18726	15	1	1
8450	50	84	1158	15	1	1
8451	51	84	16817	15	1	1
8452	52	84	17203	15	1	1
8453	53	84	3375	15	1	1
8454	54	84	1728	15	1	1
8455	55	84	12392	15	1	1
8456	56	84	13759	15	1	1
8457	57	84	8936	15	1	1
8458	58	84	12942	15	1	1
8459	59	84	13303	15	1	1
8460	60	84	15407	15	1	1
8461	61	84	8111	15	1	1
8462	62	84	1856	15	1	1
8463	63	84	12118	15	1	1
8464	64	84	12765	15	1	1
8465	65	84	14358	15	1	1
8466	66	84	5504	15	1	0
8467	67	84	7017	15	1	0
8468	68	84	461	15	1	0
8469	69	84	4948	15	1	0
8470	70	84	6355	15	1	0
8471	71	84	15740	15	1	0
8472	72	84	16667	15	1	0
8473	73	84	8955	15	1	0
8474	74	84	9169	15	1	0
8475	75	84	17055	15	1	0
8476	76	84	14209	15	1	0
8477	77	84	7359	15	1	0
8478	78	84	8031	15	1	0
8479	79	84	9707	15	1	0
8480	80	84	11477	15	1	0
8481	81	84	11826	15	1	0
8482	82	84	14321	15	1	0
8483	83	84	17411	15	1	0
8484	84	84	18445	15	1	0
8485	85	84	18985	15	1	0
8486	86	84	10115	15	1	0
8487	87	84	10647	15	1	0
8488	88	84	2026	15	1	0
8489	89	84	7133	15	1	0
8490	90	84	7288	15	1	0
8491	91	84	15120	15	1	0
8492	92	84	19215	15	1	0
8493	93	84	15725	15	1	0
8494	94	84	6623	15	1	0
8495	95	84	20028	15	1	0
8496	96	84	15817	15	0	1
8497	97	84	2862	15	0	1
8498	98	84	4034	15	0	1
8499	99	84	17021	15	0	1
8500	0	85	8995	15	2	3
8501	1	85	405	15	2	2
8502	2	85	6948	15	2	2
8503	3	85	17325	15	2	2
8504	4	85	12451	15	2	2
8505	5	85	19548	15	2	2
8506	6	85	12870	15	2	2
8507	7	85	13840	15	2	2
8508	8	85	12552	15	2	2
8509	9	85	18250	15	2	1
8510	10	85	13093	15	2	1
8511	11	85	9874	15	2	0
8512	12	85	10382	15	2	0
8513	13	85	9236	15	2	0
8514	14	85	17832	15	2	0
8515	15	85	19389	15	2	0
8516	16	85	17385	15	2	0
8517	17	85	7284	15	1	3
8518	18	85	18306	15	1	3
8519	19	85	6520	15	1	2
8520	20	85	8106	15	1	2
8521	21	85	8822	15	1	2
8522	22	85	11756	15	1	2
8523	23	85	13255	15	1	2
8524	24	85	16244	15	1	2
8525	25	85	16911	15	1	2
8526	26	85	16552	15	1	2
8527	27	85	17446	15	1	2
8528	28	85	17646	15	1	2
8529	29	85	15663	15	1	2
8530	30	85	16821	15	1	2
8531	31	85	17247	15	1	2
8532	32	85	3416	15	1	2
8533	33	85	9506	15	1	2
8534	34	85	14966	15	1	2
8535	35	85	3275	15	1	2
8536	36	85	10720	15	1	2
8537	37	85	11750	15	1	2
8538	38	85	17295	15	1	2
8539	39	85	19887	15	1	2
8540	40	85	18870	15	1	2
8541	41	85	7620	15	1	2
8542	42	85	6527	15	1	2
8543	43	85	11761	15	1	1
8544	44	85	15102	15	1	1
8545	45	85	17658	15	1	1
8546	46	85	18680	15	1	1
8547	47	85	6807	15	1	1
8548	48	85	7755	15	1	1
8549	49	85	3503	15	1	1
8550	50	85	8656	15	1	1
8551	51	85	9749	15	1	1
8552	52	85	18145	15	1	1
8553	53	85	11070	15	1	1
8554	54	85	8750	15	1	1
8555	55	85	2006	15	1	1
8556	56	85	12579	15	1	1
8557	57	85	1551	15	1	1
8558	58	85	18292	15	1	1
8559	59	85	8305	15	1	1
8560	60	85	2104	15	1	1
8561	61	85	2820	15	1	0
8562	62	85	6415	15	1	0
8563	63	85	7887	15	1	0
8564	64	85	11940	15	1	0
8565	65	85	17327	15	1	0
8566	66	85	18775	15	1	0
8567	67	85	19226	15	1	0
8568	68	85	15007	15	1	0
8569	69	85	7188	15	1	0
8570	70	85	15712	15	1	0
8571	71	85	19075	15	1	0
8572	72	85	17932	15	1	0
8573	73	85	8800	15	1	0
8574	74	85	8663	15	1	0
8575	75	85	10995	15	1	0
8576	76	85	14913	15	1	0
8577	77	85	10845	15	1	0
8578	78	85	8358	15	1	0
8579	79	85	6604	15	1	0
8580	80	85	17807	15	1	0
8581	81	85	14992	15	1	0
8582	82	85	17479	15	1	0
8583	83	85	10112	15	1	0
8584	84	85	1056	15	1	0
8585	85	85	6764	15	1	0
8586	86	85	2105	15	1	0
8587	87	85	7374	15	1	0
8588	88	85	16895	15	1	0
8589	89	85	5599	15	1	0
8590	90	85	17002	15	1	0
8591	91	85	19314	15	1	0
8592	92	85	9076	15	1	0
8593	93	85	12698	15	1	0
8594	94	85	4384	15	0	2
8595	95	85	11396	15	0	1
8596	96	85	5992	15	0	1
8597	97	85	4520	15	0	1
8598	98	85	3543	15	0	0
8599	99	85	8477	15	0	0
8600	0	86	19764	15	2	2
8601	1	86	499	15	2	2
8602	2	86	9147	15	2	2
8603	3	86	1537	15	2	2
8604	4	86	9146	15	2	2
8605	5	86	17397	15	2	1
8606	6	86	1130	15	2	1
8607	7	86	8492	15	2	1
8608	8	86	11030	15	2	1
8609	9	86	16447	15	2	1
8610	10	86	8546	15	2	0
8611	11	86	10243	15	2	0
8612	12	86	11543	15	2	0
8613	13	86	5771	15	2	0
8614	14	86	9900	15	2	0
8615	15	86	14853	15	2	0
8616	16	86	11852	15	2	0
8617	17	86	7610	15	1	3
8618	18	86	13951	15	1	3
8619	19	86	13171	15	1	3
8620	20	86	15402	15	1	2
8621	21	86	25	15	1	2
8622	22	86	6538	15	1	2
8623	23	86	10755	15	1	2
8624	24	86	12260	15	1	2
8625	25	86	19485	15	1	2
8626	26	86	5481	15	1	2
8627	27	86	7961	15	1	2
8628	28	86	8978	15	1	2
8629	29	86	9210	15	1	2
8630	30	86	19356	15	1	2
8631	31	86	14355	15	1	2
8632	32	86	12244	15	1	2
8633	33	86	430	15	1	2
8634	34	86	12413	15	1	2
8635	35	86	13956	15	1	2
8636	36	86	14698	15	1	2
8637	37	86	8223	15	1	2
8638	38	86	17539	15	1	2
8639	39	86	12593	15	1	2
8640	40	86	16054	15	1	2
8641	41	86	623	15	1	2
8642	42	86	10897	15	1	2
8643	43	86	11861	15	1	2
8644	44	86	11926	15	1	2
8645	45	86	18752	15	1	2
8646	46	86	6389	15	1	1
8647	47	86	11479	15	1	1
8648	48	86	16858	15	1	1
8649	49	86	14750	15	1	1
8650	50	86	1888	15	1	1
8651	51	86	1930	15	1	1
8652	52	86	7705	15	1	1
8653	53	86	9577	15	1	1
8654	54	86	10503	15	1	1
8655	55	86	16625	15	1	1
8656	56	86	5937	15	1	1
8657	57	86	12384	15	1	1
8658	58	86	19316	15	1	1
8659	59	86	1718	15	1	0
8660	60	86	15893	15	1	0
8661	61	86	11726	15	1	0
8662	62	86	18166	15	1	0
8663	63	86	8668	15	1	0
8664	64	86	4510	15	1	0
8665	65	86	12126	15	1	0
8666	66	86	14213	15	1	0
8667	67	86	18260	15	1	0
8668	68	86	18693	15	1	0
8669	69	86	17933	15	1	0
8670	70	86	19121	15	1	0
8671	71	86	13257	15	1	0
8672	72	86	8321	15	1	0
8673	73	86	15116	15	1	0
8674	74	86	8519	15	1	0
8675	75	86	8520	15	1	0
8676	76	86	8703	15	1	0
8677	77	86	10173	15	1	0
8678	78	86	15182	15	1	0
8679	79	86	17376	15	1	0
8680	80	86	18107	15	1	0
8681	81	86	18516	15	1	0
8682	82	86	19900	15	1	0
8683	83	86	17893	15	1	0
8684	84	86	19304	15	1	0
8685	85	86	3589	15	1	0
8686	86	86	12601	15	1	0
8687	87	86	17358	15	1	0
8688	88	86	17359	15	1	0
8689	89	86	16383	15	1	0
8690	90	86	14034	15	1	0
8691	91	86	8679	15	1	0
8692	92	86	18200	15	1	0
8693	93	86	19579	15	1	0
8694	94	86	16077	15	1	0
8695	95	86	8749	15	1	0
8696	96	86	9816	15	1	0
8697	97	86	8556	15	0	0
8698	98	86	9321	15	0	0
8699	99	86	2350	15	0	1
8700	0	87	11851	15	2	2
8701	1	87	19268	15	2	2
8702	2	87	313	15	2	2
8703	3	87	6528	15	2	2
8704	4	87	17452	15	2	2
8705	5	87	15510	15	2	2
8706	6	87	13199	15	2	1
8707	7	87	7666	15	2	1
8708	8	87	10059	15	2	1
8709	9	87	12143	15	2	1
8710	10	87	8020	15	2	1
8711	11	87	15026	15	2	0
8712	12	87	7519	15	2	0
8713	13	87	16295	15	2	0
8714	14	87	11351	15	2	0
8715	15	87	16135	15	2	0
8716	16	87	16149	15	2	0
8717	17	87	12070	15	2	0
8718	18	87	11703	15	2	0
8719	19	87	14449	15	2	0
8720	20	87	12071	15	2	0
8721	21	87	1507	15	1	3
8722	22	87	767	15	1	2
8723	23	87	15358	15	1	2
8724	24	87	16714	15	1	2
8725	25	87	8690	15	1	2
8726	26	87	323	15	1	2
8727	27	87	10779	15	1	2
8728	28	87	13296	15	1	2
8729	29	87	9016	15	1	2
8730	30	87	16128	15	1	2
8731	31	87	10295	15	1	2
8732	32	87	11849	15	1	2
8733	33	87	10841	15	1	2
8734	34	87	18134	15	1	2
8735	35	87	3721	15	1	2
8736	36	87	16688	15	1	2
8737	37	87	9575	15	1	2
8738	38	87	11606	15	1	2
8739	39	87	18284	15	1	1
8740	40	87	13693	15	1	1
8741	41	87	7699	15	1	1
8742	42	87	10070	15	1	1
8743	43	87	4985	15	1	1
8744	44	87	17222	15	1	1
8745	45	87	18205	15	1	1
8746	46	87	8648	15	1	1
8747	47	87	13914	15	1	1
8748	48	87	15266	15	1	1
8749	49	87	1735	15	1	1
8750	50	87	6503	15	1	1
8751	51	87	10553	15	1	1
8752	52	87	15094	15	1	1
8753	53	87	19029	15	1	1
8754	54	87	4296	15	1	1
8755	55	87	2065	15	1	1
8756	56	87	18159	15	1	1
8757	57	87	7669	15	1	1
8758	58	87	17065	15	1	1
8759	59	87	16512	15	1	1
8760	60	87	5165	15	1	1
8761	61	87	16665	15	1	1
8762	62	87	10117	15	1	1
8763	63	87	10721	15	1	1
8764	64	87	13394	15	1	0
8765	65	87	11314	15	1	0
8766	66	87	11049	15	1	0
8767	67	87	19920	15	1	0
8768	68	87	18657	15	1	0
8769	69	87	8652	15	1	0
8770	70	87	10743	15	1	0
8771	71	87	19855	15	1	0
8772	72	87	19343	15	1	0
8773	73	87	8829	15	1	0
8774	74	87	9083	15	1	0
8775	75	87	9187	15	1	0
8776	76	87	11944	15	1	0
8777	77	87	12515	15	1	0
8778	78	87	13306	15	1	0
8779	79	87	14561	15	1	0
8780	80	87	14926	15	1	0
8781	81	87	16878	15	1	0
8782	82	87	17471	15	1	0
8783	83	87	18485	15	1	0
8784	84	87	8846	15	1	0
8785	85	87	9672	15	1	0
8786	86	87	8832	15	1	0
8787	87	87	9797	15	1	0
8788	88	87	11909	15	1	0
8789	89	87	19353	15	1	0
8790	90	87	7816	15	1	0
8791	91	87	7825	15	1	0
8792	92	87	10238	15	1	0
8793	93	87	16638	15	1	0
8794	94	87	16146	15	1	0
8795	95	87	19194	15	0	2
8796	96	87	2851	15	0	2
8797	97	87	8102	15	0	2
8798	98	87	16178	15	0	0
8799	99	87	4307	15	0	1
8800	0	88	14127	15	2	3
8801	1	88	12541	15	2	2
8802	2	88	13671	15	2	2
8803	3	88	537	15	2	2
8804	4	88	8431	15	2	2
8805	5	88	15036	15	2	1
8806	6	88	7440	15	2	1
8807	7	88	9390	15	2	0
8808	8	88	10144	15	2	0
8809	9	88	9073	15	2	0
8810	10	88	19218	15	2	0
8811	11	88	9467	15	2	0
8812	12	88	16227	15	2	0
8813	13	88	14212	15	2	0
8814	14	88	18970	15	1	3
8815	15	88	55	15	1	2
8816	16	88	10678	15	1	2
8817	17	88	14025	15	1	2
8818	18	88	17953	15	1	2
8819	19	88	14832	15	1	2
8820	20	88	15806	15	1	2
8821	21	88	532	15	1	2
8822	22	88	8526	15	1	2
8823	23	88	9446	15	1	2
8824	24	88	8133	15	1	2
8825	25	88	10217	15	1	2
8826	26	88	10677	15	1	2
8827	27	88	13701	15	1	2
8828	28	88	16845	15	1	2
8829	29	88	13213	15	1	2
8830	30	88	19854	15	1	2
8831	31	88	192	15	1	2
8832	32	88	6521	15	1	2
8833	33	88	18124	15	1	2
8834	34	88	10576	15	1	2
8835	35	88	11204	15	1	2
8836	36	88	1099	15	1	1
8837	37	88	9856	15	1	1
8838	38	88	12662	15	1	1
8839	39	88	12964	15	1	1
8840	40	88	18522	15	1	1
8841	41	88	18941	15	1	1
8842	42	88	11249	15	1	1
8843	43	88	7966	15	1	1
8844	44	88	16053	15	1	1
8845	45	88	18121	15	1	1
8846	46	88	1024	15	1	1
8847	47	88	5568	15	1	1
8848	48	88	6401	15	1	1
8849	49	88	8620	15	1	1
8850	50	88	15758	15	1	1
8851	51	88	8428	15	1	1
8852	52	88	17177	15	1	1
8853	53	88	19787	15	1	1
8854	54	88	12383	15	1	1
8855	55	88	16251	15	1	1
8856	56	88	7156	15	1	1
8857	57	88	7837	15	1	1
8858	58	88	9223	15	1	1
8859	59	88	9356	15	1	1
8860	60	88	15644	15	1	1
8861	61	88	7658	15	1	0
8862	62	88	6458	15	1	0
8863	63	88	7815	15	1	0
8864	64	88	9435	15	1	0
8865	65	88	9519	15	1	0
8866	66	88	17101	15	1	0
8867	67	88	16161	15	1	0
8868	68	88	8584	15	1	0
8869	69	88	10746	15	1	0
8870	70	88	12888	15	1	0
8871	71	88	18526	15	1	0
8872	72	88	10669	15	1	0
8873	73	88	18962	15	1	0
8874	74	88	3676	15	1	0
8875	75	88	7011	15	1	0
8876	76	88	1631	15	1	0
8877	77	88	15766	15	1	0
8878	78	88	18179	15	1	0
8879	79	88	18232	15	1	0
8880	80	88	10809	15	1	0
8881	81	88	14797	15	1	0
8882	82	88	7096	15	1	0
8883	83	88	14402	15	1	0
8884	84	88	7886	15	1	0
8885	85	88	13928	15	1	0
8886	86	88	14192	15	1	0
8887	87	88	7780	15	1	0
8888	88	88	10174	15	1	0
8889	89	88	14430	15	1	0
8890	90	88	15032	15	1	0
8891	91	88	15406	15	1	0
8892	92	88	17154	15	1	0
8893	93	88	9901	15	0	2
8894	94	88	3604	15	0	1
8895	95	88	6080	15	0	1
8896	96	88	13484	15	0	1
8897	97	88	2267	15	0	1
8898	98	88	17363	15	0	0
8899	99	88	18826	15	0	2
8900	0	89	13578	15	2	3
8901	1	89	9241	15	2	2
8902	2	89	19863	15	2	2
8903	3	89	3196	15	2	2
8904	4	89	15404	15	2	2
8905	5	89	6788	15	2	2
8906	6	89	14072	15	2	2
8907	7	89	13590	15	2	2
8908	8	89	16522	15	2	1
8909	9	89	17237	15	2	0
8910	10	89	19707	15	2	0
8911	11	89	16477	15	2	0
8912	12	89	7770	15	2	0
8913	13	89	16599	15	2	0
8914	14	89	1929	15	1	2
8915	15	89	10404	15	1	2
8916	16	89	7869	15	1	2
8917	17	89	10655	15	1	2
8918	18	89	13815	15	1	2
8919	19	89	17340	15	1	2
8920	20	89	9815	15	1	2
8921	21	89	16548	15	1	2
8922	22	89	8403	15	1	2
8923	23	89	17946	15	1	2
8924	24	89	7370	15	1	2
8925	25	89	14276	15	1	2
8926	26	89	7771	15	1	2
8927	27	89	17286	15	1	2
8928	28	89	7988	15	1	2
8929	29	89	14816	15	1	2
8930	30	89	15353	15	1	2
8931	31	89	13487	15	1	2
8932	32	89	7198	15	1	2
8933	33	89	8087	15	1	2
8934	34	89	9028	15	1	2
8935	35	89	14861	15	1	2
8936	36	89	16839	15	1	2
8937	37	89	20022	15	1	1
8938	38	89	9759	15	1	1
8939	39	89	14935	15	1	1
8940	40	89	12719	15	1	1
8941	41	89	1143	15	1	1
8942	42	89	9293	15	1	1
8943	43	89	1122	15	1	1
8944	44	89	12222	15	1	1
8945	45	89	9772	15	1	1
8946	46	89	12634	15	1	1
8947	47	89	1149	15	1	1
8948	48	89	10873	15	1	1
8949	49	89	4708	15	1	1
8950	50	89	7911	15	1	1
8951	51	89	18737	15	1	1
8952	52	89	15194	15	1	1
8953	53	89	14812	15	1	1
8954	54	89	7531	15	1	1
8955	55	89	11187	15	1	1
8956	56	89	2032	15	1	1
8957	57	89	6889	15	1	1
8958	58	89	7633	15	1	1
8959	59	89	10165	15	1	1
8960	60	89	11939	15	1	1
8961	61	89	12265	15	1	1
8962	62	89	16449	15	1	1
8963	63	89	9566	15	1	1
8964	64	89	6568	15	1	1
8965	65	89	12535	15	1	1
8966	66	89	19082	15	1	1
8967	67	89	12067	15	1	1
8968	68	89	15216	15	1	1
8969	69	89	10785	15	1	0
8970	70	89	17572	15	1	0
8971	71	89	9292	15	1	0
8972	72	89	11298	15	1	0
8973	73	89	13688	15	1	0
8974	74	89	17236	15	1	0
8975	75	89	16681	15	1	0
8976	76	89	19572	15	1	0
8977	77	89	8335	15	1	0
8978	78	89	18968	15	1	0
8979	79	89	13906	15	1	0
8980	80	89	18684	15	1	0
8981	81	89	7662	15	1	0
8982	82	89	8373	15	1	0
8983	83	89	1563	15	1	0
8984	84	89	12946	15	1	0
8985	85	89	12161	15	1	0
8986	86	89	6392	15	1	0
8987	87	89	14420	15	1	0
8988	88	89	9154	15	1	0
8989	89	89	10823	15	1	0
8990	90	89	7228	15	1	0
8991	91	89	11719	15	1	0
8992	92	89	15772	15	1	0
8993	93	89	14173	15	1	0
8994	94	89	18944	15	1	0
8995	95	89	18673	15	1	0
8996	96	89	2268	15	0	1
8997	97	89	5552	15	0	0
8998	98	89	19190	15	0	0
8999	99	89	6103	15	0	0
9000	0	90	17721	15	2	2
9001	1	90	19050	15	2	2
9002	2	90	326	15	2	2
9003	3	90	15211	15	2	2
9004	4	90	330	15	2	2
9005	5	90	464	15	2	2
9006	6	90	11033	15	2	2
9007	7	90	7455	15	2	2
9008	8	90	14164	15	2	1
9009	9	90	19702	15	2	0
9010	10	90	16274	15	2	0
9011	11	90	16587	15	2	0
9012	12	90	11800	15	2	0
9013	13	90	19484	15	1	3
9014	14	90	6117	15	1	2
9015	15	90	286	15	1	2
9016	16	90	7612	15	1	2
9017	17	90	11996	15	1	2
9018	18	90	17644	15	1	2
9019	19	90	632	15	1	2
9020	20	90	14102	15	1	2
9021	21	90	9118	15	1	2
9022	22	90	463	15	1	2
9023	23	90	7168	15	1	2
9024	24	90	8052	15	1	2
9025	25	90	15373	15	1	2
9026	26	90	11613	15	1	2
9027	27	90	8324	15	1	2
9028	28	90	10044	15	1	2
9029	29	90	14779	15	1	2
9030	30	90	8554	15	1	2
9031	31	90	9951	15	1	2
9032	32	90	9376	15	1	2
9033	33	90	16810	15	1	2
9034	34	90	11440	15	1	2
9035	35	90	514	15	1	2
9036	36	90	1870	15	1	2
9037	37	90	18434	15	1	2
9038	38	90	18692	15	1	2
9039	39	90	8704	15	1	1
9040	40	90	15388	15	1	1
9041	41	90	15593	15	1	1
9042	42	90	13263	15	1	1
9043	43	90	7739	15	1	1
9044	44	90	6810	15	1	1
9045	45	90	17606	15	1	1
9046	46	90	6536	15	1	1
9047	47	90	8698	15	1	1
9048	48	90	11983	15	1	1
9049	49	90	14170	15	1	1
9050	50	90	15119	15	1	1
9051	51	90	10261	15	1	1
9052	52	90	13469	15	1	1
9053	53	90	11179	15	1	1
9054	54	90	17491	15	1	1
9055	55	90	18754	15	1	1
9056	56	90	9020	15	1	1
9057	57	90	16568	15	1	1
9058	58	90	10434	15	1	1
9059	59	90	18493	15	1	1
9060	60	90	952	15	1	1
9061	61	90	16248	15	1	1
9062	62	90	19536	15	1	1
9063	63	90	15260	15	1	1
9064	64	90	8250	15	1	0
9065	65	90	12111	15	1	0
9066	66	90	12686	15	1	0
9067	67	90	11868	15	1	0
9068	68	90	10851	15	1	0
9069	69	90	7529	15	1	0
9070	70	90	13931	15	1	0
9071	71	90	14998	15	1	0
9072	72	90	17030	15	1	0
9073	73	90	6539	15	1	0
9074	74	90	7926	15	1	0
9075	75	90	7273	15	1	0
9076	76	90	12970	15	1	0
9077	77	90	19070	15	1	0
9078	78	90	10899	15	1	0
9079	79	90	10568	15	1	0
9080	80	90	15166	15	1	0
9081	81	90	17370	15	1	0
9082	82	90	19943	15	1	0
9083	83	90	13594	15	1	0
9084	84	90	18059	15	1	0
9085	85	90	18283	15	1	0
9086	86	90	9027	15	1	0
9087	87	90	15752	15	1	0
9088	88	90	17845	15	1	0
9089	89	90	16763	15	1	0
9090	90	90	7026	15	1	0
9091	91	90	18832	15	1	0
9092	92	90	9550	15	1	0
9093	93	90	9239	15	1	0
9094	94	90	12825	15	1	0
9095	95	90	13001	15	1	0
9096	96	90	456	15	0	2
9097	97	90	18548	15	0	2
9098	98	90	4084	15	0	0
9099	99	90	4289	15	0	2
9100	0	91	8084	15	2	3
9101	1	91	11012	15	2	2
9102	2	91	8708	15	2	2
9103	3	91	7430	15	2	2
9104	4	91	19992	15	2	2
9105	5	91	435	15	2	2
9106	6	91	631	15	2	2
9107	7	91	4639	15	2	1
9108	8	91	7056	15	2	1
9109	9	91	14857	15	2	1
9110	10	91	10958	15	2	1
9111	11	91	7423	15	2	0
9112	12	91	10255	15	2	0
9113	13	91	17873	15	2	0
9114	14	91	12277	15	2	0
9115	15	91	7981	15	2	0
9116	16	91	7982	15	2	0
9117	17	91	10449	15	2	0
9118	18	91	9194	15	1	3
9119	19	91	15245	15	1	3
9120	20	91	7091	15	1	3
9121	21	91	8215	15	1	3
9122	22	91	11618	15	1	3
9123	23	91	16517	15	1	2
9124	24	91	8409	15	1	2
9125	25	91	742	15	1	2
9126	26	91	13167	15	1	2
9127	27	91	14793	15	1	2
9128	28	91	19450	15	1	2
9129	29	91	10926	15	1	2
9130	30	91	11752	15	1	2
9131	31	91	1630	15	1	2
9132	32	91	7870	15	1	2
9133	33	91	13073	15	1	2
9134	34	91	634	15	1	2
9135	35	91	7117	15	1	2
9136	36	91	9555	15	1	2
9137	37	91	10254	15	1	2
9138	38	91	9743	15	1	2
9139	39	91	9744	15	1	2
9140	40	91	9423	15	1	2
9141	41	91	7667	15	1	2
9142	42	91	15320	15	1	2
9143	43	91	7638	15	1	2
9144	44	91	19993	15	1	2
9145	45	91	295	15	1	2
9146	46	91	10266	15	1	2
9147	47	91	11313	15	1	2
9148	48	91	16132	15	1	1
9149	49	91	9572	15	1	1
9150	50	91	18194	15	1	1
9151	51	91	10209	15	1	1
9152	52	91	11136	15	1	1
9153	53	91	14179	15	1	1
9154	54	91	15466	15	1	1
9155	55	91	19347	15	1	1
9156	56	91	16040	15	1	1
9157	57	91	10407	15	1	1
9158	58	91	5694	15	1	1
9159	59	91	15133	15	1	1
9160	60	91	17410	15	1	1
9161	61	91	19501	15	1	1
9162	62	91	12871	15	1	1
9163	63	91	7794	15	1	1
9164	64	91	7257	15	1	1
9165	65	91	15360	15	1	0
9166	66	91	16992	15	1	0
9167	67	91	10532	15	1	0
9168	68	91	16687	15	1	0
9169	69	91	15714	15	1	0
9170	70	91	1947	15	1	0
9171	71	91	9680	15	1	0
9172	72	91	11610	15	1	0
9173	73	91	19656	15	1	0
9174	74	91	3565	15	1	0
9175	75	91	18156	15	1	0
9176	76	91	3178	15	1	0
9177	77	91	18396	15	1	0
9178	78	91	11101	15	1	0
9179	79	91	7603	15	1	0
9180	80	91	8862	15	1	0
9181	81	91	10577	15	1	0
9182	82	91	10923	15	1	0
9183	83	91	11871	15	1	0
9184	84	91	13242	15	1	0
9185	85	91	16857	15	1	0
9186	86	91	17977	15	1	0
9187	87	91	19834	15	1	0
9188	88	91	18729	15	1	0
9189	89	91	6479	15	1	0
9190	90	91	8017	15	1	0
9191	91	91	8791	15	1	0
9192	92	91	14776	15	1	0
9193	93	91	6105	15	1	0
9194	94	91	9724	15	1	0
9195	95	91	9448	15	0	2
9196	96	91	5870	15	0	2
9197	97	91	6301	15	0	1
9198	98	91	19723	15	0	0
9199	99	91	9657	15	0	0
9200	0	92	12619	15	2	2
9201	1	92	6924	15	2	2
9202	2	92	9863	15	2	2
9203	3	92	9803	15	2	2
9204	4	92	8567	15	2	2
9205	5	92	14612	15	2	1
9206	6	92	9910	15	2	1
9207	7	92	12285	15	2	1
9208	8	92	8713	15	2	1
9209	9	92	6760	15	2	1
9210	10	92	8689	15	2	1
9211	11	92	16506	15	2	1
9212	12	92	11186	15	2	1
9213	13	92	10303	15	2	1
9214	14	92	7212	15	2	0
9215	15	92	11542	15	2	0
9216	16	92	8563	15	2	0
9217	17	92	7685	15	2	0
9218	18	92	15641	15	2	0
9219	19	92	17912	15	2	0
9220	20	92	7262	15	2	0
9221	21	92	19984	15	1	3
9222	22	92	15311	15	1	3
9223	23	92	9112	15	1	3
9224	24	92	13052	15	1	2
9225	25	92	13647	15	1	2
9226	26	92	15381	15	1	2
9227	27	92	17964	15	1	2
9228	28	92	9096	15	1	2
9229	29	92	14545	15	1	2
9230	30	92	17320	15	1	2
9231	31	92	7750	15	1	2
9232	32	92	8852	15	1	2
9233	33	92	7148	15	1	2
9234	34	92	12272	15	1	2
9235	35	92	18161	15	1	2
9236	36	92	11749	15	1	2
9237	37	92	779	15	1	2
9238	38	92	3478	15	1	2
9239	39	92	8951	15	1	2
9240	40	92	18667	15	1	2
9241	41	92	11794	15	1	2
9242	42	92	8728	15	1	2
9243	43	92	8359	15	1	2
9244	44	92	12365	15	1	2
9245	45	92	11169	15	1	2
9246	46	92	12722	15	1	2
9247	47	92	17036	15	1	2
9248	48	92	11410	15	1	1
9249	49	92	10502	15	1	1
9250	50	92	1160	15	1	1
9251	51	92	17649	15	1	1
9252	52	92	8357	15	1	1
9253	53	92	7152	15	1	1
9254	54	92	16452	15	1	1
9255	55	92	6853	15	1	1
9256	56	92	10794	15	1	1
9257	57	92	19113	15	1	1
9258	58	92	6657	15	1	1
9259	59	92	7580	15	1	1
9260	60	92	7600	15	1	1
9261	61	92	11063	15	1	1
9262	62	92	16692	15	1	1
9263	63	92	19203	15	1	1
9264	64	92	18762	15	1	1
9265	65	92	1081	15	1	1
9266	66	92	9679	15	1	1
9267	67	92	6483	15	1	1
9268	68	92	9080	15	1	1
9269	69	92	18454	15	1	0
9270	70	92	12623	15	1	0
9271	71	92	17362	15	1	0
9272	72	92	19086	15	1	0
9273	73	92	13374	15	1	0
9274	74	92	8646	15	1	0
9275	75	92	15128	15	1	0
9276	76	92	8128	15	1	0
9277	77	92	19408	15	1	0
9278	78	92	4156	15	1	0
9279	79	92	15901	15	1	0
9280	80	92	18531	15	1	0
9281	81	92	16118	15	1	0
9282	82	92	14833	15	1	0
9283	83	92	13107	15	1	0
9284	84	92	18676	15	1	0
9285	85	92	7604	15	1	0
9286	86	92	13553	15	1	0
9287	87	92	19375	15	1	0
9288	88	92	13572	15	1	0
9289	89	92	16842	15	1	0
9290	90	92	15047	15	1	0
9291	91	92	11140	15	1	0
9292	92	92	15499	15	1	0
9293	93	92	18258	15	1	0
9294	94	92	19463	15	1	0
9295	95	92	17867	15	1	0
9296	96	92	6592	15	1	0
9297	97	92	8108	15	1	0
9298	98	92	10959	15	1	0
9299	99	92	18707	15	0	0
9300	0	93	7558	15	2	2
9301	1	93	14753	15	2	2
9302	2	93	15831	15	2	2
9303	3	93	773	15	2	2
9304	4	93	15498	15	2	2
9305	5	93	529	15	2	2
9306	6	93	6906	15	2	2
9307	7	93	17685	15	2	1
9308	8	93	7723	15	2	1
9309	9	93	16685	15	2	1
9310	10	93	14578	15	2	1
9311	11	93	15957	15	2	1
9312	12	93	10417	15	2	1
9313	13	93	9124	15	2	0
9314	14	93	12104	15	2	0
9315	15	93	10236	15	2	0
9316	16	93	10641	15	2	0
9317	17	93	16614	15	2	0
9318	18	93	2015	15	1	3
9319	19	93	12545	15	1	3
9320	20	93	14808	15	1	3
9321	21	93	12965	15	1	2
9322	22	93	16583	15	1	2
9323	23	93	8977	15	1	2
9324	24	93	12216	15	1	2
9325	25	93	16694	15	1	2
9326	26	93	574	15	1	2
9327	27	93	1828	15	1	2
9328	28	93	11637	15	1	2
9329	29	93	16487	15	1	2
9330	30	93	19491	15	1	2
9331	31	93	8489	15	1	2
9332	32	93	19006	15	1	2
9333	33	93	649	15	1	2
9334	34	93	15869	15	1	2
9335	35	93	763	15	1	2
9336	36	93	13863	15	1	2
9337	37	93	8761	15	1	2
9338	38	93	11097	15	1	2
9339	39	93	11122	15	1	1
9340	40	93	17666	15	1	1
9341	41	93	12022	15	1	1
9342	42	93	5228	15	1	1
9343	43	93	1774	15	1	1
9344	44	93	10726	15	1	1
9345	45	93	19175	15	1	1
9346	46	93	4978	15	1	1
9347	47	93	11193	15	1	1
9348	48	93	10589	15	1	1
9349	49	93	1065	15	1	1
9350	50	93	10782	15	1	1
9351	51	93	17690	15	1	1
9352	52	93	19387	15	1	1
9353	53	93	15282	15	1	1
9354	54	93	14059	15	1	1
9355	55	93	17069	15	1	1
9356	56	93	12145	15	1	1
9357	57	93	11592	15	1	1
9358	58	93	11927	15	1	1
9359	59	93	3425	15	1	1
9360	60	93	16083	15	1	1
9361	61	93	1124	15	1	1
9362	62	93	7105	15	1	1
9363	63	93	10838	15	1	1
9364	64	93	11998	15	1	0
9365	65	93	13751	15	1	0
9366	66	93	13752	15	1	0
9367	67	93	17108	15	1	0
9368	68	93	16942	15	1	0
9369	69	93	18437	15	1	0
9370	70	93	13577	15	1	0
9371	71	93	14525	15	1	0
9372	72	93	18360	15	1	0
9373	73	93	18450	15	1	0
9374	74	93	18545	15	1	0
9375	75	93	8232	15	1	0
9376	76	93	14635	15	1	0
9377	77	93	8875	15	1	0
9378	78	93	8814	15	1	0
9379	79	93	11081	15	1	0
9380	80	93	4063	15	1	0
9381	81	93	19451	15	1	0
9382	82	93	16939	15	1	0
9383	83	93	19842	15	1	0
9384	84	93	12416	15	1	0
9385	85	93	8218	15	1	0
9386	86	93	8647	15	1	0
9387	87	93	10001	15	1	0
9388	88	93	6939	15	1	0
9389	89	93	12883	15	1	0
9390	90	93	10741	15	1	0
9391	91	93	16521	15	1	0
9392	92	93	19290	15	1	0
9393	93	93	4701	15	0	3
9394	94	93	5778	15	0	2
9395	95	93	1706	15	0	2
9396	96	93	19469	15	0	1
9397	97	93	255	15	0	1
9398	98	93	16527	15	0	0
9399	99	93	11456	15	0	2
9400	0	94	677	15	2	2
9401	1	94	17861	15	2	2
9402	2	94	12954	15	2	2
9403	3	94	9422	15	2	2
9404	4	94	10038	15	2	2
9405	5	94	17321	15	2	2
9406	6	94	8032	15	2	2
9407	7	94	6945	15	2	1
9408	8	94	15332	15	2	1
9409	9	94	1070	15	2	1
9410	10	94	13991	15	2	1
9411	11	94	9255	15	2	1
9412	12	94	16055	15	2	1
9413	13	94	13836	15	2	0
9414	14	94	9851	15	2	0
9415	15	94	8612	15	2	0
9416	16	94	11807	15	2	0
9417	17	94	14747	15	2	0
9418	18	94	15425	15	2	0
9419	19	94	15035	15	2	0
9420	20	94	15749	15	2	0
9421	21	94	17277	15	2	0
9422	22	94	10234	15	2	0
9423	23	94	298	15	1	3
9424	24	94	10777	15	1	3
9425	25	94	17033	15	1	2
9426	26	94	13816	15	1	2
9427	27	94	15236	15	1	2
9428	28	94	17796	15	1	2
9429	29	94	17498	15	1	2
9430	30	94	9782	15	1	2
9431	31	94	14560	15	1	2
9432	32	94	13631	15	1	2
9433	33	94	8592	15	1	2
9434	34	94	16715	15	1	2
9435	35	94	12944	15	1	2
9436	36	94	317	15	1	2
9437	37	94	12381	15	1	2
9438	38	94	18807	15	1	2
9439	39	94	11087	15	1	2
9440	40	94	11508	15	1	2
9441	41	94	1994	15	1	2
9442	42	94	13748	15	1	2
9443	43	94	18868	15	1	2
9444	44	94	12559	15	1	1
9445	45	94	8224	15	1	1
9446	46	94	19315	15	1	1
9447	47	94	18444	15	1	1
9448	48	94	16750	15	1	1
9449	49	94	279	15	1	1
9450	50	94	12636	15	1	1
9451	51	94	8208	15	1	1
9452	52	94	14534	15	1	1
9453	53	94	13575	15	1	1
9454	54	94	17537	15	1	1
9455	55	94	1083	15	1	1
9456	56	94	15053	15	1	1
9457	57	94	18498	15	1	1
9458	58	94	8538	15	1	1
9459	59	94	18746	15	1	1
9460	60	94	8661	15	1	1
9461	61	94	6658	15	1	1
9462	62	94	16777	15	1	1
9463	63	94	9688	15	1	1
9464	64	94	14456	15	1	1
9465	65	94	4660	15	1	1
9466	66	94	17238	15	1	1
9467	67	94	19534	15	1	0
9468	68	94	11454	15	1	0
9469	69	94	12918	15	1	0
9470	70	94	7076	15	1	0
9471	71	94	11014	15	1	0
9472	72	94	15016	15	1	0
9473	73	94	15160	15	1	0
9474	74	94	8760	15	1	0
9475	75	94	17600	15	1	0
9476	76	94	13954	15	1	0
9477	77	94	10566	15	1	0
9478	78	94	11674	15	1	0
9479	79	94	17029	15	1	0
9480	80	94	8637	15	1	0
9481	81	94	9100	15	1	0
9482	82	94	19188	15	1	0
9483	83	94	7525	15	1	0
9484	84	94	16288	15	1	0
9485	85	94	18473	15	1	0
9486	86	94	19421	15	1	0
9487	87	94	1589	15	1	0
9488	88	94	19357	15	1	0
9489	89	94	18224	15	1	0
9490	90	94	12020	15	1	0
9491	91	94	8664	15	1	0
9492	92	94	12339	15	1	0
9493	93	94	12798	15	1	0
9494	94	94	11044	15	1	0
9495	95	94	14405	15	1	0
9496	96	94	13053	15	1	0
9497	97	94	5684	15	0	2
9498	98	94	15400	15	0	0
9499	99	94	5585	15	0	0
9500	0	95	9182	15	2	2
9501	1	95	19864	15	2	2
9502	2	95	525	15	2	2
9503	3	95	15553	15	2	2
9504	4	95	752	15	2	2
9505	5	95	11716	15	2	2
9506	6	95	10790	15	2	2
9507	7	95	1984	15	2	2
9508	8	95	13148	15	2	2
9509	9	95	12256	15	2	1
9510	10	95	6898	15	2	1
9511	11	95	7648	15	2	1
9512	12	95	8050	15	2	1
9513	13	95	15926	15	2	1
9514	14	95	8914	15	2	1
9515	15	95	10877	15	2	1
9516	16	95	12266	15	2	1
9517	17	95	16398	15	2	0
9518	18	95	6958	15	2	0
9519	19	95	13639	15	2	0
9520	20	95	15055	15	2	0
9521	21	95	6435	15	2	0
9522	22	95	11405	15	2	0
9523	23	95	16733	15	2	0
9524	24	95	20011	15	2	0
9525	25	95	9794	15	2	0
9526	26	95	6533	15	1	2
9527	27	95	8599	15	1	2
9528	28	95	8671	15	1	2
9529	29	95	18757	15	1	2
9530	30	95	13021	15	1	2
9531	31	95	11199	15	1	2
9532	32	95	18901	15	1	2
9533	33	95	1979	15	1	2
9534	34	95	12693	15	1	2
9535	35	95	443	15	1	2
9536	36	95	8285	15	1	2
9537	37	95	18204	15	1	2
9538	38	95	9426	15	1	2
9539	39	95	18552	15	1	2
9540	40	95	769	15	1	2
9541	41	95	902	15	1	1
9542	42	95	13102	15	1	1
9543	43	95	18759	15	1	1
9544	44	95	17748	15	1	1
9545	45	95	12787	15	1	1
9546	46	95	16797	15	1	1
9547	47	95	7737	15	1	1
9548	48	95	11981	15	1	1
9549	49	95	11676	15	1	1
9550	50	95	15221	15	1	1
9551	51	95	14751	15	1	1
9552	52	95	13004	15	1	1
9553	53	95	1074	15	1	1
9554	54	95	8737	15	1	1
9555	55	95	11472	15	1	1
9556	56	95	18604	15	1	1
9557	57	95	16340	15	1	1
9558	58	95	19981	15	1	1
9559	59	95	15760	15	1	1
9560	60	95	12707	15	1	1
9561	61	95	14217	15	1	1
9562	62	95	8487	15	1	1
9563	63	95	4688	15	1	1
9564	64	95	12982	15	1	0
9565	65	95	9357	15	1	0
9566	66	95	1896	15	1	0
9567	67	95	9442	15	1	0
9568	68	95	8145	15	1	0
9569	69	95	18642	15	1	0
9570	70	95	3360	15	1	0
9571	71	95	7049	15	1	0
9572	72	95	13871	15	1	0
9573	73	95	17045	15	1	0
9574	74	95	10613	15	1	0
9575	75	95	1604	15	1	0
9576	76	95	16231	15	1	0
9577	77	95	11913	15	1	0
9578	78	95	6750	15	1	0
9579	79	95	15458	15	1	0
9580	80	95	8158	15	1	0
9581	81	95	12875	15	1	0
9582	82	95	19240	15	1	0
9583	83	95	17976	15	1	0
9584	84	95	18438	15	1	0
9585	85	95	18549	15	1	0
9586	86	95	17560	15	1	0
9587	87	95	7300	15	1	0
9588	88	95	12211	15	1	0
9589	89	95	11334	15	1	0
9590	90	95	11668	15	1	0
9591	91	95	18051	15	1	0
9592	92	95	14078	15	1	0
9593	93	95	18466	15	1	0
9594	94	95	9153	15	1	0
9595	95	95	18190	15	1	0
9596	96	95	7325	15	1	0
9597	97	95	7010	15	1	0
9598	98	95	17502	15	1	0
9599	99	95	17521	15	0	0
9600	0	96	14488	15	2	2
9601	1	96	15505	15	2	2
9602	2	96	16196	15	2	2
9603	3	96	17683	15	2	2
9604	4	96	8655	15	2	2
9605	5	96	17312	15	2	2
9606	6	96	19131	15	2	2
9607	7	96	11948	15	2	2
9608	8	96	11602	15	2	1
9609	9	96	8012	15	2	0
9610	10	96	14348	15	2	0
9611	11	96	6832	15	2	0
9612	12	96	10256	15	2	0
9613	13	96	13582	15	2	0
9614	14	96	6591	15	1	3
9615	15	96	14054	15	1	2
9616	16	96	14911	15	1	2
9617	17	96	16743	15	1	2
9618	18	96	16422	15	1	2
9619	19	96	5364	15	1	2
9620	20	96	7905	15	1	2
9621	21	96	789	15	1	2
9622	22	96	14533	15	1	2
9623	23	96	16016	15	1	2
9624	24	96	784	15	1	2
9625	25	96	6452	15	1	2
9626	26	96	765	15	1	2
9627	27	96	434	15	1	2
9628	28	96	13009	15	1	2
9629	29	96	13010	15	1	2
9630	30	96	19400	15	1	2
9631	31	96	13880	15	1	2
9632	32	96	17485	15	1	2
9633	33	96	13545	15	1	2
9634	34	96	19894	15	1	2
9635	35	96	9350	15	1	2
9636	36	96	10163	15	1	1
9637	37	96	2024	15	1	1
9638	38	96	1068	15	1	1
9639	39	96	14495	15	1	1
9640	40	96	6665	15	1	1
9641	41	96	18501	15	1	1
9642	42	96	12229	15	1	1
9643	43	96	9880	15	1	1
9644	44	96	10615	15	1	1
9645	45	96	7073	15	1	1
9646	46	96	17593	15	1	1
9647	47	96	7187	15	1	1
9648	48	96	11160	15	1	1
9649	49	96	14819	15	1	1
9650	50	96	8339	15	1	1
9651	51	96	8340	15	1	1
9652	52	96	15054	15	1	1
9653	53	96	15767	15	1	1
9654	54	96	18337	15	1	1
9655	55	96	8186	15	1	1
9656	56	96	1903	15	1	1
9657	57	96	8896	15	1	1
9658	58	96	9742	15	1	1
9659	59	96	1577	15	1	1
9660	60	96	18623	15	1	0
9661	61	96	14599	15	1	0
9662	62	96	6615	15	1	0
9663	63	96	13989	15	1	0
9664	64	96	18739	15	1	0
9665	65	96	2893	15	1	0
9666	66	96	8909	15	1	0
9667	67	96	14251	15	1	0
9668	68	96	10981	15	1	0
9669	69	96	12533	15	1	0
9670	70	96	15927	15	1	0
9671	71	96	7108	15	1	0
9672	72	96	19135	15	1	0
9673	73	96	11893	15	1	0
9674	74	96	13150	15	1	0
9675	75	96	10324	15	1	0
9676	76	96	17671	15	1	0
9677	77	96	7894	15	1	0
9678	78	96	8053	15	1	0
9679	79	96	9887	15	1	0
9680	80	96	19410	15	1	0
9681	81	96	19574	15	1	0
9682	82	96	11984	15	1	0
9683	83	96	15367	15	1	0
9684	84	96	7868	15	1	0
9685	85	96	18930	15	1	0
9686	86	96	19618	15	1	0
9687	87	96	18964	15	1	0
9688	88	96	1886	15	1	0
9689	89	96	15592	15	1	0
9690	90	96	18598	15	1	0
9691	91	96	16513	15	1	0
9692	92	96	12083	15	1	0
9693	93	96	8016	15	1	0
9694	94	96	15471	15	1	0
9695	95	96	19272	15	1	0
9696	96	96	7047	15	1	0
9697	97	96	13169	15	0	2
9698	98	96	8348	15	0	0
9699	99	96	2261	15	0	1
9700	0	97	19301	15	2	2
9701	1	97	397	15	2	2
9702	2	97	16711	15	2	2
9703	3	97	13437	15	2	2
9704	4	97	12403	15	2	2
9705	5	97	10325	15	2	2
9706	6	97	13636	15	2	2
9707	7	97	11065	15	2	2
9708	8	97	13649	15	2	2
9709	9	97	6809	15	2	1
9710	10	97	8815	15	2	1
9711	11	97	18888	15	2	1
9712	12	97	1183	15	2	1
9713	13	97	6979	15	2	1
9714	14	97	10170	15	2	0
9715	15	97	8999	15	2	0
9716	16	97	16211	15	2	0
9717	17	97	17884	15	2	0
9718	18	97	8085	15	2	0
9719	19	97	9948	15	2	0
9720	20	97	17928	15	2	0
9721	21	97	1862	15	1	3
9722	22	97	4333	15	1	3
9723	23	97	12762	15	1	2
9724	24	97	15199	15	1	2
9725	25	97	13695	15	1	2
9726	26	97	3637	15	1	2
9727	27	97	20005	15	1	2
9728	28	97	11788	15	1	2
9729	29	97	518	15	1	2
9730	30	97	19245	15	1	2
9731	31	97	16772	15	1	2
9732	32	97	8666	15	1	2
9733	33	97	13297	15	1	2
9734	34	97	9247	15	1	2
9735	35	97	14881	15	1	2
9736	36	97	16345	15	1	2
9737	37	97	14026	15	1	2
9738	38	97	11986	15	1	2
9739	39	97	14390	15	1	2
9740	40	97	11964	15	1	2
9741	41	97	641	15	1	2
9742	42	97	9999	15	1	2
9743	43	97	8720	15	1	1
9744	44	97	19196	15	1	1
9745	45	97	16021	15	1	1
9746	46	97	9788	15	1	1
9747	47	97	10187	15	1	1
9748	48	97	7229	15	1	1
9749	49	97	15545	15	1	1
9750	50	97	11363	15	1	1
9751	51	97	12156	15	1	1
9752	52	97	13339	15	1	1
9753	53	97	964	15	1	1
9754	54	97	7377	15	1	1
9755	55	97	930	15	1	1
9756	56	97	14859	15	1	1
9757	57	97	18378	15	1	1
9758	58	97	11289	15	1	1
9759	59	97	13036	15	1	1
9760	60	97	10364	15	1	0
9761	61	97	16209	15	1	0
9762	62	97	18300	15	1	0
9763	63	97	19308	15	1	0
9764	64	97	19803	15	1	0
9765	65	97	10744	15	1	0
9766	66	97	19340	15	1	0
9767	67	97	6514	15	1	0
9768	68	97	13419	15	1	0
9769	69	97	12742	15	1	0
9770	70	97	19376	15	1	0
9771	71	97	16441	15	1	0
9772	72	97	7814	15	1	0
9773	73	97	11848	15	1	0
9774	74	97	11678	15	1	0
9775	75	97	7295	15	1	0
9776	76	97	15398	15	1	0
9777	77	97	9065	15	1	0
9778	78	97	289	15	1	0
9779	79	97	14375	15	1	0
9780	80	97	12947	15	1	0
9781	81	97	12400	15	1	0
9782	82	97	13547	15	1	0
9783	83	97	9798	15	1	0
9784	84	97	510	15	1	0
9785	85	97	7614	15	1	0
9786	86	97	11523	15	1	0
9787	87	97	15642	15	1	0
9788	88	97	13936	15	1	0
9789	89	97	15279	15	1	0
9790	90	97	12308	15	1	0
9791	91	97	5977	15	1	0
9792	92	97	14530	15	1	0
9793	93	97	17273	15	1	0
9794	94	97	8138	15	0	0
9795	95	97	8364	15	0	0
9796	96	97	5237	15	0	0
9797	97	97	5896	15	0	0
9798	98	97	6136	15	0	0
9799	99	97	4835	15	0	0
9800	0	98	14921	15	2	2
9801	1	98	14489	15	2	2
9802	2	98	417	15	2	2
9803	3	98	7551	14	2	2
9804	4	98	6581	14	2	2
9805	5	98	19169	14	2	2
9806	6	98	6445	15	2	1
9807	7	98	8303	15	2	1
9808	8	98	20019	15	2	1
9809	9	98	15574	14	2	1
9810	10	98	13983	14	2	1
9811	11	98	9249	15	2	0
9812	12	98	10128	15	2	0
9813	13	98	6424	15	2	0
9814	14	98	11145	15	2	0
9815	15	98	16962	15	2	0
9816	16	98	7989	15	2	0
9817	17	98	16503	15	2	0
9818	18	98	16678	14	1	3
9819	19	98	14009	15	1	2
9820	20	98	291	15	1	2
9821	21	98	13302	15	1	2
9822	22	98	670	15	1	2
9823	23	98	7140	15	1	2
9824	24	98	16952	15	1	2
9825	25	98	17909	15	1	2
9826	26	98	19760	15	1	2
9827	27	98	524	15	1	2
9828	28	98	14498	15	1	2
9829	29	98	13588	15	1	2
9830	30	98	18558	15	1	2
9831	31	98	15109	15	1	2
9832	32	98	333	15	1	2
9833	33	98	11786	15	1	2
9834	34	98	9608	14	1	2
9835	35	98	710	14	1	2
9836	36	98	17850	14	1	2
9837	37	98	17198	14	1	2
9838	38	98	9596	14	1	2
9839	39	98	6768	14	1	2
9840	40	98	19281	15	1	1
9841	41	98	19324	15	1	1
9842	42	98	17144	15	1	1
9843	43	98	1174	15	1	1
9844	44	98	10525	15	1	1
9845	45	98	11473	15	1	1
9846	46	98	19087	15	1	1
9847	47	98	15827	15	1	1
9848	48	98	18539	15	1	1
9849	49	98	8314	15	1	1
9850	50	98	19576	15	1	1
9851	51	98	10596	15	1	1
9852	52	98	12359	15	1	1
9853	53	98	10643	15	1	1
9854	54	98	18658	15	1	1
9855	55	98	14266	15	1	1
9856	56	98	12474	15	1	1
9857	57	98	13101	15	1	1
9858	58	98	9630	15	1	0
9859	59	98	10672	15	1	0
9860	60	98	12438	15	1	0
9861	61	98	9178	15	1	0
9862	62	98	12253	15	1	0
9863	63	98	12866	15	1	0
9864	64	98	9419	15	1	0
9865	65	98	13762	15	1	0
9866	66	98	18045	15	1	0
9867	67	98	8745	15	1	0
9868	68	98	15326	15	1	0
9869	69	98	13328	15	1	0
9870	70	98	5597	15	1	0
9871	71	98	10397	15	1	0
9872	72	98	19005	15	1	0
9873	73	98	18625	15	1	0
9874	74	98	15443	15	1	0
9875	75	98	10979	15	1	0
9876	76	98	19829	15	1	0
9877	77	98	18353	15	1	0
9878	78	98	18358	15	1	0
9879	79	98	10240	15	1	0
9880	80	98	8258	15	1	0
9881	81	98	7259	15	1	0
9882	82	98	13323	15	1	0
9883	83	98	16507	15	1	0
9884	84	98	11671	15	1	0
9885	85	98	16473	15	1	0
9886	86	98	18241	15	1	0
9887	87	98	18626	14	1	0
9888	88	98	15073	14	1	0
9889	89	98	17894	14	1	0
9890	90	98	8217	14	1	0
9891	91	98	11970	14	1	0
9892	92	98	18087	14	1	0
9893	93	98	15251	14	1	0
9894	94	98	8828	14	1	0
9895	95	98	5251	14	1	0
9896	96	98	13646	14	1	0
9897	97	98	6024	15	0	0
9898	98	98	2330	15	0	0
9899	99	98	16963	15	0	0
9900	0	99	994	14	2	2
9901	1	99	9770	14	2	2
9902	2	99	17758	14	2	2
9903	3	99	8154	14	2	2
9904	4	99	13822	14	2	2
9905	5	99	19832	14	2	2
9906	6	99	16138	14	2	2
9907	7	99	17443	14	2	2
9908	8	99	735	14	2	2
9909	9	99	8433	14	2	2
9910	10	99	17876	14	2	2
9911	11	99	15648	14	2	2
9912	12	99	9259	14	2	1
9913	13	99	15019	14	2	1
9914	14	99	19581	14	2	1
9915	15	99	17335	14	2	1
9916	16	99	8600	14	2	1
9917	17	99	8422	14	2	0
9918	18	99	12135	14	2	0
9919	19	99	17249	14	2	0
9920	20	99	18293	14	2	0
9921	21	99	14656	14	2	0
9922	22	99	17176	14	2	0
9923	23	99	19648	14	2	0
9924	24	99	15570	14	2	0
9925	25	99	11747	14	2	0
9926	26	99	15662	14	2	0
9927	27	99	7216	14	2	0
9928	28	99	16395	14	2	0
9929	29	99	7574	14	2	0
9930	30	99	10284	14	2	0
9931	31	99	11205	14	2	0
9932	32	99	11775	14	2	0
9933	33	99	15640	14	2	0
9934	34	99	8478	14	2	0
9935	35	99	10321	14	2	0
9936	36	99	14330	14	1	3
9937	37	99	12971	14	1	3
9938	38	99	19120	14	1	2
9939	39	99	791	14	1	2
9940	40	99	13591	14	1	2
9941	41	99	12983	14	1	2
9942	42	99	14667	14	1	2
9943	43	99	16438	14	1	2
9944	44	99	7939	14	1	2
9945	45	99	516	14	1	2
9946	46	99	17535	14	1	2
9947	47	99	700	14	1	2
9948	48	99	275	14	1	2
9949	49	99	16417	14	1	2
9950	50	99	15837	14	1	2
9951	51	99	290	14	1	2
9952	52	99	9778	14	1	2
9953	53	99	553	14	1	2
9954	54	99	13085	14	1	2
9955	55	99	10716	14	1	2
9956	56	99	1169	14	1	1
9957	57	99	17339	14	1	1
9958	58	99	7488	14	1	1
9959	59	99	6849	14	1	1
9960	60	99	12034	14	1	1
9961	61	99	7392	14	1	1
9962	62	99	7736	14	1	1
9963	63	99	8624	14	1	1
9964	64	99	1061	14	1	1
9965	65	99	10683	14	1	1
9966	66	99	10580	14	1	1
9967	67	99	11330	14	1	1
9968	68	99	18776	14	1	1
9969	69	99	10879	14	1	0
9970	70	99	15631	14	1	0
9971	71	99	7583	14	1	0
9972	72	99	18648	14	1	0
9973	73	99	19181	14	1	0
9974	74	99	12338	14	1	0
9975	75	99	16206	14	1	0
9976	76	99	19600	14	1	0
9977	77	99	18216	14	1	0
9978	78	99	18846	14	1	0
9979	79	99	8901	14	1	0
9980	80	99	7890	14	1	0
9981	81	99	17958	14	1	0
9982	82	99	11103	14	1	0
9983	83	99	19904	14	1	0
9984	84	99	5033	14	1	0
9985	85	99	19925	14	1	0
9986	86	99	17457	14	1	0
9987	87	99	10389	14	1	0
9988	88	99	14895	14	1	0
9989	89	99	17280	14	1	0
9990	90	99	12465	14	1	0
9991	91	99	7507	14	1	0
9992	92	99	609	14	0	2
9993	93	99	408	14	0	2
9994	94	99	12013	14	0	2
9995	95	99	5353	14	0	1
9996	96	99	5629	14	0	0
9997	97	99	15250	14	0	0
9998	98	99	2641	14	0	0
9999	99	99	7565	14	0	0
10000	0	100	11436	14	2	3
10001	1	100	551	14	2	2
10002	2	100	19922	14	2	2
10003	3	100	8557	14	2	2
10004	4	100	508	14	2	2
10005	5	100	13944	14	2	2
10006	6	100	10952	14	2	2
10007	7	100	699	14	2	2
10008	8	100	19820	14	2	2
10009	9	100	13819	14	2	2
10010	10	100	8576	14	2	2
10011	11	100	10592	14	2	2
10012	12	100	14083	14	2	1
10013	13	100	15377	14	2	1
10014	14	100	17907	14	2	1
10015	15	100	9377	14	2	1
10016	16	100	9817	14	2	0
10017	17	100	14572	14	2	0
10018	18	100	10671	14	2	0
10019	19	100	14042	14	2	0
10020	20	100	8452	14	2	0
10021	21	100	10961	14	2	0
10022	22	100	13496	14	2	0
10023	23	100	10710	14	2	0
10024	24	100	7146	14	2	0
10025	25	100	14657	14	2	0
10026	26	100	16213	14	2	0
10027	27	100	9839	14	2	0
10028	28	100	17698	14	2	0
10029	29	100	15936	14	2	0
10030	30	100	10147	14	1	3
10031	31	100	19811	14	1	3
10032	32	100	11264	14	1	3
10033	33	100	15859	14	1	3
10034	34	100	18294	14	1	2
10035	35	100	14272	14	1	2
10036	36	100	12100	14	1	2
10037	37	100	558	14	1	2
10038	38	100	7866	14	1	2
10039	39	100	340	14	1	2
10040	40	100	7356	14	1	2
10041	41	100	10771	14	1	2
10042	42	100	462	14	1	2
10043	43	100	8117	14	1	2
10044	44	100	15670	14	1	2
10045	45	100	12845	14	1	2
10046	46	100	11215	14	1	2
10047	47	100	2712	14	1	2
10048	48	100	327	14	1	2
10049	49	100	15584	14	1	1
10050	50	100	12846	14	1	1
10051	51	100	11341	14	1	1
10052	52	100	14233	14	1	1
10053	53	100	7087	14	1	1
10054	54	100	9611	14	1	1
10055	55	100	13592	14	1	1
10056	56	100	17709	14	1	1
10057	57	100	16185	14	1	1
10058	58	100	10398	14	1	1
10059	59	100	6919	14	1	1
10060	60	100	6733	14	1	1
10061	61	100	15616	14	1	1
10062	62	100	7921	14	1	1
10063	63	100	978	14	1	1
10064	64	100	12394	14	1	0
10065	65	100	12766	14	1	0
10066	66	100	19550	14	1	0
10067	67	100	15659	14	1	0
10068	68	100	19845	14	1	0
10069	69	100	9571	14	1	0
10070	70	100	7660	14	1	0
10071	71	100	15978	14	1	0
10072	72	100	7310	14	1	0
10073	73	100	13293	14	1	0
10074	74	100	17271	14	1	0
10075	75	100	11960	14	1	0
10076	76	100	8523	14	1	0
10077	77	100	14104	14	1	0
10078	78	100	18317	14	1	0
10079	79	100	19162	14	1	0
10080	80	100	12574	14	1	0
10081	81	100	15765	14	1	0
10082	82	100	11498	14	1	0
10083	83	100	6961	14	1	0
10084	84	100	11921	14	1	0
10085	85	100	19938	14	1	0
10086	86	100	13360	14	1	0
10087	87	100	13888	14	1	0
10088	88	100	10141	14	1	0
10089	89	100	19166	14	1	0
10090	90	100	13915	14	1	0
10091	91	100	8848	14	1	0
10092	92	100	11310	14	1	0
10093	93	100	19018	14	1	0
10094	94	100	9057	14	1	0
10095	95	100	13477	14	1	0
10096	96	100	2623	14	0	2
10097	97	100	9384	14	0	0
10098	98	100	16230	14	0	0
10099	99	100	870	14	0	1
10100	0	101	19646	14	2	2
10101	1	101	15736	14	2	2
10102	2	101	449	14	2	2
10103	3	101	7991	14	2	2
10104	4	101	7432	14	2	2
10105	5	101	19170	14	2	2
10106	6	101	10707	14	2	2
10107	7	101	13056	14	2	2
10108	8	101	497	14	2	2
10109	9	101	14991	14	2	2
10110	10	101	15190	14	2	2
10111	11	101	12380	14	2	2
10112	12	101	9529	14	2	2
10113	13	101	10387	14	2	1
10114	14	101	6464	14	2	1
10115	15	101	8341	14	2	1
10116	16	101	13467	14	2	1
10117	17	101	17592	14	2	1
10118	18	101	16508	14	2	1
10119	19	101	10682	14	2	1
10120	20	101	16277	14	2	1
10121	21	101	1072	14	2	1
10122	22	101	7329	14	2	0
10123	23	101	7425	14	2	0
10124	24	101	14738	14	2	0
10125	25	101	17518	14	2	0
10126	26	101	15068	14	2	0
10127	27	101	14068	14	2	0
10128	28	101	13970	14	2	0
10129	29	101	13843	14	1	3
10130	30	101	17095	14	1	3
10131	31	101	8826	14	1	3
10132	32	101	562	14	1	2
10133	33	101	12421	14	1	2
10134	34	101	647	14	1	2
10135	35	101	14446	14	1	2
10136	36	101	16543	14	1	2
10137	37	101	11470	14	1	2
10138	38	101	17490	14	1	2
10139	39	101	5066	14	1	2
10140	40	101	12042	14	1	2
10141	41	101	10540	14	1	2
10142	42	101	17408	14	1	2
10143	43	101	13828	14	1	2
10144	44	101	10314	14	1	2
10145	45	101	18394	14	1	1
10146	46	101	10043	14	1	1
10147	47	101	1063	14	1	1
10148	48	101	9052	14	1	1
10149	49	101	7362	14	1	1
10150	50	101	6851	14	1	1
10151	51	101	1157	14	1	1
10152	52	101	8216	14	1	1
10153	53	101	6787	14	1	1
10154	54	101	7064	14	1	1
10155	55	101	16460	14	1	1
10156	56	101	11055	14	1	1
10157	57	101	7616	14	1	1
10158	58	101	17398	14	1	1
10159	59	101	7463	14	1	1
10160	60	101	14672	14	1	1
10161	61	101	10337	14	1	1
10162	62	101	14199	14	1	1
10163	63	101	7001	14	1	1
10164	64	101	18569	14	1	1
10165	65	101	1028	14	1	1
10166	66	101	11466	14	1	0
10167	67	101	15023	14	1	0
10168	68	101	9532	14	1	0
10169	69	101	18993	14	1	0
10170	70	101	14795	14	1	0
10171	71	101	13700	14	1	0
10172	72	101	15143	14	1	0
10173	73	101	16519	14	1	0
10174	74	101	9907	14	1	0
10175	75	101	9272	14	1	0
10176	76	101	15476	14	1	0
10177	77	101	7534	14	1	0
10178	78	101	18486	14	1	0
10179	79	101	12393	14	1	0
10180	80	101	7701	14	1	0
10181	81	101	10855	14	1	0
10182	82	101	8388	14	1	0
10183	83	101	11638	14	1	0
10184	84	101	18768	14	1	0
10185	85	101	4814	14	1	0
10186	86	101	12603	14	1	0
10187	87	101	11032	14	1	0
10188	88	101	9811	14	1	0
10189	89	101	19061	14	1	0
10190	90	101	10225	14	1	0
10191	91	101	15881	14	1	0
10192	92	101	13889	14	1	0
10193	93	101	10706	14	1	0
10194	94	101	12667	14	1	0
10195	95	101	4166	14	0	2
10196	96	101	15281	14	0	1
10197	97	101	17545	14	0	0
10198	98	101	3412	14	0	0
10199	99	101	14807	14	0	0
10200	0	102	6957	14	2	2
10201	1	102	7275	14	2	2
10202	2	102	9905	14	2	2
10203	3	102	8544	14	2	2
10204	4	102	465	14	2	2
10205	5	102	6522	14	2	2
10206	6	102	793	14	2	2
10207	7	102	14829	14	2	2
10208	8	102	17557	14	2	1
10209	9	102	9265	14	2	1
10210	10	102	19093	14	2	1
10211	11	102	16815	14	2	1
10212	12	102	17074	14	2	1
10213	13	102	16800	14	2	0
10214	14	102	6532	14	2	0
10215	15	102	18030	14	2	0
10216	16	102	11509	14	2	0
10217	17	102	13783	14	2	0
10218	18	102	17245	14	2	0
10219	19	102	19987	14	2	0
10220	20	102	19363	14	2	0
10221	21	102	6780	14	2	0
10222	22	102	8432	14	1	3
10223	23	102	7222	14	1	3
10224	24	102	15173	14	1	2
10225	25	102	9953	14	1	2
10226	26	102	445	14	1	2
10227	27	102	552	14	1	2
10228	28	102	14997	14	1	2
10229	29	102	610	14	1	2
10230	30	102	19882	14	1	2
10231	31	102	12024	14	1	2
10232	32	102	6724	14	1	2
10233	33	102	14259	14	1	2
10234	34	102	659	14	1	2
10235	35	102	11376	14	1	2
10236	36	102	14804	14	1	2
10237	37	102	7094	14	1	2
10238	38	102	19443	14	1	2
10239	39	102	14820	14	1	2
10240	40	102	16427	14	1	2
10241	41	102	407	14	1	2
10242	42	102	15534	14	1	2
10243	43	102	17712	14	1	2
10244	44	102	6669	14	1	2
10245	45	102	14758	14	1	2
10246	46	102	15110	14	1	2
10247	47	102	18927	14	1	1
10248	48	102	19968	14	1	1
10249	49	102	10582	14	1	1
10250	50	102	10860	14	1	1
10251	51	102	7072	14	1	1
10252	52	102	8670	14	1	1
10253	53	102	9163	14	1	1
10254	54	102	10861	14	1	1
10255	55	102	10283	14	1	1
10256	56	102	858	14	1	1
10257	57	102	1154	14	1	1
10258	58	102	9383	14	1	1
10259	59	102	16920	14	1	1
10260	60	102	12729	14	1	1
10261	61	102	7637	14	1	1
10262	62	102	1013	14	1	1
10263	63	102	9142	14	1	1
10264	64	102	10186	14	1	1
10265	65	102	18391	14	1	0
10266	66	102	19879	14	1	0
10267	67	102	11424	14	1	0
10268	68	102	13668	14	1	0
10269	69	102	9297	14	1	0
10270	70	102	2968	14	1	0
10271	71	102	13412	14	1	0
10272	72	102	10693	14	1	0
10273	73	102	19011	14	1	0
10274	74	102	10983	14	1	0
10275	75	102	7206	14	1	0
10276	76	102	8621	14	1	0
10277	77	102	17488	14	1	0
10278	78	102	13882	14	1	0
10279	79	102	12495	14	1	0
10280	80	102	6688	14	1	0
10281	81	102	11342	14	1	0
10282	82	102	14789	14	1	0
10283	83	102	15530	14	1	0
10284	84	102	19096	14	1	0
10285	85	102	11366	14	1	0
10286	86	102	8346	14	1	0
10287	87	102	6808	14	1	0
10288	88	102	13045	14	1	0
10289	89	102	13088	14	1	0
10290	90	102	15811	14	1	0
10291	91	102	8725	14	1	0
10292	92	102	16391	14	1	0
10293	93	102	12743	14	1	0
10294	94	102	18525	14	1	0
10295	95	102	4287	14	0	1
10296	96	102	19644	14	0	0
10297	97	102	13927	14	0	0
10298	98	102	15185	14	0	0
10299	99	102	9871	14	0	2
10300	0	103	14060	14	2	3
10301	1	103	645	14	2	2
10302	2	103	376	14	2	2
10303	3	103	724	14	2	2
10304	4	103	16373	14	2	2
10305	5	103	12862	14	2	2
10306	6	103	15500	14	2	2
10307	7	103	7542	14	2	2
10308	8	103	1142	14	2	1
10309	9	103	9776	14	2	1
10310	10	103	12786	14	2	1
10311	11	103	13568	14	2	1
10312	12	103	20024	14	2	1
10313	13	103	7217	14	2	0
10314	14	103	8997	14	2	0
10315	15	103	16684	14	2	0
10316	16	103	19986	14	2	0
10317	17	103	15339	14	2	0
10318	18	103	14917	14	1	3
10319	19	103	13240	14	1	3
10320	20	103	19541	14	1	2
10321	21	103	9888	14	1	2
10322	22	103	7833	14	1	2
10323	23	103	14914	14	1	2
10324	24	103	18872	14	1	2
10325	25	103	9968	14	1	2
10326	26	103	7608	14	1	2
10327	27	103	11535	14	1	2
10328	28	103	9253	14	1	2
10329	29	103	15886	14	1	2
10330	30	103	10026	14	1	2
10331	31	103	15006	14	1	2
10332	32	103	16127	14	1	2
10333	33	103	17681	14	1	2
10334	34	103	19002	14	1	2
10335	35	103	10989	14	1	2
10336	36	103	544	14	1	2
10337	37	103	18225	14	1	2
10338	38	103	12398	14	1	2
10339	39	103	8206	14	1	2
10340	40	103	6655	14	1	2
10341	41	103	12141	14	1	1
10342	42	103	979	14	1	1
10343	43	103	10111	14	1	1
10344	44	103	14986	14	1	1
10345	45	103	9567	14	1	1
10346	46	103	9882	14	1	1
10347	47	103	18075	14	1	1
10348	48	103	10474	14	1	1
10349	49	103	18714	14	1	1
10350	50	103	1082	14	1	1
10351	51	103	10347	14	1	1
10352	52	103	10520	14	1	1
10353	53	103	19516	14	1	1
10354	54	103	9441	14	1	1
10355	55	103	1088	14	1	1
10356	56	103	12220	14	1	1
10357	57	103	17676	14	1	1
10358	58	103	18763	14	1	1
10359	59	103	16359	14	1	1
10360	60	103	8512	14	1	0
10361	61	103	6370	14	1	0
10362	62	103	8524	14	1	0
10363	63	103	12599	14	1	0
10364	64	103	7082	14	1	0
10365	65	103	18000	14	1	0
10366	66	103	6548	14	1	0
10367	67	103	11679	14	1	0
10368	68	103	12326	14	1	0
10369	69	103	14437	14	1	0
10370	70	103	16520	14	1	0
10371	71	103	17939	14	1	0
10372	72	103	16811	14	1	0
10373	73	103	18488	14	1	0
10374	74	103	18044	14	1	0
10375	75	103	11050	14	1	0
10376	76	103	8518	14	1	0
10377	77	103	13831	14	1	0
10378	78	103	14815	14	1	0
10379	79	103	10130	14	1	0
10380	80	103	15821	14	1	0
10381	81	103	7784	14	1	0
10382	82	103	9029	14	1	0
10383	83	103	14764	14	1	0
10384	84	103	8569	14	1	0
10385	85	103	15312	14	1	0
10386	86	103	10436	14	1	0
10387	87	103	9225	14	1	0
10388	88	103	11266	14	1	0
10389	89	103	15891	14	1	0
10390	90	103	18820	14	1	0
10391	91	103	9300	14	1	0
10392	92	103	4455	14	1	0
10393	93	103	14901	14	1	0
10394	94	103	13195	14	1	0
10395	95	103	2294	14	0	2
10396	96	103	861	14	0	1
10397	97	103	5459	14	0	1
10398	98	103	10623	14	0	0
10399	99	103	5120	14	0	0
10400	0	104	11576	14	2	2
10401	1	104	378	14	2	2
10402	2	104	13774	14	2	2
10403	3	104	6920	14	2	2
10404	4	104	9332	14	2	2
10405	5	104	16762	14	2	1
10406	6	104	9526	14	2	1
10407	7	104	13966	14	2	1
10408	8	104	8783	14	2	1
10409	9	104	16461	14	2	1
10410	10	104	16162	14	2	0
10411	11	104	10049	14	2	0
10412	12	104	9842	14	2	0
10413	13	104	12160	14	2	0
10414	14	104	8719	14	2	0
10415	15	104	11409	14	2	0
10416	16	104	13503	14	2	0
10417	17	104	8948	14	1	3
10418	18	104	19761	14	1	3
10419	19	104	15825	14	1	3
10420	20	104	19947	14	1	3
10421	21	104	17433	14	1	3
10422	22	104	14273	14	1	3
10423	23	104	806	14	1	2
10424	24	104	13249	14	1	2
10425	25	104	10895	14	1	2
10426	26	104	15259	14	1	2
10427	27	104	19151	14	1	2
10428	28	104	10297	14	1	2
10429	29	104	13756	14	1	2
10430	30	104	622	14	1	2
10431	31	104	19962	14	1	2
10432	32	104	18271	14	1	2
10433	33	104	7959	14	1	2
10434	34	104	19991	14	1	2
10435	35	104	6241	14	1	2
10436	36	104	7881	14	1	2
10437	37	104	19741	14	1	2
10438	38	104	8687	14	1	2
10439	39	104	15808	14	1	2
10440	40	104	11075	14	1	2
10441	41	104	8677	14	1	2
10442	42	104	13497	14	1	1
10443	43	104	13589	14	1	1
10444	44	104	14900	14	1	1
10445	45	104	8135	14	1	1
10446	46	104	6526	14	1	1
10447	47	104	18681	14	1	1
10448	48	104	11531	14	1	1
10449	49	104	9440	14	1	1
10450	50	104	12869	14	1	1
10451	51	104	16634	14	1	1
10452	52	104	8253	14	1	1
10453	53	104	8141	14	1	1
10454	54	104	11027	14	1	1
10455	55	104	11365	14	1	1
10456	56	104	6576	14	1	1
10457	57	104	13046	14	1	1
10458	58	104	14559	14	1	1
10459	59	104	10878	14	1	1
10460	60	104	15784	14	1	1
10461	61	104	18017	14	1	1
10462	62	104	16390	14	1	1
10463	63	104	13442	14	1	1
10464	64	104	8168	14	1	1
10465	65	104	16432	14	1	1
10466	66	104	18650	14	1	1
10467	67	104	7183	14	1	1
10468	68	104	19839	14	1	0
10469	69	104	13485	14	1	0
10470	70	104	17580	14	1	0
10471	71	104	17947	14	1	0
10472	72	104	8530	14	1	0
10473	73	104	13299	14	1	0
10474	74	104	11074	14	1	0
10475	75	104	10822	14	1	0
10476	76	104	14799	14	1	0
10477	77	104	12464	14	1	0
10478	78	104	13890	14	1	0
10479	79	104	7757	14	1	0
10480	80	104	19507	14	1	0
10481	81	104	12329	14	1	0
10482	82	104	6634	14	1	0
10483	83	104	6477	14	1	0
10484	84	104	8871	14	1	0
10485	85	104	6475	14	1	0
10486	86	104	8382	14	1	0
10487	87	104	10972	14	1	0
10488	88	104	18136	14	1	0
10489	89	104	6798	14	1	0
10490	90	104	16700	14	1	0
10491	91	104	19974	14	1	0
10492	92	104	12842	14	1	0
10493	93	104	14858	14	1	0
10494	94	104	14920	14	1	0
10495	95	104	18153	14	1	0
10496	96	104	14794	14	1	0
10497	97	104	16867	14	1	0
10498	98	104	15688	14	1	0
10499	99	104	10210	14	1	0
10500	0	105	8617	14	2	2
10501	1	105	10821	14	2	2
10502	2	105	16704	14	2	2
10503	3	105	14746	14	2	2
10504	4	105	9720	14	2	2
10505	5	105	10216	14	2	1
10506	6	105	19561	14	2	1
10507	7	105	8161	14	2	1
10508	8	105	15378	14	2	1
10509	9	105	8562	14	2	1
10510	10	105	11225	14	2	1
10511	11	105	7484	14	2	1
10512	12	105	9917	14	2	1
10513	13	105	13781	14	2	1
10514	14	105	15313	14	2	0
10515	15	105	9001	14	2	0
10516	16	105	18600	14	1	3
10517	17	105	16311	14	1	3
10518	18	105	7691	14	1	3
10519	19	105	19054	14	1	2
10520	20	105	19560	14	1	2
10521	21	105	8587	14	1	2
10522	22	105	16629	14	1	2
10523	23	105	19474	14	1	2
10524	24	105	17046	14	1	2
10525	25	105	11212	14	1	2
10526	26	105	493	14	1	2
10527	27	105	20034	14	1	2
10528	28	105	7116	14	1	2
10529	29	105	9071	14	1	2
10530	30	105	11094	14	1	2
10531	31	105	13532	14	1	2
10532	32	105	13189	14	1	2
10533	33	105	6608	14	1	2
10534	34	105	19223	14	1	2
10535	35	105	8753	14	1	2
10536	36	105	12483	14	1	2
10537	37	105	13820	14	1	2
10538	38	105	18020	14	1	2
10539	39	105	9767	14	1	2
10540	40	105	10734	14	1	1
10541	41	105	14386	14	1	1
10542	42	105	14007	14	1	1
10543	43	105	16610	14	1	1
10544	44	105	16759	14	1	1
10545	45	105	18112	14	1	1
10546	46	105	922	14	1	1
10547	47	105	10135	14	1	1
10548	48	105	13098	14	1	1
10549	49	105	12782	14	1	1
10550	50	105	11019	14	1	1
10551	51	105	19352	14	1	1
10552	52	105	984	14	1	1
10553	53	105	7687	14	1	1
10554	54	105	7421	14	1	1
10555	55	105	18471	14	1	1
10556	56	105	17719	14	1	1
10557	57	105	6951	14	1	1
10558	58	105	8096	14	1	1
10559	59	105	18267	14	1	1
10560	60	105	7893	14	1	1
10561	61	105	18395	14	1	1
10562	62	105	10788	14	1	1
10563	63	105	13182	14	1	1
10564	64	105	7625	14	1	1
10565	65	105	7635	14	1	1
10566	66	105	8453	14	1	1
10567	67	105	7382	14	1	0
10568	68	105	15757	14	1	0
10569	69	105	11459	14	1	0
10570	70	105	15785	14	1	0
10571	71	105	12224	14	1	0
10572	72	105	14148	14	1	0
10573	73	105	7202	14	1	0
10574	74	105	9641	14	1	0
10575	75	105	11172	14	1	0
10576	76	105	17012	14	1	0
10577	77	105	18694	14	1	0
10578	78	105	19849	14	1	0
10579	79	105	13495	14	1	0
10580	80	105	10127	14	1	0
10581	81	105	7696	14	1	0
10582	82	105	13832	14	1	0
10583	83	105	14585	14	1	0
10584	84	105	15756	14	1	0
10585	85	105	7649	14	1	0
10586	86	105	16272	14	1	0
10587	87	105	16052	14	1	0
10588	88	105	11710	14	1	0
10589	89	105	8513	14	1	0
10590	90	105	8465	14	1	0
10591	91	105	9048	14	1	0
10592	92	105	9544	14	1	0
10593	93	105	19821	14	1	0
10594	94	105	10177	14	1	0
10595	95	105	14412	14	0	1
10596	96	105	11277	14	0	0
10597	97	105	2277	14	0	0
10598	98	105	17566	14	0	0
10599	99	105	8515	14	0	0
10600	0	106	14537	14	2	2
10601	1	106	328	14	2	2
10602	2	106	414	14	2	2
10603	3	106	9649	14	2	2
10604	4	106	7983	14	2	2
10605	5	106	13874	14	2	2
10606	6	106	8765	14	2	1
10607	7	106	13812	14	2	0
10608	8	106	14143	14	1	3
10609	9	106	7407	14	1	3
10610	10	106	17352	14	1	2
10611	11	106	14350	14	1	2
10612	12	106	12919	14	1	2
10613	13	106	15754	14	1	2
10614	14	106	10590	14	1	2
10615	15	106	11866	14	1	2
10616	16	106	10943	14	1	2
10617	17	106	9498	14	1	2
10618	18	106	12052	14	1	2
10619	19	106	15632	14	1	2
10620	20	106	7617	14	1	2
10621	21	106	15991	14	1	2
10622	22	106	665	14	1	2
10623	23	106	12822	14	1	2
10624	24	106	14653	14	1	2
10625	25	106	17393	14	1	2
10626	26	106	18824	14	1	2
10627	27	106	11285	14	1	2
10628	28	106	16557	14	1	2
10629	29	106	17020	14	1	2
10630	30	106	18532	14	1	2
10631	31	106	12378	14	1	1
10632	32	106	10242	14	1	1
10633	33	106	10472	14	1	1
10634	34	106	12892	14	1	1
10635	35	106	17412	14	1	1
10636	36	106	17868	14	1	1
10637	37	106	18634	14	1	1
10638	38	106	18908	14	1	1
10639	39	106	11105	14	1	1
10640	40	106	12361	14	1	1
10641	41	106	19806	14	1	1
10642	42	106	1168	14	1	1
10643	43	106	13470	14	1	1
10644	44	106	11860	14	1	1
10645	45	106	8626	14	1	1
10646	46	106	14594	14	1	1
10647	47	106	12589	14	1	1
10648	48	106	10185	14	1	1
10649	49	106	19251	14	1	1
10650	50	106	19200	14	1	1
10651	51	106	18659	14	1	1
10652	52	106	2894	14	1	1
10653	53	106	9588	14	1	1
10654	54	106	18152	14	1	1
10655	55	106	15514	14	1	1
10656	56	106	16104	14	1	1
10657	57	106	10564	14	1	1
10658	58	106	9035	14	1	1
10659	59	106	15726	14	1	1
10660	60	106	19977	14	1	1
10661	61	106	7764	14	1	1
10662	62	106	7320	14	1	1
10663	63	106	8607	14	1	1
10664	64	106	17882	14	1	0
10665	65	106	12327	14	1	0
10666	66	106	7345	14	1	0
10667	67	106	11051	14	1	0
10668	68	106	11829	14	1	0
10669	69	106	11854	14	1	0
10670	70	106	14500	14	1	0
10671	71	106	19192	14	1	0
10672	72	106	7522	14	1	0
10673	73	106	17143	14	1	0
10674	74	106	18108	14	1	0
10675	75	106	19814	14	1	0
10676	76	106	9879	14	1	0
10677	77	106	9070	14	1	0
10678	78	106	7419	14	1	0
10679	79	106	8899	14	1	0
10680	80	106	9355	14	1	0
10681	81	106	13366	14	1	0
10682	82	106	18636	14	1	0
10683	83	106	18736	14	1	0
10684	84	106	16924	14	1	0
10685	85	106	8098	14	1	0
10686	86	106	7413	14	1	0
10687	87	106	11072	14	1	0
10688	88	106	10857	14	1	0
10689	89	106	6800	14	1	0
10690	90	106	8328	14	1	0
10691	91	106	16326	14	1	0
10692	92	106	14019	14	1	0
10693	93	106	9444	14	1	0
10694	94	106	16298	14	1	0
10695	95	106	18077	14	1	0
10696	96	106	9714	14	1	0
10697	97	106	18172	14	0	2
10698	98	106	8614	14	0	0
10699	99	106	6235	14	0	0
10700	0	107	18095	14	2	2
10701	1	107	14722	14	2	2
10702	2	107	15441	14	2	2
10703	3	107	7716	14	2	2
10704	4	107	9913	14	2	1
10705	5	107	1046	14	2	1
10706	6	107	9847	14	2	0
10707	7	107	9200	14	2	0
10708	8	107	9920	14	2	0
10709	9	107	9130	14	2	0
10710	10	107	14740	14	2	0
10711	11	107	9715	14	1	3
10712	12	107	7186	14	1	3
10713	13	107	10555	14	1	2
10714	14	107	10804	14	1	2
10715	15	107	13065	14	1	2
10716	16	107	314	14	1	2
10717	17	107	9962	14	1	2
10718	18	107	16065	14	1	2
10719	19	107	7034	14	1	2
10720	20	107	6448	14	1	2
10721	21	107	16064	14	1	2
10722	22	107	12323	14	1	2
10723	23	107	9107	14	1	2
10724	24	107	14286	14	1	2
10725	25	107	16799	14	1	2
10726	26	107	292	14	1	2
10727	27	107	7106	14	1	2
10728	28	107	9477	14	1	2
10729	29	107	18935	14	1	2
10730	30	107	13478	14	1	1
10731	31	107	15485	14	1	1
10732	32	107	16501	14	1	1
10733	33	107	16753	14	1	1
10734	34	107	913	14	1	1
10735	35	107	10349	14	1	1
10736	36	107	16117	14	1	1
10737	37	107	7914	14	1	1
10738	38	107	18643	14	1	1
10739	39	107	9352	14	1	1
10740	40	107	8310	14	1	1
10741	41	107	8442	14	1	1
10742	42	107	12105	14	1	1
10743	43	107	18254	14	1	1
10744	44	107	8338	14	1	1
10745	45	107	17394	14	1	1
10746	46	107	16389	14	1	1
10747	47	107	16468	14	1	1
10748	48	107	4816	14	1	1
10749	49	107	6861	14	1	1
10750	50	107	7584	14	1	1
10751	51	107	10340	14	1	1
10752	52	107	11853	14	1	1
10753	53	107	13377	14	1	1
10754	54	107	19482	14	1	1
10755	55	107	19539	14	1	1
10756	56	107	17983	14	1	1
10757	57	107	11640	14	1	1
10758	58	107	16322	14	1	1
10759	59	107	19074	14	1	1
10760	60	107	17565	14	1	1
10761	61	107	14289	14	1	1
10762	62	107	14814	14	1	1
10763	63	107	19418	14	1	1
10764	64	107	13494	14	1	1
10765	65	107	11709	14	1	1
10766	66	107	8165	14	1	1
10767	67	107	11267	14	1	0
10768	68	107	12518	14	1	0
10769	69	107	18220	14	1	0
10770	70	107	18864	14	1	0
10771	71	107	19797	14	1	0
10772	72	107	6487	14	1	0
10773	73	107	15076	14	1	0
10774	74	107	8356	14	1	0
10775	75	107	16741	14	1	0
10776	76	107	8839	14	1	0
10777	77	107	11598	14	1	0
10778	78	107	12488	14	1	0
10779	79	107	14973	14	1	0
10780	80	107	15899	14	1	0
10781	81	107	18749	14	1	0
10782	82	107	10179	14	1	0
10783	83	107	11738	14	1	0
10784	84	107	15580	14	1	0
10785	85	107	18518	14	1	0
10786	86	107	19126	14	1	0
10787	87	107	15496	14	1	0
10788	88	107	12340	14	1	0
10789	89	107	14221	14	1	0
10790	90	107	18778	14	1	0
10791	91	107	11467	14	1	0
10792	92	107	13280	14	1	0
10793	93	107	8419	14	1	0
10794	94	107	16953	14	1	0
10795	95	107	8157	14	1	0
10796	96	107	18542	14	1	0
10797	97	107	17097	14	0	1
10798	98	107	8756	14	0	0
10799	99	107	6243	14	0	2
10800	0	108	13616	14	2	3
10801	1	108	7829	14	2	3
10802	2	108	8577	14	2	2
10803	3	108	19762	14	2	2
10804	4	108	10048	14	2	1
10805	5	108	8758	14	2	1
10806	6	108	16504	14	2	0
10807	7	108	15853	14	2	0
10808	8	108	17188	14	2	0
10809	9	108	19589	14	2	0
10810	10	108	15895	14	1	3
10811	11	108	14831	14	1	2
10812	12	108	14649	14	1	2
10813	13	108	19265	14	1	2
10814	14	108	11886	14	1	2
10815	15	108	12726	14	1	2
10816	16	108	12203	14	1	2
10817	17	108	18879	14	1	2
10818	18	108	7351	14	1	2
10819	19	108	12317	14	1	2
10820	20	108	429	14	1	2
10821	21	108	13081	14	1	2
10822	22	108	14153	14	1	2
10823	23	108	18269	14	1	2
10824	24	108	7069	14	1	2
10825	25	108	13026	14	1	2
10826	26	108	11968	14	1	2
10827	27	108	18420	14	1	2
10828	28	108	8307	14	1	2
10829	29	108	9716	14	1	2
10830	30	108	11765	14	1	2
10831	31	108	14314	14	1	2
10832	32	108	12321	14	1	1
10833	33	108	13926	14	1	1
10834	34	108	14715	14	1	1
10835	35	108	15777	14	1	1
10836	36	108	17910	14	1	1
10837	37	108	6819	14	1	1
10838	38	108	7855	14	1	1
10839	39	108	12992	14	1	1
10840	40	108	14331	14	1	1
10841	41	108	8878	14	1	1
10842	42	108	10775	14	1	1
10843	43	108	11201	14	1	1
10844	44	108	12172	14	1	1
10845	45	108	13827	14	1	1
10846	46	108	19999	14	1	1
10847	47	108	7414	14	1	1
10848	48	108	1087	14	1	1
10849	49	108	12785	14	1	1
10850	50	108	14850	14	1	1
10851	51	108	18367	14	1	1
10852	52	108	12424	14	1	1
10853	53	108	8330	14	1	1
10854	54	108	8026	14	1	1
10855	55	108	12072	14	1	1
10856	56	108	18031	14	1	1
10857	57	108	10317	14	1	1
10858	58	108	7398	14	1	1
10859	59	108	19526	14	1	1
10860	60	108	12757	14	1	1
10861	61	108	14596	14	1	1
10862	62	108	14834	14	1	1
10863	63	108	17146	14	1	1
10864	64	108	13486	14	1	1
10865	65	108	14244	14	1	1
10866	66	108	8560	14	1	0
10867	67	108	18871	14	1	0
10868	68	108	20016	14	1	0
10869	69	108	10812	14	1	0
10870	70	108	18570	14	1	0
10871	71	108	12650	14	1	0
10872	72	108	9353	14	1	0
10873	73	108	19360	14	1	0
10874	74	108	7891	14	1	0
10875	75	108	19594	14	1	0
10876	76	108	12861	14	1	0
10877	77	108	13449	14	1	0
10878	78	108	15231	14	1	0
10879	79	108	15567	14	1	0
10880	80	108	19319	14	1	0
10881	81	108	12206	14	1	0
10882	82	108	13436	14	1	0
10883	83	108	6727	14	1	0
10884	84	108	9198	14	1	0
10885	85	108	15587	14	1	0
10886	86	108	19338	14	1	0
10887	87	108	17506	14	1	0
10888	88	108	11425	14	1	0
10889	89	108	11489	14	1	0
10890	90	108	12377	14	1	0
10891	91	108	14362	14	1	0
10892	92	108	8464	14	1	0
10893	93	108	16363	14	1	0
10894	94	108	7035	14	1	0
10895	95	108	11241	14	1	0
10896	96	108	16751	14	0	2
10897	97	108	15974	14	0	1
10898	98	108	17061	14	0	0
10899	99	108	4541	14	0	2
10900	0	109	10241	14	2	3
10901	1	109	16541	14	2	3
10902	2	109	16219	14	2	2
10903	3	109	18857	14	2	2
10904	4	109	8067	14	2	2
10905	5	109	6465	14	2	2
10906	6	109	17856	14	2	1
10907	7	109	8627	14	2	1
10908	8	109	19630	14	2	1
10909	9	109	19631	14	2	1
10910	10	109	11733	14	2	0
10911	11	109	7122	14	2	0
10912	12	109	6971	14	2	0
10913	13	109	11469	14	1	3
10914	14	109	15984	14	1	3
10915	15	109	7978	14	1	3
10916	16	109	7940	14	1	3
10917	17	109	19021	14	1	2
10918	18	109	8374	14	1	2
10919	19	109	16283	14	1	2
10920	20	109	7120	14	1	2
10921	21	109	8142	14	1	2
10922	22	109	13539	14	1	2
10923	23	109	309	14	1	2
10924	24	109	7281	14	1	2
10925	25	109	19052	14	1	2
10926	26	109	15329	14	1	2
10927	27	109	16838	14	1	2
10928	28	109	17991	14	1	2
10929	29	109	18579	14	1	2
10930	30	109	8046	14	1	2
10931	31	109	10018	14	1	2
10932	32	109	13782	14	1	2
10933	33	109	6659	14	1	2
10934	34	109	10027	14	1	2
10935	35	109	12540	14	1	2
10936	36	109	6662	14	1	2
10937	37	109	6813	14	1	2
10938	38	109	17089	14	1	2
10939	39	109	8277	14	1	2
10940	40	109	19224	14	1	2
10941	41	109	18907	14	1	2
10942	42	109	15809	14	1	2
10943	43	109	15907	14	1	2
10944	44	109	18798	14	1	2
10945	45	109	10025	14	1	2
10946	46	109	938	14	1	1
10947	47	109	7059	14	1	1
10948	48	109	11073	14	1	1
10949	49	109	17357	14	1	1
10950	50	109	8521	14	1	1
10951	51	109	10350	14	1	1
10952	52	109	10752	14	1	1
10953	53	109	14158	14	1	1
10954	54	109	12792	14	1	1
10955	55	109	11920	14	1	1
10956	56	109	14802	14	1	1
10957	57	109	8270	14	1	1
10958	58	109	12957	14	1	1
10959	59	109	16429	14	1	1
10960	60	109	18942	14	1	1
10961	61	109	17945	14	1	1
10962	62	109	6654	14	1	1
10963	63	109	11403	14	1	1
10964	64	109	19348	14	1	1
10965	65	109	15577	14	1	1
10966	66	109	12781	14	1	1
10967	67	109	10231	14	1	1
10968	68	109	19575	14	1	0
10969	69	109	18489	14	1	0
10970	70	109	6372	14	1	0
10971	71	109	19924	14	1	0
10972	72	109	8748	14	1	0
10973	73	109	9536	14	1	0
10974	74	109	17825	14	1	0
10975	75	109	18956	14	1	0
10976	76	109	20001	14	1	0
10977	77	109	18678	14	1	0
10978	78	109	15018	14	1	0
10979	79	109	10709	14	1	0
10980	80	109	17616	14	1	0
10981	81	109	11083	14	1	0
10982	82	109	15048	14	1	0
10983	83	109	19247	14	1	0
10984	84	109	14035	14	1	0
10985	85	109	12614	14	1	0
10986	86	109	16145	14	1	0
10987	87	109	13344	14	1	0
10988	88	109	9568	14	1	0
10989	89	109	12302	14	1	0
10990	90	109	6594	14	1	0
10991	91	109	11196	14	1	0
10992	92	109	13483	14	1	0
10993	93	109	7798	14	1	0
10994	94	109	17151	14	1	0
10995	95	109	17050	14	1	0
10996	96	109	13501	14	1	0
10997	97	109	8724	14	1	0
10998	98	109	18645	14	0	0
10999	99	109	4770	14	0	1
11000	0	110	12115	14	2	3
11001	1	110	315	14	2	2
11002	2	110	12379	14	2	2
11003	3	110	9308	14	2	2
11004	4	110	673	14	2	2
11005	5	110	16676	14	2	2
11006	6	110	6553	14	2	2
11007	7	110	16172	14	2	1
11008	8	110	7994	14	2	1
11009	9	110	1035	14	2	1
11010	10	110	10909	14	2	0
11011	11	110	13745	14	2	0
11012	12	110	17134	14	2	0
11013	13	110	17699	14	2	0
11014	14	110	13358	14	1	3
11015	15	110	19341	14	1	3
11016	16	110	11163	14	1	3
11017	17	110	16218	14	1	2
11018	18	110	17749	14	1	2
11019	19	110	18226	14	1	2
11020	20	110	18227	14	1	2
11021	21	110	19373	14	1	2
11022	22	110	7783	14	1	2
11023	23	110	13618	14	1	2
11024	24	110	14066	14	1	2
11025	25	110	2496	14	1	2
11026	26	110	7830	14	1	2
11027	27	110	17824	14	1	2
11028	28	110	7261	14	1	2
11029	29	110	7785	14	1	2
11030	30	110	8514	14	1	2
11031	31	110	7341	14	1	2
11032	32	110	14176	14	1	2
11033	33	110	18470	14	1	2
11034	34	110	16366	14	1	2
11035	35	110	13643	14	1	2
11036	36	110	17495	14	1	2
11037	37	110	7080	14	1	2
11038	38	110	7153	14	1	2
11039	39	110	17536	14	1	2
11040	40	110	18080	14	1	2
11041	41	110	19525	14	1	2
11042	42	110	14219	14	1	2
11043	43	110	14798	14	1	1
11044	44	110	10237	14	1	1
11045	45	110	12367	14	1	1
11046	46	110	16302	14	1	1
11047	47	110	16801	14	1	1
11048	48	110	7642	14	1	1
11049	49	110	9139	14	1	1
11050	50	110	12063	14	1	1
11051	51	110	13713	14	1	1
11052	52	110	14163	14	1	1
11053	53	110	16431	14	1	1
11054	54	110	18735	14	1	1
11055	55	110	1175	14	1	1
11056	56	110	19978	14	1	1
11057	57	110	10412	14	1	1
11058	58	110	12827	14	1	1
11059	59	110	19772	14	1	1
11060	60	110	15735	14	1	1
11061	61	110	7426	14	1	1
11062	62	110	18551	14	1	1
11063	63	110	14020	14	1	1
11064	64	110	3731	14	1	1
11065	65	110	10852	14	1	1
11066	66	110	18756	14	1	0
11067	67	110	15813	14	1	0
11068	68	110	19784	14	1	0
11069	69	110	18740	14	1	0
11070	70	110	10813	14	1	0
11071	71	110	2633	14	1	0
11072	72	110	13301	14	1	0
11073	73	110	15168	14	1	0
11074	74	110	15894	14	1	0
11075	75	110	18354	14	1	0
11076	76	110	19331	14	1	0
11077	77	110	19606	14	1	0
11078	78	110	9183	14	1	0
11079	79	110	14502	14	1	0
11080	80	110	12047	14	1	0
11081	81	110	17740	14	1	0
11082	82	110	12989	14	1	0
11083	83	110	12602	14	1	0
11084	84	110	15254	14	1	0
11085	85	110	18288	14	1	0
11086	86	110	8329	14	1	0
11087	87	110	18042	14	1	0
11088	88	110	11626	14	1	0
11089	89	110	15161	14	1	0
11090	90	110	15805	14	1	0
11091	91	110	7336	14	1	0
11092	92	110	8100	14	1	0
11093	93	110	10537	14	1	0
11094	94	110	12018	14	1	0
11095	95	110	9087	14	1	0
11096	96	110	15961	14	1	0
11097	97	110	18449	14	1	0
11098	98	110	16024	14	1	0
11099	99	110	11170	14	0	1
11100	0	111	17122	14	2	3
11101	1	111	377	14	2	2
11102	2	111	17568	14	2	2
11103	3	111	579	14	2	2
11104	4	111	11501	14	2	2
11105	5	111	8042	14	2	2
11106	6	111	16731	14	2	2
11107	7	111	11583	14	2	2
11108	8	111	16644	14	2	1
11109	9	111	17789	14	2	1
11110	10	111	10206	14	2	0
11111	11	111	19008	14	2	0
11112	12	111	10708	14	2	0
11113	13	111	15864	14	2	0
11114	14	111	17992	14	2	0
11115	15	111	17993	14	2	0
11116	16	111	17235	14	2	0
11117	17	111	19899	14	2	0
11118	18	111	13907	14	1	3
11119	19	111	13908	14	1	3
11120	20	111	7207	14	1	2
11121	21	111	15855	14	1	2
11122	22	111	15912	14	1	2
11123	23	111	686	14	1	2
11124	24	111	17843	14	1	2
11125	25	111	6274	14	1	2
11126	26	111	4712	14	1	2
11127	27	111	17987	14	1	2
11128	28	111	15611	14	1	2
11129	29	111	16544	14	1	2
11130	30	111	14229	14	1	2
11131	31	111	14232	14	1	2
11132	32	111	14149	14	1	2
11133	33	111	14150	14	1	2
11134	34	111	666	14	1	2
11135	35	111	8426	14	1	2
11136	36	111	13780	14	1	2
11137	37	111	10517	14	1	2
11138	38	111	6516	14	1	2
11139	39	111	9086	14	1	2
11140	40	111	299	14	1	2
11141	41	111	6717	14	1	2
11142	42	111	12372	14	1	2
11143	43	111	16576	14	1	1
11144	44	111	17955	14	1	1
11145	45	111	18961	14	1	1
11146	46	111	10820	14	1	1
11147	47	111	1185	14	1	1
11148	48	111	19990	14	1	1
11149	49	111	11238	14	1	1
11150	50	111	6973	14	1	1
11151	51	111	7401	14	1	1
11152	52	111	8816	14	1	1
11153	53	111	10723	14	1	1
11154	54	111	11763	14	1	1
11155	55	111	10547	14	1	1
11156	56	111	17778	14	1	1
11157	57	111	7968	14	1	1
11158	58	111	18182	14	1	1
11159	59	111	9361	14	1	1
11160	60	111	19963	14	1	1
11161	61	111	11258	14	1	1
11162	62	111	16327	14	1	1
11163	63	111	18487	14	1	1
11164	64	111	8892	14	1	1
11165	65	111	14894	14	1	1
11166	66	111	17494	14	1	1
11167	67	111	10194	14	1	1
11168	68	111	17051	14	1	1
11169	69	111	13139	14	1	1
11170	70	111	13123	14	1	1
11171	71	111	7313	14	1	0
11172	72	111	7960	14	1	0
11173	73	111	10291	14	1	0
11174	74	111	10435	14	1	0
11175	75	111	15702	14	1	0
11176	76	111	14589	14	1	0
11177	77	111	15195	14	1	0
11178	78	111	18281	14	1	0
11179	79	111	18779	14	1	0
11180	80	111	12151	14	1	0
11181	81	111	18728	14	1	0
11182	82	111	10776	14	1	0
11183	83	111	18647	14	1	0
11184	84	111	19231	14	1	0
11185	85	111	7753	14	1	0
11186	86	111	17365	14	1	0
11187	87	111	10518	14	1	0
11188	88	111	17100	14	1	0
11189	89	111	19302	14	1	0
11190	90	111	13179	14	1	0
11191	91	111	7230	14	1	0
11192	92	111	10383	14	1	0
11193	93	111	18810	14	1	0
11194	94	111	9692	14	1	0
11195	95	111	11774	14	0	0
11196	96	111	17268	14	0	0
11197	97	111	18429	14	0	0
11198	98	111	11692	14	0	0
11199	99	111	16418	14	0	1
11200	0	112	14454	14	2	3
11201	1	112	9650	14	2	2
11202	2	112	13634	14	2	2
11203	3	112	760	14	2	2
11204	4	112	10506	14	2	2
11205	5	112	7190	14	2	1
11206	6	112	9254	14	2	1
11207	7	112	1104	14	2	1
11208	8	112	16410	14	2	0
11209	9	112	6437	14	2	0
11210	10	112	11290	14	2	0
11211	11	112	10352	14	2	0
11212	12	112	7472	14	2	0
11213	13	112	13435	14	2	0
11214	14	112	8366	14	2	0
11215	15	112	13940	14	2	0
11216	16	112	6438	14	2	0
11217	17	112	10315	14	2	0
11218	18	112	13967	14	1	3
11219	19	112	15723	14	1	2
11220	20	112	14376	14	1	2
11221	21	112	16917	14	1	2
11222	22	112	2360	14	1	2
11223	23	112	494	14	1	2
11224	24	112	8336	14	1	2
11225	25	112	19010	14	1	2
11226	26	112	13345	14	1	2
11227	27	112	1041	14	1	2
11228	28	112	15780	14	1	2
11229	29	112	15671	14	1	2
11230	30	112	7986	14	1	2
11231	31	112	15799	14	1	2
11232	32	112	7854	14	1	2
11233	33	112	12371	14	1	2
11234	34	112	15264	14	1	2
11235	35	112	6661	14	1	2
11236	36	112	7634	14	1	2
11237	37	112	7271	14	1	2
11238	38	112	17731	14	1	2
11239	39	112	11657	14	1	2
11240	40	112	16439	14	1	2
11241	41	112	13267	14	1	2
11242	42	112	18334	14	1	1
11243	43	112	18747	14	1	1
11244	44	112	10862	14	1	1
11245	45	112	15586	14	1	1
11246	46	112	11575	14	1	1
11247	47	112	16303	14	1	1
11248	48	112	6671	14	1	1
11249	49	112	14249	14	1	1
11250	50	112	16807	14	1	1
11251	51	112	9226	14	1	1
11252	52	112	13161	14	1	1
11253	53	112	13379	14	1	1
11254	54	112	16869	14	1	1
11255	55	112	12645	14	1	1
11256	56	112	14817	14	1	1
11257	57	112	12537	14	1	1
11258	58	112	17989	14	1	1
11259	59	112	12544	14	1	1
11260	60	112	1006	14	1	1
11261	61	112	16337	14	1	1
11262	62	112	6907	14	1	1
11263	63	112	7196	14	1	1
11264	64	112	10085	14	1	1
11265	65	112	12032	14	1	1
11266	66	112	14642	14	1	1
11267	67	112	16823	14	1	1
11268	68	112	11404	14	1	1
11269	69	112	6904	14	1	0
11270	70	112	18821	14	1	0
11271	71	112	11173	14	1	0
11272	72	112	18949	14	1	0
11273	73	112	7197	14	1	0
11274	74	112	6635	14	1	0
11275	75	112	7644	14	1	0
11276	76	112	14752	14	1	0
11277	77	112	18237	14	1	0
11278	78	112	18463	14	1	0
11279	79	112	8058	14	1	0
11280	80	112	17053	14	1	0
11281	81	112	19134	14	1	0
11282	82	112	7446	14	1	0
11283	83	112	18479	14	1	0
11284	84	112	11095	14	1	0
11285	85	112	19118	14	1	0
11286	86	112	12851	14	1	0
11287	87	112	16804	14	1	0
11288	88	112	18032	14	1	0
11289	89	112	17044	14	1	0
11290	90	112	17054	14	1	0
11291	91	112	12048	14	1	0
11292	92	112	6558	14	1	0
11293	93	112	6903	14	1	0
11294	94	112	10296	14	1	0
11295	95	112	10433	14	1	0
11296	96	112	5550	14	0	1
11297	97	112	17301	14	0	0
11298	98	112	11401	14	0	0
11299	99	112	13434	14	0	0
11300	0	113	10384	14	2	2
11301	1	113	382	14	2	2
11302	2	113	12117	14	2	2
11303	3	113	19783	14	2	2
11304	4	113	9252	14	2	2
11305	5	113	7477	14	2	2
11306	6	113	16202	14	2	2
11307	7	113	19934	14	2	2
11308	8	113	11381	14	2	2
11309	9	113	13824	14	2	2
11310	10	113	14988	14	2	1
11311	11	113	9870	14	2	1
11312	12	113	9547	14	2	1
11313	13	113	9101	14	2	1
11314	14	113	10670	14	2	1
11315	15	113	16564	14	2	1
11316	16	113	7461	14	2	0
11317	17	113	16254	14	2	0
11318	18	113	7933	14	2	0
11319	19	113	9334	14	2	0
11320	20	113	16789	14	2	0
11321	21	113	17135	14	2	0
11322	22	113	19645	14	2	0
11323	23	113	10524	14	1	3
11324	24	113	19306	14	1	2
11325	25	113	12068	14	1	2
11326	26	113	9234	14	1	2
11327	27	113	15058	14	1	2
11328	28	113	16310	14	1	2
11329	29	113	16780	14	1	2
11330	30	113	6753	14	1	2
11331	31	113	6663	14	1	2
11332	32	113	16950	14	1	2
11333	33	113	8337	14	1	2
11334	34	113	759	14	1	2
11335	35	113	436	14	1	2
11336	36	113	12312	14	1	2
11337	37	113	8510	14	1	2
11338	38	113	13322	14	1	2
11339	39	113	15956	14	1	2
11340	40	113	8884	14	1	2
11341	41	113	8469	14	1	2
11342	42	113	9433	14	1	2
11343	43	113	7790	14	1	2
11344	44	113	13096	14	1	2
11345	45	113	8164	14	1	2
11346	46	113	12659	14	1	2
11347	47	113	695	14	1	2
11348	48	113	5533	14	1	1
11349	49	113	13287	14	1	1
11350	50	113	18188	14	1	1
11351	51	113	19295	14	1	1
11352	52	113	1000	14	1	1
11353	53	113	19918	14	1	1
11354	54	113	7980	14	1	1
11355	55	113	8299	14	1	1
11356	56	113	9485	14	1	1
11357	57	113	9574	14	1	1
11358	58	113	8525	14	1	1
11359	59	113	11195	14	1	1
11360	60	113	18788	14	1	1
11361	61	113	18148	14	1	1
11362	62	113	6929	14	1	1
11363	63	113	17779	14	1	1
11364	64	113	18180	14	1	1
11365	65	113	12046	14	1	1
11366	66	113	12190	14	1	1
11367	67	113	11428	14	1	1
11368	68	113	14243	14	1	1
11369	69	113	7231	14	1	1
11370	70	113	11757	14	1	1
11371	71	113	16437	14	1	0
11372	72	113	14011	14	1	0
11373	73	113	12615	14	1	0
11374	74	113	11295	14	1	0
11375	75	113	10306	14	1	0
11376	76	113	12737	14	1	0
11377	77	113	10273	14	1	0
11378	78	113	13027	14	1	0
11379	79	113	6584	14	1	0
11380	80	113	6821	14	1	0
11381	81	113	12373	14	1	0
11382	82	113	10701	14	1	0
11383	83	113	9800	14	1	0
11384	84	113	8463	14	1	0
11385	85	113	8979	14	1	0
11386	86	113	12437	14	1	0
11387	87	113	16674	14	1	0
11388	88	113	11942	14	1	0
11389	89	113	11812	14	1	0
11390	90	113	18208	14	1	0
11391	91	113	13278	14	1	0
11392	92	113	11625	14	1	0
11393	93	113	14455	14	1	0
11394	94	113	16347	14	1	0
11395	95	113	19893	14	1	0
11396	96	113	12045	14	0	0
11397	97	113	10842	14	0	0
11398	98	113	14605	14	0	0
11399	99	113	11551	14	0	0
11400	0	114	12941	14	2	2
11401	1	114	11564	14	2	2
11402	2	114	383	14	2	2
11403	3	114	9966	14	2	2
11404	4	114	15436	14	2	2
11405	5	114	6579	14	2	1
11406	6	114	10690	14	2	0
11407	7	114	7270	14	2	0
11408	8	114	16608	14	2	0
11409	9	114	18897	14	2	0
11410	10	114	17811	14	1	3
11411	11	114	14786	14	1	3
11412	12	114	320	14	1	2
11413	13	114	9160	14	1	2
11414	14	114	13390	14	1	2
11415	15	114	17426	14	1	2
11416	16	114	13559	14	1	2
11417	17	114	521	14	1	2
11418	18	114	17810	14	1	2
11419	19	114	11708	14	1	2
11420	20	114	367	14	1	2
11421	21	114	12311	14	1	2
11422	22	114	9476	14	1	2
11423	23	114	18953	14	1	2
11424	24	114	7532	14	1	2
11425	25	114	7533	14	1	2
11426	26	114	19349	14	1	2
11427	27	114	12675	14	1	2
11428	28	114	764	14	1	2
11429	29	114	13718	14	1	2
11430	30	114	14378	14	1	2
11431	31	114	300	14	1	2
11432	32	114	6837	14	1	1
11433	33	114	7504	14	1	1
11434	34	114	17689	14	1	1
11435	35	114	13987	14	1	1
11436	36	114	10729	14	1	1
11437	37	114	19249	14	1	1
11438	38	114	17956	14	1	1
11439	39	114	9619	14	1	1
11440	40	114	14641	14	1	1
11441	41	114	9884	14	1	1
11442	42	114	9944	14	1	1
11443	43	114	16102	14	1	1
11444	44	114	19273	14	1	1
11445	45	114	18482	14	1	1
11446	46	114	12991	14	1	1
11447	47	114	18564	14	1	1
11448	48	114	18635	14	1	1
11449	49	114	9921	14	1	1
11450	50	114	7180	14	1	1
11451	51	114	10232	14	1	1
11452	52	114	14897	14	1	0
11453	53	114	13138	14	1	0
11454	54	114	18483	14	1	0
11455	55	114	15954	14	1	0
11456	56	114	17246	14	1	0
11457	57	114	12106	14	1	0
11458	58	114	13128	14	1	0
11459	59	114	18523	14	1	0
11460	60	114	7630	14	1	0
11461	61	114	14074	14	1	0
11462	62	114	6868	14	1	0
11463	63	114	8264	14	1	0
11464	64	114	6686	14	1	0
11465	65	114	7061	14	1	0
11466	66	114	15589	14	1	0
11467	67	114	18875	14	1	0
11468	68	114	11653	14	1	0
11469	69	114	8601	14	1	0
11470	70	114	15461	14	1	0
11471	71	114	17601	14	1	0
11472	72	114	12320	14	1	0
11473	73	114	18529	14	1	0
11474	74	114	11226	14	1	0
11475	75	114	14439	14	1	0
11476	76	114	19104	14	1	0
11477	77	114	16112	14	1	0
11478	78	114	15578	14	1	0
11479	79	114	8354	14	1	0
11480	80	114	9947	14	1	0
11481	81	114	12054	14	1	0
11482	82	114	13860	14	1	0
11483	83	114	19950	14	1	0
11484	84	114	6676	14	1	0
11485	85	114	7874	14	1	0
11486	86	114	14380	14	1	0
11487	87	114	16301	14	1	0
11488	88	114	12347	14	1	0
11489	89	114	8139	14	1	0
11490	90	114	10901	14	1	0
11491	91	114	10900	14	1	0
11492	92	114	10700	14	1	0
11493	93	114	17813	14	0	2
11494	94	114	17569	14	0	1
11495	95	114	5284	14	0	1
11496	96	114	19643	14	0	0
11497	97	114	9345	14	0	0
11498	98	114	16914	14	0	0
11499	99	114	14873	14	0	0
11500	0	115	17567	14	2	2
11501	1	115	9262	14	2	2
11502	2	115	13897	14	2	2
11503	3	115	16225	14	2	2
11504	4	115	14297	14	2	2
11505	5	115	9365	14	2	2
11506	6	115	7126	14	2	2
11507	7	115	14602	14	2	1
11508	8	115	15341	14	2	1
11509	9	115	6476	14	2	0
11510	10	115	12204	14	2	0
11511	11	115	17058	14	2	0
11512	12	115	14260	14	2	0
11513	13	115	13058	14	2	0
11514	14	115	10391	14	2	0
11515	15	115	12563	14	2	0
11516	16	115	17790	14	2	0
11517	17	115	14543	14	2	0
11518	18	115	19419	14	1	3
11519	19	115	9398	14	1	3
11520	20	115	14357	14	1	2
11521	21	115	13376	14	1	2
11522	22	115	18991	14	1	2
11523	23	115	7269	14	1	2
11524	24	115	16408	14	1	2
11525	25	115	10930	14	1	2
11526	26	115	18960	14	1	2
11527	27	115	18984	14	1	2
11528	28	115	12002	14	1	2
11529	29	115	16033	14	1	2
11530	30	115	18177	14	1	2
11531	31	115	11522	14	1	2
11532	32	115	8653	14	1	2
11533	33	115	469	14	1	2
11534	34	115	810	14	1	2
11535	35	115	11568	14	1	2
11536	36	115	280	14	1	2
11537	37	115	8889	14	1	2
11538	38	115	16360	14	1	2
11539	39	115	19059	14	1	2
11540	40	115	18211	14	1	2
11541	41	115	9765	14	1	2
11542	42	115	13025	14	1	1
11543	43	115	18607	14	1	1
11544	44	115	11384	14	1	1
11545	45	115	15044	14	1	1
11546	46	115	12335	14	1	1
11547	47	115	10628	14	1	1
11548	48	115	17669	14	1	1
11549	49	115	19865	14	1	1
11550	50	115	7321	14	1	1
11551	51	115	18696	14	1	1
11552	52	115	19442	14	1	1
11553	53	115	9190	14	1	1
11554	54	115	18530	14	1	1
11555	55	115	8412	14	1	1
11556	56	115	13289	14	1	1
11557	57	115	16505	14	1	1
11558	58	115	18630	14	1	1
11559	59	115	9312	14	1	1
11560	60	115	19062	14	1	1
11561	61	115	19929	14	1	0
11562	62	115	14181	14	1	0
11563	63	115	19322	14	1	0
11564	64	115	9480	14	1	0
11565	65	115	9591	14	1	0
11566	66	115	13917	14	1	0
11567	67	115	12646	14	1	0
11568	68	115	7872	14	1	0
11569	69	115	13785	14	1	0
11570	70	115	12630	14	1	0
11571	71	115	6466	14	1	0
11572	72	115	6381	14	1	0
11573	73	115	11239	14	1	0
11574	74	115	8779	14	1	0
11575	75	115	12748	14	1	0
11576	76	115	19789	14	1	0
11577	77	115	12805	14	1	0
11578	78	115	19378	14	1	0
11579	79	115	8286	14	1	0
11580	80	115	8460	14	1	0
11581	81	115	6682	14	1	0
11582	82	115	18285	14	1	0
11583	83	115	15793	14	1	0
11584	84	115	6969	14	1	0
11585	85	115	9436	14	1	0
11586	86	115	19591	14	1	0
11587	87	115	15716	14	1	0
11588	88	115	19583	14	1	0
11589	89	115	11468	14	1	0
11590	90	115	11504	14	1	0
11591	91	115	12301	14	1	0
11592	92	115	7360	14	1	0
11593	93	115	14555	14	1	0
11594	94	115	7636	14	1	0
11595	95	115	18801	14	1	0
11596	96	115	18122	14	1	0
11597	97	115	11943	14	1	0
11598	98	115	14849	14	1	0
11599	99	115	7749	14	0	0
11600	0	116	18094	14	2	3
11601	1	116	15316	14	2	2
11602	2	116	7141	14	2	2
11603	3	116	656	14	2	2
11604	4	116	15412	14	2	2
11605	5	116	16191	14	2	2
11606	6	116	16216	14	2	2
11607	7	116	16075	14	2	2
11608	8	116	14298	14	2	2
11609	9	116	15079	14	2	2
11610	10	116	457	14	2	2
11611	11	116	13108	14	2	1
11612	12	116	12679	14	2	0
11613	13	116	17189	14	2	0
11614	14	116	9188	14	2	0
11615	15	116	12761	14	2	0
11616	16	116	11816	14	2	0
11617	17	116	9963	14	1	3
11618	18	116	977	14	1	3
11619	19	116	19199	14	1	3
11620	20	116	14287	14	1	3
11621	21	116	11206	14	1	2
11622	22	116	12500	14	1	2
11623	23	116	8865	14	1	2
11624	24	116	16482	14	1	2
11625	25	116	7514	14	1	2
11626	26	116	15800	14	1	2
11627	27	116	17980	14	1	2
11628	28	116	13968	14	1	2
11629	29	116	11045	14	1	2
11630	30	116	11764	14	1	2
11631	31	116	12254	14	1	2
11632	32	116	16173	14	1	2
11633	33	116	713	14	1	2
11634	34	116	9371	14	1	2
11635	35	116	18491	14	1	2
11636	36	116	11521	14	1	2
11637	37	116	563	14	1	2
11638	38	116	19317	14	1	2
11639	39	116	9374	14	1	2
11640	40	116	14120	14	1	2
11641	41	116	6423	14	1	2
11642	42	116	6554	14	1	2
11643	43	116	13776	14	1	1
11644	44	116	12103	14	1	1
11645	45	116	13156	14	1	1
11646	46	116	7970	14	1	1
11647	47	116	13562	14	1	1
11648	48	116	9881	14	1	1
11649	49	116	6462	14	1	1
11650	50	116	11119	14	1	1
11651	51	116	16258	14	1	1
11652	52	116	18780	14	1	1
11653	53	116	12232	14	1	1
11654	54	116	13319	14	1	1
11655	55	116	19896	14	1	1
11656	56	116	7900	14	1	1
11657	57	116	10712	14	1	1
11658	58	116	15278	14	1	1
11659	59	116	11368	14	1	1
11660	60	116	11611	14	1	1
11661	61	116	12247	14	1	0
11662	62	116	9319	14	1	0
11663	63	116	14359	14	1	0
11664	64	116	12442	14	1	0
11665	65	116	7947	14	1	0
11666	66	116	16903	14	1	0
11667	67	116	10665	14	1	0
11668	68	116	7726	14	1	0
11669	69	116	12596	14	1	0
11670	70	116	9642	14	1	0
11671	71	116	9790	14	1	0
11672	72	116	11301	14	1	0
11673	73	116	15287	14	1	0
11674	74	116	9499	14	1	0
11675	75	116	17556	14	1	0
11676	76	116	13028	14	1	0
11677	77	116	18256	14	1	0
11678	78	116	8707	14	1	0
11679	79	116	8898	14	1	0
11680	80	116	19276	14	1	0
11681	81	116	10819	14	1	0
11682	82	116	8845	14	1	0
11683	83	116	13253	14	1	0
11684	84	116	12664	14	1	0
11685	85	116	6047	14	1	0
11686	86	116	17937	14	1	0
11687	87	116	15249	14	1	0
11688	88	116	13737	14	1	0
11689	89	116	12663	14	1	0
11690	90	116	14384	14	1	0
11691	91	116	11541	14	1	0
11692	92	116	18418	14	1	0
11693	93	116	11433	14	1	0
11694	94	116	8910	14	1	0
11695	95	116	12419	14	1	0
11696	96	116	12075	14	0	1
11697	97	116	17769	14	0	1
11698	98	116	13271	14	0	0
11699	99	116	13542	14	0	2
11700	0	117	16074	14	2	2
11701	1	117	9460	14	2	2
11702	2	117	18858	14	2	2
11703	3	117	693	14	2	2
11704	4	117	11393	14	2	2
11705	5	117	486	13	2	2
11706	6	117	7511	13	2	2
11707	7	117	18071	13	2	2
11708	8	117	734	13	2	2
11709	9	117	8178	13	2	2
11710	10	117	19472	13	2	2
11711	11	117	14588	13	2	2
11712	12	117	15238	13	2	2
11713	13	117	15191	13	2	1
11714	14	117	13332	13	2	1
11715	15	117	14569	13	2	1
11716	16	117	12677	13	2	1
11717	17	117	13050	14	2	0
11718	18	117	19619	13	2	0
11719	19	117	15949	13	2	0
11720	20	117	15156	13	2	0
11721	21	117	8089	13	2	0
11722	22	117	7147	13	2	0
11723	23	117	16525	13	2	0
11724	24	117	8545	13	2	0
11725	25	117	19439	13	2	0
11726	26	117	19440	13	2	0
11727	27	117	14742	13	2	0
11728	28	117	466	14	1	2
11729	29	117	14842	14	1	2
11730	30	117	7841	14	1	2
11731	31	117	19161	14	1	2
11732	32	117	13464	14	1	2
11733	33	117	7342	13	1	2
11734	34	117	9347	13	1	2
11735	35	117	797	13	1	2
11736	36	117	13356	13	1	2
11737	37	117	3188	13	1	2
11738	38	117	16957	13	1	2
11739	39	117	7772	13	1	2
11740	40	117	10091	13	1	2
11741	41	117	18745	13	1	2
11742	42	117	17040	13	1	2
11743	43	117	13235	13	1	2
11744	44	117	8389	13	1	2
11745	45	117	13754	13	1	2
11746	46	117	9564	13	1	2
11747	47	117	6782	13	1	2
11748	48	117	18125	13	1	2
11749	49	117	13738	14	1	1
11750	50	117	8221	14	1	1
11751	51	117	16542	14	1	1
11752	52	117	19537	14	1	1
11753	53	117	9067	14	1	1
11754	54	117	7033	14	1	1
11755	55	117	9217	14	1	1
11756	56	117	16073	14	1	1
11757	57	117	18682	14	1	1
11758	58	117	16409	13	1	1
11759	59	117	16987	13	1	1
11760	60	117	11793	13	1	1
11761	61	117	13659	13	1	1
11762	62	117	13660	13	1	1
11763	63	117	3607	13	1	1
11764	64	117	12882	13	1	1
11765	65	117	6928	13	1	1
11766	66	117	1004	13	1	1
11767	67	117	8501	13	1	1
11768	68	117	11780	14	1	0
11769	69	117	17380	14	1	0
11770	70	117	14228	14	1	0
11771	71	117	17925	14	1	0
11772	72	117	17926	14	1	0
11773	73	117	16082	14	1	0
11774	74	117	15165	14	1	0
11775	75	117	19309	14	1	0
11776	76	117	16997	14	1	0
11777	77	117	11507	14	1	0
11778	78	117	17038	14	1	0
11779	79	117	8201	14	1	0
11780	80	117	7160	13	1	0
11781	81	117	19563	13	1	0
11782	82	117	16182	13	1	0
11783	83	117	6743	13	1	0
11784	84	117	9500	13	1	0
11785	85	117	19514	13	1	0
11786	86	117	7950	13	1	0
11787	87	117	7951	13	1	0
11788	88	117	12291	13	1	0
11789	89	117	12713	13	1	0
11790	90	117	16087	13	1	0
11791	91	117	13692	13	1	0
11792	92	117	19475	13	1	0
11793	93	117	12221	13	1	0
11794	94	117	3627	13	1	0
11795	95	117	8836	13	1	0
11796	96	117	15235	13	1	0
11797	97	117	11398	13	1	0
11798	98	117	10684	13	0	0
11799	99	117	12631	13	0	1
11800	0	118	16675	13	2	3
11801	1	118	15239	13	2	2
11802	2	118	15489	13	2	2
11803	3	118	11437	13	2	2
11804	4	118	14413	13	2	2
11805	5	118	794	13	2	2
11806	6	118	10593	13	2	2
11807	7	118	8996	13	2	1
11808	8	118	16279	13	2	1
11809	9	118	7719	13	2	1
11810	10	118	15665	13	2	1
11811	11	118	10308	13	2	1
11812	12	118	12123	13	2	1
11813	13	118	16174	13	2	1
11814	14	118	1079	13	2	1
11815	15	118	8582	13	2	1
11816	16	118	19933	13	2	1
11817	17	118	19652	13	2	1
11818	18	118	9533	13	2	1
11819	19	118	16224	13	2	1
11820	20	118	7807	13	2	0
11821	21	118	9452	13	2	0
11822	22	118	14749	13	2	0
11823	23	118	14248	13	2	0
11824	24	118	15237	13	2	0
11825	25	118	15797	13	2	0
11826	26	118	15229	13	2	0
11827	27	118	11545	13	2	0
11828	28	118	17186	13	2	0
11829	29	118	16278	13	2	0
11830	30	118	16271	13	2	0
11831	31	118	10571	13	2	0
11832	32	118	13979	13	2	0
11833	33	118	16851	13	1	2
11834	34	118	7918	13	1	2
11835	35	118	19217	13	1	2
11836	36	118	415	13	1	2
11837	37	118	18202	13	1	2
11838	38	118	14611	13	1	2
11839	39	118	381	13	1	2
11840	40	118	9451	13	1	2
11841	41	118	19105	13	1	2
11842	42	118	15518	13	1	2
11843	43	118	15175	13	1	2
11844	44	118	16745	13	1	2
11845	45	118	16958	13	1	2
11846	46	118	17737	13	1	2
11847	47	118	11832	13	1	2
11848	48	118	12307	13	1	2
11849	49	118	7791	13	1	2
11850	50	118	11321	13	1	2
11851	51	118	16825	13	1	2
11852	52	118	10318	13	1	2
11853	53	118	14981	13	1	1
11854	54	118	10197	13	1	1
11855	55	118	16616	13	1	1
11856	56	118	19036	13	1	1
11857	57	118	16590	13	1	1
11858	58	118	10633	13	1	1
11859	59	118	7286	13	1	1
11860	60	118	16866	13	1	1
11861	61	118	13658	13	1	1
11862	62	118	10817	13	1	1
11863	63	118	15428	13	1	1
11864	64	118	1153	13	1	1
11865	65	118	7624	13	1	1
11866	66	118	1125	13	1	1
11867	67	118	16761	13	1	1
11868	68	118	16635	13	1	1
11869	69	118	18799	13	1	1
11870	70	118	15040	13	1	1
11871	71	118	1177	13	1	1
11872	72	118	1012	13	1	1
11873	73	118	18222	13	1	0
11874	74	118	8766	13	1	0
11875	75	118	12714	13	1	0
11876	76	118	17234	13	1	0
11877	77	118	13779	13	1	0
11878	78	118	16766	13	1	0
11879	79	118	14659	13	1	0
11880	80	118	12712	13	1	0
11881	81	118	6908	13	1	0
11882	82	118	11647	13	1	0
11883	83	118	18664	13	1	0
11884	84	118	15155	13	1	0
11885	85	118	13697	13	1	0
11886	86	118	18022	13	1	0
11887	87	118	11276	13	1	0
11888	88	118	8485	13	1	0
11889	89	118	11191	13	1	0
11890	90	118	14310	13	1	0
11891	91	118	10464	13	1	0
11892	92	118	12658	13	1	0
11893	93	118	8967	13	1	0
11894	94	118	11478	13	1	0
11895	95	118	9697	13	1	0
11896	96	118	7095	13	1	0
11897	97	118	6525	13	0	1
11898	98	118	10338	13	0	0
11899	99	118	7679	13	0	0
11900	0	119	6602	13	2	2
11901	1	119	9914	13	2	2
11902	2	119	9430	13	2	2
11903	3	119	13461	13	2	2
11904	4	119	11546	13	2	2
11905	5	119	16242	13	2	2
11906	6	119	6511	13	2	2
11907	7	119	9515	13	2	1
11908	8	119	8435	13	2	1
11909	9	119	1080	13	2	1
11910	10	119	15192	13	2	1
11911	11	119	10090	13	2	1
11912	12	119	16701	13	2	1
11913	13	119	12678	13	2	1
11914	14	119	13980	13	2	0
11915	15	119	10034	13	2	0
11916	16	119	10032	13	2	0
11917	17	119	16316	13	2	0
11918	18	119	9461	13	2	0
11919	19	119	15722	13	2	0
11920	20	119	14115	13	1	3
11921	21	119	10322	13	1	3
11922	22	119	7189	13	1	2
11923	23	119	18160	13	1	2
11924	24	119	18305	13	1	2
11925	25	119	17841	13	1	2
11926	26	119	787	13	1	2
11927	27	119	8013	13	1	2
11928	28	119	10626	13	1	2
11929	29	119	13929	13	1	2
11930	30	119	15431	13	1	2
11931	31	119	6962	13	1	2
11932	32	119	14152	13	1	2
11933	33	119	11448	13	1	2
11934	34	119	13216	13	1	2
11935	35	119	319	13	1	2
11936	36	119	19046	13	1	2
11937	37	119	8009	13	1	2
11938	38	119	19798	13	1	2
11939	39	119	652	13	1	2
11940	40	119	470	13	1	2
11941	41	119	8091	13	1	2
11942	42	119	15636	13	1	2
11943	43	119	14499	13	1	2
11944	44	119	18723	13	1	2
11945	45	119	18261	13	1	1
11946	46	119	18627	13	1	1
11947	47	119	11361	13	1	1
11948	48	119	10395	13	1	1
11949	49	119	19812	13	1	1
11950	50	119	8327	13	1	1
11951	51	119	8754	13	1	1
11952	52	119	19792	13	1	1
11953	53	119	12718	13	1	1
11954	54	119	14544	13	1	1
11955	55	119	8010	13	1	1
11956	56	119	19282	13	1	1
11957	57	119	10262	13	1	1
11958	58	119	15422	13	1	1
11959	59	119	10827	13	1	1
11960	60	119	4173	13	1	1
11961	61	119	16563	13	1	1
11962	62	119	10818	13	1	1
11963	63	119	18624	13	1	1
11964	64	119	8241	13	1	1
11965	65	119	16009	13	1	1
11966	66	119	19602	13	1	1
11967	67	119	18023	13	1	0
11968	68	119	19150	13	1	0
11969	69	119	17221	13	1	0
11970	70	119	19012	13	1	0
11971	71	119	7343	13	1	0
11972	72	119	6541	13	1	0
11973	73	119	6387	13	1	0
11974	74	119	12333	13	1	0
11975	75	119	6731	13	1	0
11976	76	119	8110	13	1	0
11977	77	119	8881	13	1	0
11978	78	119	13796	13	1	0
11979	79	119	13620	13	1	0
11980	80	119	8986	13	1	0
11981	81	119	18175	13	1	0
11982	82	119	14955	13	1	0
11983	83	119	13558	13	1	0
11984	84	119	14401	13	1	0
11985	85	119	9063	13	1	0
11986	86	119	17798	13	1	0
11987	87	119	18577	13	1	0
11988	88	119	19255	13	1	0
11989	89	119	13800	13	1	0
11990	90	119	14295	13	1	0
11991	91	119	12920	13	1	0
11992	92	119	17290	13	1	0
11993	93	119	18428	13	1	0
11994	94	119	11803	13	1	0
11995	95	119	12205	13	1	0
11996	96	119	13719	13	0	2
11997	97	119	17872	13	0	0
11998	98	119	12065	13	0	0
11999	99	119	7254	13	0	2
12000	0	120	9122	13	2	2
12001	1	120	17591	13	2	2
12002	2	120	8399	13	2	2
12003	3	120	416	13	2	2
12004	4	120	8625	13	2	2
12005	5	120	15678	13	2	2
12006	6	120	15917	13	2	1
12007	7	120	907	13	2	1
12008	8	120	18014	13	2	1
12009	9	120	8088	13	2	0
12010	10	120	13187	13	2	0
12011	11	120	15512	13	2	0
12012	12	120	18015	13	2	0
12013	13	120	11728	13	2	0
12014	14	120	9417	13	2	0
12015	15	120	9470	13	2	0
12016	16	120	14508	13	1	3
12017	17	120	16129	13	1	2
12018	18	120	14875	13	1	2
12019	19	120	10105	13	1	2
12020	20	120	10666	13	1	2
12021	21	120	14565	13	1	2
12022	22	120	9769	13	1	2
12023	23	120	15729	13	1	2
12024	24	120	16131	13	1	2
12025	25	120	771	13	1	2
12026	26	120	20008	13	1	2
12027	27	120	10493	13	1	2
12028	28	120	14937	13	1	2
12029	29	120	16160	13	1	2
12030	30	120	19402	13	1	2
12031	31	120	19847	13	1	2
12032	32	120	358	13	1	2
12033	33	120	519	13	1	2
12034	34	120	14353	13	1	2
12035	35	120	13447	13	1	2
12036	36	120	12558	13	1	2
12037	37	120	13576	13	1	2
12038	38	120	12732	13	1	2
12039	39	120	8528	13	1	2
12040	40	120	19407	13	1	2
12041	41	120	15118	13	1	2
12042	42	120	7260	13	1	1
12043	43	120	10394	13	1	1
12044	44	120	1155	13	1	1
12045	45	120	15513	13	1	1
12046	46	120	18916	13	1	1
12047	47	120	9813	13	1	1
12048	48	120	18767	13	1	1
12049	49	120	12449	13	1	1
12050	50	120	17598	13	1	1
12051	51	120	6380	13	1	1
12052	52	120	6545	13	1	1
12053	53	120	14696	13	1	1
12054	54	120	6732	13	1	1
12055	55	120	16500	13	1	1
12056	56	120	12351	13	1	1
12057	57	120	9400	13	1	1
12058	58	120	8267	13	1	1
12059	59	120	7903	13	1	1
12060	60	120	19154	13	1	1
12061	61	120	19241	13	1	1
12062	62	120	8897	13	1	1
12063	63	120	940	13	1	1
12064	64	120	16420	13	1	1
12065	65	120	14805	13	1	1
12066	66	120	15863	13	1	1
12067	67	120	16415	13	1	1
12068	68	120	14118	13	1	1
12069	69	120	9038	13	1	1
12070	70	120	17291	13	1	1
12071	71	120	10139	13	1	1
12072	72	120	9725	13	1	1
12073	73	120	18599	13	1	1
12074	74	120	12878	13	1	0
12075	75	120	14637	13	1	0
12076	76	120	17757	13	1	0
12077	77	120	14327	13	1	0
12078	78	120	18146	13	1	0
12079	79	120	9299	13	1	0
12080	80	120	19944	13	1	0
12081	81	120	16022	13	1	0
12082	82	120	9117	13	1	0
12083	83	120	8093	13	1	0
12084	84	120	9738	13	1	0
12085	85	120	18766	13	1	0
12086	86	120	15814	13	1	0
12087	87	120	7902	13	1	0
12088	88	120	16098	13	1	0
12089	89	120	17087	13	1	0
12090	90	120	8516	13	1	0
12091	91	120	10511	13	1	0
12092	92	120	12715	13	1	0
12093	93	120	20013	13	1	0
12094	94	120	18546	13	1	0
12095	95	120	13949	13	0	1
12096	96	120	10664	13	0	1
12097	97	120	18744	13	0	1
12098	98	120	19232	13	0	0
12099	99	120	9196	13	0	0
12100	0	121	10681	13	2	2
12101	1	121	739	13	2	2
12102	2	121	9396	13	2	2
12103	3	121	9712	13	2	2
12104	4	121	9338	13	2	2
12105	5	121	13034	13	2	2
12106	6	121	16215	13	2	1
12107	7	121	13452	13	2	0
12108	8	121	6434	13	2	0
12109	9	121	6953	13	2	0
12110	10	121	15051	13	1	3
12111	11	121	13444	13	1	2
12112	12	121	7038	13	1	2
12113	13	121	19989	13	1	2
12114	14	121	13698	13	1	2
12115	15	121	11357	13	1	2
12116	16	121	19506	13	1	2
12117	17	121	13223	13	1	2
12118	18	121	9579	13	1	2
12119	19	121	9580	13	1	2
12120	20	121	18024	13	1	2
12121	21	121	6447	13	1	2
12122	22	121	14970	13	1	2
12123	23	121	15695	13	1	2
12124	24	121	16940	13	1	2
12125	25	121	16941	13	1	2
12126	26	121	12439	13	1	2
12127	27	121	11594	13	1	2
12128	28	121	6977	13	1	2
12129	29	121	14772	13	1	2
12130	30	121	18685	13	1	2
12131	31	121	10717	13	1	2
12132	32	121	17416	13	1	2
12133	33	121	20032	13	1	2
12134	34	121	16959	13	1	2
12135	35	121	11524	13	1	2
12136	36	121	18157	13	1	2
12137	37	121	18440	13	1	2
12138	38	121	507	13	1	2
12139	39	121	800	13	1	2
12140	40	121	19102	13	1	1
12141	41	121	13170	13	1	1
12142	42	121	9283	13	1	1
12143	43	121	12089	13	1	1
12144	44	121	9339	13	1	1
12145	45	121	13723	13	1	1
12146	46	121	18724	13	1	1
12147	47	121	10459	13	1	1
12148	48	121	15654	13	1	1
12149	49	121	9594	13	1	1
12150	50	121	6856	13	1	1
12151	51	121	18490	13	1	1
12152	52	121	1011	13	1	1
12153	53	121	963	13	1	1
12154	54	121	10718	13	1	1
12155	55	121	1173	13	1	1
12156	56	121	6956	13	1	1
12157	57	121	18765	13	1	1
12158	58	121	6363	13	1	1
12159	59	121	9592	13	1	1
12160	60	121	19129	13	1	1
12161	61	121	12030	13	1	1
12162	62	121	14497	13	1	1
12163	63	121	17961	13	1	1
12164	64	121	18835	13	1	1
12165	65	121	6755	13	1	1
12166	66	121	8406	13	1	1
12167	67	121	12639	13	1	0
12168	68	121	8990	13	1	0
12169	69	121	19250	13	1	0
12170	70	121	20006	13	1	0
12171	71	121	7074	13	1	0
12172	72	121	18158	13	1	0
12173	73	121	7255	13	1	0
12174	74	121	10773	13	1	0
12175	75	121	12521	13	1	0
12176	76	121	11989	13	1	0
12177	77	121	8924	13	1	0
12178	78	121	14344	13	1	0
12179	79	121	9771	13	1	0
12180	80	121	18733	13	1	0
12181	81	121	7800	13	1	0
12182	82	121	12767	13	1	0
12183	83	121	18062	13	1	0
12184	84	121	7365	13	1	0
12185	85	121	9609	13	1	0
12186	86	121	14604	13	1	0
12187	87	121	18163	13	1	0
12188	88	121	12038	13	1	0
12189	89	121	13326	13	1	0
12190	90	121	19522	13	1	0
12191	91	121	7615	13	1	0
12192	92	121	8407	13	1	0
12193	93	121	15340	13	1	0
12194	94	121	7606	13	1	0
12195	95	121	14971	13	1	0
12196	96	121	8540	13	1	0
12197	97	121	9789	13	1	0
12198	98	121	10492	13	1	0
12199	99	121	13778	13	0	2
12200	0	122	637	13	2	2
12201	1	122	14253	13	2	2
12202	2	122	6968	13	2	2
12203	3	122	17073	13	2	2
12204	4	122	9428	13	2	2
12205	5	122	12833	13	2	2
12206	6	122	7483	13	2	2
12207	7	122	6469	13	2	1
12208	8	122	14252	13	2	1
12209	9	122	13033	13	2	1
12210	10	122	15021	13	2	0
12211	11	122	12064	13	2	0
12212	12	122	6952	13	2	0
12213	13	122	18110	13	2	0
12214	14	122	9316	13	2	0
12215	15	122	16001	13	2	0
12216	16	122	9074	13	1	3
12217	17	122	11446	13	1	3
12218	18	122	16157	13	1	3
12219	19	122	16744	13	1	2
12220	20	122	19164	13	1	2
12221	21	122	19965	13	1	2
12222	22	122	6739	13	1	2
12223	23	122	13902	13	1	2
12224	24	122	13678	13	1	2
12225	25	122	18675	13	1	2
12226	26	122	17405	13	1	2
12227	27	122	18469	13	1	2
12228	28	122	16938	13	1	2
12229	29	122	18174	13	1	2
12230	30	122	9445	13	1	2
12231	31	122	18601	13	1	2
12232	32	122	18933	13	1	2
12233	33	122	14564	13	1	2
12234	34	122	17041	13	1	2
12235	35	122	8396	13	1	2
12236	36	122	685	13	1	2
12237	37	122	16771	13	1	2
12238	38	122	318	13	1	2
12239	39	122	8609	13	1	2
12240	40	122	812	13	1	2
12241	41	122	10814	13	1	2
12242	42	122	10871	13	1	1
12243	43	122	18137	13	1	1
12244	44	122	6820	13	1	1
12245	45	122	11190	13	1	1
12246	46	122	11936	13	1	1
12247	47	122	8065	13	1	1
12248	48	122	16918	13	1	1
12249	49	122	18660	13	1	1
12250	50	122	7746	13	1	1
12251	51	122	16935	13	1	1
12252	52	122	19334	13	1	1
12253	53	122	14201	13	1	1
12254	54	122	16660	13	1	1
12255	55	122	18915	13	1	1
12256	56	122	923	13	1	1
12257	57	122	11482	13	1	1
12258	58	122	6846	13	1	1
12259	59	122	14729	13	1	1
12260	60	122	11567	13	1	1
12261	61	122	18934	13	1	1
12262	62	122	11052	13	1	1
12263	63	122	7618	13	1	1
12264	64	122	6396	13	1	1
12265	65	122	16597	13	1	1
12266	66	122	11636	13	1	1
12267	67	122	17214	13	1	1
12268	68	122	16375	13	1	0
12269	69	122	15728	13	1	0
12270	70	122	13194	13	1	0
12271	71	122	10570	13	1	0
12272	72	122	6897	13	1	0
12273	73	122	8169	13	1	0
12274	74	122	19998	13	1	0
12275	75	122	19208	13	1	0
12276	76	122	17563	13	1	0
12277	77	122	11665	13	1	0
12278	78	122	11845	13	1	0
12279	79	122	12088	13	1	0
12280	80	122	6775	13	1	0
12281	81	122	14369	13	1	0
12282	82	122	18816	13	1	0
12283	83	122	19416	13	1	0
12284	84	122	9156	13	1	0
12285	85	122	16765	13	1	0
12286	86	122	12793	13	1	0
12287	87	122	8672	13	1	0
12288	88	122	8988	13	1	0
12289	89	122	19898	13	1	0
12290	90	122	11643	13	1	0
12291	91	122	12418	13	1	0
12292	92	122	19866	13	1	0
12293	93	122	7713	13	1	0
12294	94	122	19045	13	1	0
12295	95	122	10634	13	1	0
12296	96	122	10886	13	1	0
12297	97	122	7272	13	0	2
12298	98	122	17147	13	0	1
12299	99	122	9195	13	0	0
12300	0	123	16214	13	2	2
12301	1	123	14930	13	2	2
12302	2	123	16151	13	2	1
12303	3	123	8278	13	2	1
12304	4	123	10309	13	2	1
12305	5	123	14392	13	2	1
12306	6	123	15646	13	2	0
12307	7	123	16619	13	2	0
12308	8	123	8578	13	2	0
12309	9	123	15865	13	2	0
12310	10	123	9109	13	2	0
12311	11	123	14304	13	2	0
12312	12	123	7809	13	2	0
12313	13	123	12116	13	2	0
12314	14	123	19345	13	1	2
12315	15	123	13259	13	1	2
12316	16	123	8960	13	1	2
12317	17	123	7712	13	1	2
12318	18	123	14509	13	1	2
12319	19	123	709	13	1	2
12320	20	123	6738	13	1	2
12321	21	123	17895	13	1	2
12322	22	123	8864	13	1	2
12323	23	123	595	13	1	2
12324	24	123	14874	13	1	2
12325	25	123	14085	13	1	2
12326	26	123	19125	13	1	2
12327	27	123	15935	13	1	2
12328	28	123	14806	13	1	2
12329	29	123	91	13	1	2
12330	30	123	308	13	1	2
12331	31	123	15167	13	1	2
12332	32	123	15289	13	1	2
12333	33	123	8962	13	1	2
12334	34	123	6891	13	1	1
12335	35	123	8122	13	1	1
12336	36	123	13489	13	1	1
12337	37	123	12440	13	1	1
12338	38	123	18590	13	1	1
12339	39	123	17219	13	1	1
12340	40	123	12455	13	1	1
12341	41	123	15486	13	1	1
12342	42	123	9896	13	1	1
12343	43	123	19057	13	1	1
12344	44	123	16041	13	1	1
12345	45	123	13841	13	1	1
12346	46	123	7718	13	1	1
12347	47	123	12837	13	1	1
12348	48	123	18282	13	1	1
12349	49	123	9682	13	1	1
12350	50	123	1133	13	1	1
12351	51	123	12364	13	1	1
12352	52	123	7098	13	1	1
12353	53	123	8781	13	1	1
12354	54	123	18144	13	1	1
12355	55	123	8159	13	1	1
12356	56	123	12811	13	1	1
12357	57	123	11303	13	1	1
12358	58	123	15430	13	1	1
12359	59	123	17984	13	1	1
12360	60	123	16464	13	1	1
12361	61	123	16900	13	1	1
12362	62	123	13048	13	1	1
12363	63	123	12814	13	1	1
12364	64	123	19775	13	1	1
12365	65	123	14270	13	1	1
12366	66	123	9543	13	1	0
12367	67	123	15429	13	1	0
12368	68	123	17714	13	1	0
12369	69	123	19846	13	1	0
12370	70	123	11355	13	1	0
12371	71	123	7293	13	1	0
12372	72	123	7248	13	1	0
12373	73	123	9099	13	1	0
12374	74	123	7622	13	1	0
12375	75	123	13994	13	1	0
12376	76	123	10807	13	1	0
12377	77	123	12653	13	1	0
12378	78	123	19568	13	1	0
12379	79	123	8552	13	1	0
12380	80	123	14646	13	1	0
12381	81	123	15275	13	1	0
12382	82	123	15481	13	1	0
12383	83	123	12872	13	1	0
12384	84	123	19444	13	1	0
12385	85	123	11464	13	1	0
12386	86	123	8911	13	1	0
12387	87	123	19794	13	1	0
12388	88	123	16645	13	1	0
12389	89	123	6854	13	1	0
12390	90	123	14876	13	1	0
12391	91	123	6546	13	1	0
12392	92	123	8961	13	1	0
12393	93	123	9475	13	1	0
12394	94	123	8956	13	1	0
12395	95	123	11590	13	1	0
12396	96	123	10870	13	1	0
12397	97	123	14463	13	1	0
12398	98	123	18085	13	1	0
12399	99	123	13417	13	0	2
12400	0	124	6925	13	2	2
12401	1	124	13049	13	2	2
12402	2	124	545	13	2	2
12403	3	124	14929	13	2	2
12404	4	124	11484	13	2	2
12405	5	124	18063	13	2	1
12406	6	124	12177	13	2	1
12407	7	124	19779	13	2	1
12408	8	124	16405	13	2	1
12409	9	124	7977	13	2	1
12410	10	124	17791	12	2	1
12411	11	124	11175	12	2	1
12412	12	124	17187	13	2	0
12413	13	124	15948	13	1	3
12414	14	124	16111	13	1	3
12415	15	124	19047	13	1	2
12416	16	124	13596	13	1	2
12417	17	124	17735	13	1	2
12418	18	124	19041	13	1	2
12419	19	124	19359	13	1	2
12420	20	124	6490	13	1	2
12421	21	124	9023	13	1	2
12422	22	124	18602	13	1	2
12423	23	124	8130	13	1	2
12424	24	124	11408	13	1	2
12425	25	124	18235	13	1	2
12426	26	124	7048	13	1	2
12427	27	124	14999	13	1	2
12428	28	124	15144	13	1	2
12429	29	124	13689	13	1	2
12430	30	124	392	13	1	2
12431	31	124	12241	13	1	2
12432	32	124	17842	13	1	2
12433	33	124	11629	13	1	2
12434	34	124	8775	13	1	2
12435	35	124	13146	13	1	2
12436	36	124	18866	13	1	2
12437	37	124	10783	12	1	2
12438	38	124	10784	12	1	2
12439	39	124	736	12	1	2
12440	40	124	672	12	1	2
12441	41	124	10160	12	1	2
12442	42	124	17908	12	1	2
12443	43	124	934	13	1	1
12444	44	124	10840	13	1	1
12445	45	124	11325	13	1	1
12446	46	124	17716	13	1	1
12447	47	124	14979	13	1	1
12448	48	124	12815	13	1	1
12449	49	124	12959	13	1	1
12450	50	124	16669	13	1	1
12451	51	124	927	13	1	1
12452	52	124	18246	13	1	1
12453	53	124	19342	13	1	1
12454	54	124	10907	13	1	1
12455	55	124	1111	13	1	1
12456	56	124	20010	13	1	1
12457	57	124	18917	13	1	1
12458	58	124	6879	13	1	1
12459	59	124	15000	13	1	1
12460	60	124	12248	13	1	1
12461	61	124	18506	13	1	1
12462	62	124	19081	13	1	1
12463	63	124	7722	13	1	1
12464	64	124	7752	12	1	1
12465	65	124	12328	12	1	1
12466	66	124	1034	12	1	1
12467	67	124	16319	12	1	1
12468	68	124	18716	12	1	1
12469	69	124	19171	12	1	1
12470	70	124	12112	13	1	0
12471	71	124	19960	13	1	0
12472	72	124	13174	13	1	0
12473	73	124	10617	13	1	0
12474	74	124	8256	13	1	0
12475	75	124	14462	13	1	0
12476	76	124	18689	13	1	0
12477	77	124	19848	13	1	0
12478	78	124	7013	13	1	0
12479	79	124	10676	13	1	0
12480	80	124	13067	13	1	0
12481	81	124	13066	13	1	0
12482	82	124	8209	13	1	0
12483	83	124	11890	13	1	0
12484	84	124	7510	13	1	0
12485	85	124	12133	13	1	0
12486	86	124	11917	13	1	0
12487	87	124	13172	13	1	0
12488	88	124	16757	13	1	0
12489	89	124	11362	13	1	0
12490	90	124	17877	13	1	0
12491	91	124	18477	12	1	0
12492	92	124	13079	12	1	0
12493	93	124	11620	12	1	0
12494	94	124	8508	12	1	0
12495	95	124	14586	13	0	2
12496	96	124	15183	13	0	2
12497	97	124	4464	13	0	0
12498	98	124	6994	13	0	0
12499	99	124	14587	13	0	2
12500	0	125	7826	12	2	3
12501	1	125	14486	12	2	2
12502	2	125	11414	12	2	2
12503	3	125	9209	12	2	2
12504	4	125	12414	12	2	2
12505	5	125	15284	12	2	2
12506	6	125	701	12	2	2
12507	7	125	8074	12	2	2
12508	8	125	8564	12	2	2
12509	9	125	8124	12	2	2
12510	10	125	14787	12	2	1
12511	11	125	11785	12	2	1
12512	12	125	14139	12	2	1
12513	13	125	15664	12	2	1
12514	14	125	8073	12	2	1
12515	15	125	916	12	2	1
12516	16	125	17686	12	2	1
12517	17	125	15424	12	2	1
12518	18	125	11176	12	2	0
12519	19	125	14191	12	2	0
12520	20	125	12457	12	1	3
12521	21	125	12841	12	1	2
12522	22	125	7491	12	1	2
12523	23	125	8959	12	1	2
12524	24	125	13493	12	1	2
12525	25	125	12868	12	1	2
12526	26	125	18436	12	1	2
12527	27	125	15908	12	1	2
12528	28	125	11554	12	1	2
12529	29	125	19078	12	1	2
12530	30	125	731	12	1	2
12531	31	125	18480	12	1	2
12532	32	125	16436	12	1	2
12533	33	125	9173	12	1	2
12534	34	125	15942	12	1	2
12535	35	125	9174	12	1	2
12536	36	125	18781	12	1	2
12537	37	125	7478	12	1	2
12538	38	125	18173	12	1	2
12539	39	125	8727	12	1	2
12540	40	125	9271	12	1	2
12541	41	125	8860	12	1	2
12542	42	125	15115	12	1	1
12543	43	125	15092	12	1	1
12544	44	125	6882	12	1	1
12545	45	125	12395	12	1	1
12546	46	125	16730	12	1	1
12547	47	125	9602	12	1	1
12548	48	125	18751	12	1	1
12549	49	125	16406	12	1	1
12550	50	125	1040	12	1	1
12551	51	125	8984	12	1	1
12552	52	125	19858	12	1	1
12553	53	125	1171	12	1	1
12554	54	125	13364	12	1	1
12555	55	125	16805	12	1	1
12556	56	125	6491	12	1	1
12557	57	125	18823	12	1	1
12558	58	125	19110	12	1	1
12559	59	125	11157	12	1	1
12560	60	125	12791	12	1	1
12561	61	125	14843	12	1	1
12562	62	125	7000	12	1	1
12563	63	125	1107	12	1	1
12564	64	125	16467	12	1	1
12565	65	125	18541	12	1	1
12566	66	125	12057	12	1	0
12567	67	125	6726	12	1	0
12568	68	125	11023	12	1	0
12569	69	125	10489	12	1	0
12570	70	125	12699	12	1	0
12571	71	125	9517	12	1	0
12572	72	125	6845	12	1	0
12573	73	125	16756	12	1	0
12574	74	125	15660	12	1	0
12575	75	125	7090	12	1	0
12576	76	125	8532	12	1	0
12577	77	125	7233	12	1	0
12578	78	125	18465	12	1	0
12579	79	125	10600	12	1	0
12580	80	125	18777	12	1	0
12581	81	125	16584	12	1	0
12582	82	125	6835	12	1	0
12583	83	125	7957	12	1	0
12584	84	125	12934	12	1	0
12585	85	125	15751	12	1	0
12586	86	125	12131	12	1	0
12587	87	125	17794	12	1	0
12588	88	125	19958	12	1	0
12589	89	125	18652	12	1	0
12590	90	125	7465	12	1	0
12591	91	125	15475	12	1	0
12592	92	125	19013	12	1	0
12593	93	125	9569	12	1	0
12594	94	125	19952	12	1	0
12595	95	125	10831	12	1	0
12596	96	125	4487	12	0	1
12597	97	125	11092	12	0	1
12598	98	125	13451	12	0	0
12599	99	125	12877	12	0	1
12600	0	126	9479	0	2	3
12601	1	126	17531	12	2	2
12602	2	126	16233	12	2	2
12603	3	126	571	12	2	2
12604	4	126	10053	11	2	2
12605	5	126	13896	11	2	2
12606	6	126	7697	12	2	1
12607	7	126	19901	12	2	1
12608	8	126	6595	12	2	1
12609	9	126	6967	12	2	0
12610	10	126	16659	12	2	0
12611	11	126	19796	12	2	0
12612	12	126	15661	12	1	3
12613	13	126	13252	0	1	3
12614	14	126	13391	0	1	3
12615	15	126	19307	12	1	2
12616	16	126	10399	12	1	2
12617	17	126	18538	12	1	2
12618	18	126	6725	12	1	2
12619	19	126	8146	12	1	2
12620	20	126	8022	12	1	2
12621	21	126	10588	12	1	2
12622	22	126	9511	12	1	2
12623	23	126	19555	12	1	2
12624	24	126	17978	12	1	2
12625	25	126	9211	12	1	2
12626	26	126	15857	12	1	2
12627	27	126	16044	12	1	2
12628	28	126	12456	12	1	2
12629	29	126	17828	12	1	2
12630	30	126	8774	12	1	2
12631	31	126	14419	12	1	2
12632	32	126	17013	11	1	2
12633	33	126	704	11	1	2
12634	34	126	811	0	1	2
12635	35	126	18151	12	1	1
12636	36	126	19857	12	1	1
12637	37	126	19219	12	1	1
12638	38	126	19279	12	1	1
12639	39	126	15295	12	1	1
12640	40	126	12821	12	1	1
12641	41	126	11527	12	1	1
12642	42	126	1138	12	1	1
12643	43	126	8971	12	1	1
12644	44	126	4828	12	1	1
12645	45	126	10199	12	1	1
12646	46	126	16453	12	1	1
12647	47	126	12651	12	1	1
12648	48	126	12666	12	1	1
12649	49	126	11158	12	1	1
12650	50	126	7479	12	1	1
12651	51	126	9305	12	1	1
12652	52	126	18117	12	1	1
12653	53	126	15966	12	1	1
12654	54	126	15887	12	1	1
12655	55	126	7052	12	1	1
12656	56	126	13481	12	1	1
12657	57	126	6368	12	1	1
12658	58	126	931	12	1	1
12659	59	126	19966	12	1	1
12660	60	126	7797	12	1	1
12661	61	126	8975	12	1	1
12662	62	126	13999	12	1	1
12663	63	126	1021	12	1	1
12664	64	126	17037	12	1	1
12665	65	126	19649	11	1	1
12666	66	126	18819	11	1	1
12667	67	126	18996	11	1	1
12668	68	126	16212	12	1	0
12669	69	126	18679	12	1	0
12670	70	126	18115	12	1	0
12671	71	126	12132	12	1	0
12672	72	126	10791	12	1	0
12673	73	126	14003	12	1	0
12674	74	126	13078	12	1	0
12675	75	126	12551	12	1	0
12676	76	126	13603	12	1	0
12677	77	126	13691	12	1	0
12678	78	126	6721	12	1	0
12679	79	126	19941	12	1	0
12680	80	126	10103	12	1	0
12681	81	126	8116	12	1	0
12682	82	126	13405	11	1	0
12683	83	126	15319	11	1	0
12684	84	126	6680	11	1	0
12685	85	126	13392	0	1	0
12686	86	126	18154	0	1	0
12687	87	126	19174	0	1	0
12688	88	126	17555	0	1	0
12689	89	126	986	0	1	0
12690	90	126	7976	0	0	3
12691	91	126	13337	12	0	2
12692	92	126	20012	12	0	2
12693	93	126	18276	10	0	2
12694	94	126	3393	0	0	2
12695	95	126	7046	11	0	1
12696	96	126	14679	12	0	0
12697	97	126	10802	12	0	0
12698	98	126	18504	0	0	0
12699	99	126	13424	0	0	0
12700	0	127	2389	0	2	3
12701	1	127	12829	0	2	0
12702	2	127	15100	0	2	0
12703	3	127	3804	0	2	0
12704	4	127	16864	0	1	3
12705	5	127	4571	0	1	3
12706	6	127	3401	0	1	2
12707	7	127	3629	0	1	2
12708	8	127	79	0	1	2
12709	9	127	80	0	1	2
12710	10	127	2919	0	1	2
12711	11	127	3984	0	1	2
12712	12	127	4052	0	1	2
12713	13	127	19399	0	1	2
12714	14	127	17903	0	1	2
12715	15	127	1362	0	1	2
12716	16	127	3179	0	1	2
12717	17	127	5478	0	1	2
12718	18	127	4062	0	1	2
12719	19	127	4380	0	1	2
12720	20	127	14675	0	1	2
12721	21	127	249	0	1	2
12722	22	127	4918	0	1	1
12723	23	127	14716	0	1	1
12724	24	127	1077	0	1	1
12725	25	127	1358	0	1	1
12726	26	127	4406	0	1	1
12727	27	127	15968	0	1	1
12728	28	127	16795	0	1	1
12729	29	127	2731	0	1	1
12730	30	127	7373	0	1	0
12731	31	127	2559	0	1	0
12732	32	127	4061	0	1	0
12733	33	127	1445	0	1	0
12734	34	127	3148	0	1	0
12735	35	127	3841	0	1	0
12736	36	127	4523	0	1	0
12737	37	127	4813	0	1	0
12738	38	127	5519	0	1	0
12739	39	127	14296	0	1	0
12740	40	127	15874	0	1	0
12741	41	127	18090	0	1	0
12742	42	127	2011	0	1	0
12743	43	127	4635	0	1	0
12744	44	127	4863	0	1	0
12745	45	127	12657	0	1	0
12746	46	127	3729	0	1	0
12747	47	127	4622	0	1	0
12748	48	127	1372	0	1	0
12749	49	127	13626	0	1	0
12750	50	127	1417	0	1	0
12751	51	127	3024	0	1	0
12752	52	127	3225	0	1	0
12753	53	127	4934	0	1	0
12754	54	127	5399	0	1	0
12755	55	127	2240	0	1	0
12756	56	127	15060	0	1	0
12757	57	127	15061	0	1	0
12758	58	127	6244	0	1	0
12759	59	127	11008	0	1	0
12760	60	127	3245	0	1	0
12761	61	127	2888	0	1	0
12762	62	127	7191	0	1	0
12763	63	127	8715	0	1	0
12764	64	127	618	0	0	2
12765	65	127	3170	0	0	2
12766	66	127	12620	0	0	2
12767	67	127	17396	0	0	2
12768	68	127	1231	0	0	2
12769	69	127	6115	0	0	2
12770	70	127	5323	0	0	2
12771	71	127	4379	0	0	2
12772	72	127	156	0	0	2
12773	73	127	2239	0	0	1
12774	74	127	11497	0	0	1
12775	75	127	5438	0	0	1
12776	76	127	6472	0	0	0
12777	77	127	2845	0	0	0
12778	78	127	12193	0	0	0
12779	79	127	13251	0	0	0
12780	80	127	19405	0	0	0
12781	81	127	3278	0	0	0
12782	82	127	5101	0	0	0
12783	83	127	9320	0	0	0
12784	84	127	4992	0	0	0
12785	85	127	10940	0	0	0
12786	86	127	4953	0	0	0
12787	87	127	15468	0	0	0
12788	88	127	6312	0	0	0
12789	89	127	5672	0	0	0
12790	90	127	17487	0	0	0
12791	91	127	19234	0	0	0
12792	92	127	2698	0	0	0
12793	93	127	9105	0	0	0
12794	94	127	5324	0	0	0
12795	95	127	5440	0	0	0
12796	96	127	4537	0	0	0
12797	97	127	2334	0	0	0
12798	98	127	4157	0	0	0
12799	99	127	11536	0	0	0
12800	0	128	11395	0	2	3
12801	1	128	4519	0	2	2
12802	2	128	288	0	2	2
12803	3	128	3886	0	2	2
12804	4	128	81	0	2	2
12805	5	128	1526	0	2	2
12806	6	128	9648	0	2	1
12807	7	128	14047	0	2	0
12808	8	128	18995	0	2	0
12809	9	128	14694	0	2	0
12810	10	128	7907	0	1	3
12811	11	128	18009	0	1	3
12812	12	128	3447	0	1	2
12813	13	128	5446	0	1	2
12814	14	128	99	0	1	2
12815	15	128	84	0	1	2
12816	16	128	133	0	1	2
12817	17	128	136	0	1	2
12818	18	128	266	0	1	2
12819	19	128	4290	0	1	2
12820	20	128	5586	0	1	2
12821	21	128	423	0	1	2
12822	22	128	4400	0	1	2
12823	23	128	2598	0	1	2
12824	24	128	4649	0	1	2
12825	25	128	1425	0	1	2
12826	26	128	1426	0	1	2
12827	27	128	2943	0	1	2
12828	28	128	3861	0	1	2
12829	29	128	1411	0	1	2
12830	30	128	5316	0	1	2
12831	31	128	4561	0	1	2
12832	32	128	6266	0	1	2
12833	33	128	6310	0	1	2
12834	34	128	12098	0	1	2
12835	35	128	4199	0	1	2
12836	36	128	3597	0	1	2
12837	37	128	3716	0	1	2
12838	38	128	1123	0	1	1
12839	39	128	2939	0	1	1
12840	40	128	1115	0	1	1
12841	41	128	1490	0	1	1
12842	42	128	3423	0	1	1
12843	43	128	4687	0	1	1
12844	44	128	5298	0	1	1
12845	45	128	5299	0	1	1
12846	46	128	5621	0	1	1
12847	47	128	13538	0	1	1
12848	48	128	13844	0	1	1
12849	49	128	4091	0	1	0
12850	50	128	5695	0	1	0
12851	51	128	12441	0	1	0
12852	52	128	18948	0	1	0
12853	53	128	1396	0	1	0
12854	54	128	7299	0	1	0
12855	55	128	5702	0	1	0
12856	56	128	7005	0	1	0
12857	57	128	7006	0	1	0
12858	58	128	19371	0	0	3
12859	59	128	13645	0	0	3
12860	60	128	17153	0	0	3
12861	61	128	1389	0	0	2
12862	62	128	270	0	0	2
12863	63	128	3578	0	0	2
12864	64	128	17684	0	0	2
12865	65	128	18102	0	0	2
12866	66	128	5199	0	0	2
12867	67	128	702	0	0	2
12868	68	128	4685	0	0	2
12869	69	128	5789	0	0	2
12870	70	128	5829	0	0	2
12871	71	128	13938	0	0	2
12872	72	128	3453	0	0	2
12873	73	128	1775	0	0	2
12874	74	128	5151	0	0	2
12875	75	128	6003	0	0	1
12876	76	128	6354	0	0	1
12877	77	128	17329	0	0	1
12878	78	128	17330	0	0	1
12879	79	128	17331	0	0	1
12880	80	128	17332	0	0	1
12881	81	128	17333	0	0	1
12882	82	128	5198	0	0	1
12883	83	128	2850	0	0	1
12884	84	128	5244	0	0	1
12885	85	128	11662	0	0	0
12886	86	128	15477	0	0	0
12887	87	128	6917	0	0	0
12888	88	128	11353	0	0	0
12889	89	128	2309	0	0	0
12890	90	128	2110	0	0	0
12891	91	128	5821	0	0	0
12892	92	128	13656	0	0	0
12893	93	128	19676	0	0	0
12894	94	128	10375	0	0	0
12895	95	128	6555	0	0	0
12896	96	128	11876	0	0	0
12897	97	128	15622	0	0	0
12898	98	128	17185	0	0	0
12899	99	128	16153	0	0	0
12900	0	129	4621	0	2	3
12901	1	129	5991	0	2	2
12902	2	129	17444	0	2	2
12903	3	129	399	0	2	2
12904	4	129	4234	0	2	2
12905	5	129	17210	0	2	2
12906	6	129	3898	0	2	1
12907	7	129	7443	0	2	0
12908	8	129	12884	0	1	3
12909	9	129	17691	0	1	2
12910	10	129	1409	0	1	2
12911	11	129	11007	0	1	2
12912	12	129	380	0	1	2
12913	13	129	520	0	1	2
12914	14	129	10631	0	1	2
12915	15	129	3656	0	1	2
12916	16	129	17079	0	1	2
12917	17	129	6427	0	1	2
12918	18	129	5812	0	1	2
12919	19	129	206	0	1	2
12920	20	129	1392	0	1	2
12921	21	129	2411	0	1	2
12922	22	129	5159	0	1	2
12923	23	129	3630	0	1	2
12924	24	129	9106	0	1	2
12925	25	129	18460	0	1	2
12926	26	129	1359	0	1	1
12927	27	129	1388	0	1	1
12928	28	129	9894	0	1	1
12929	29	129	18920	0	1	1
12930	30	129	7138	0	1	1
12931	31	129	8847	0	1	1
12932	32	129	4529	0	1	1
12933	33	129	5559	0	1	1
12934	34	129	820	0	1	1
12935	35	129	6309	0	1	0
12936	36	129	14996	0	1	0
12937	37	129	18786	0	1	0
12938	38	129	1487	0	1	0
12939	39	129	2948	0	1	0
12940	40	129	5454	0	1	0
12941	41	129	2667	0	1	0
12942	42	129	3830	0	1	0
12943	43	129	6151	0	1	0
12944	44	129	7027	0	1	0
12945	45	129	6159	0	1	0
12946	46	129	12264	0	1	0
12947	47	129	2654	0	1	0
12948	48	129	3508	0	1	0
12949	49	129	4822	0	1	0
12950	50	129	15748	0	1	0
12951	51	129	11999	0	1	0
12952	52	129	3842	0	1	0
12953	53	129	3843	0	1	0
12954	54	129	4744	0	1	0
12955	55	129	8701	0	1	0
12956	56	129	4988	0	1	0
12957	57	129	6122	0	1	0
12958	58	129	11079	0	0	3
12959	59	129	15379	0	0	2
12960	60	129	4601	0	0	2
12961	61	129	2229	0	0	2
12962	62	129	5285	0	0	2
12963	63	129	10457	0	0	2
12964	64	129	636	0	0	2
12965	65	129	17224	0	0	2
12966	66	129	19745	0	0	2
12967	67	129	5331	0	0	2
12968	68	129	3997	0	0	2
12969	69	129	5379	0	0	2
12970	70	129	16673	0	0	2
12971	71	129	3758	0	0	2
12972	72	129	4083	0	0	2
12973	73	129	11015	0	0	2
12974	74	129	14994	0	0	2
12975	75	129	7776	0	0	1
12976	76	129	6303	0	0	1
12977	77	129	6004	0	0	1
12978	78	129	15375	0	0	1
12979	79	129	112	0	0	1
12980	80	129	14516	0	0	1
12981	81	129	1682	0	0	0
12982	82	129	4841	0	0	0
12983	83	129	5383	0	0	0
12984	84	129	16656	0	0	0
12985	85	129	10481	0	0	0
12986	86	129	2386	0	0	0
12987	87	129	6158	0	0	0
12988	88	129	6172	0	0	0
12989	89	129	4184	0	0	0
12990	90	129	5449	0	0	0
12991	91	129	6099	0	0	0
12992	92	129	2113	0	0	0
12993	93	129	7451	0	0	0
12994	94	129	10362	0	0	0
12995	95	129	4589	0	0	0
12996	96	129	2822	0	0	0
12997	97	129	2159	0	0	0
12998	98	129	2678	0	0	0
12999	99	129	5325	0	0	0
13000	0	130	11029	0	2	2
13001	1	130	1387	0	2	2
13002	2	130	626	0	2	2
13003	3	130	679	0	2	2
13004	4	130	1332	0	2	2
13005	5	130	1303	0	2	0
13006	6	130	7729	0	2	0
13007	7	130	14368	0	2	0
13008	8	130	11923	0	2	0
13009	9	130	2852	0	2	0
13010	10	130	2060	0	2	0
13011	11	130	12213	0	1	3
13012	12	130	274	0	1	2
13013	13	130	2795	0	1	2
13014	14	130	3537	0	1	2
13015	15	130	6126	0	1	2
13016	16	130	16349	0	1	2
13017	17	130	21	0	1	2
13018	18	130	11210	0	1	2
13019	19	130	19722	0	1	2
13020	20	130	17241	0	1	2
13021	21	130	13367	0	1	2
13022	22	130	11009	0	1	2
13023	23	130	4963	0	1	2
13024	24	130	16974	0	1	1
13025	25	130	1199	0	1	1
13026	26	130	3152	0	1	1
13027	27	130	13127	0	1	1
13028	28	130	3088	0	1	1
13029	29	130	3115	0	1	1
13030	30	130	2818	0	1	1
13031	31	130	16071	0	1	1
13032	32	130	4566	0	1	1
13033	33	130	2375	0	1	0
13034	34	130	3418	0	1	0
13035	35	130	15684	0	1	0
13036	36	130	1340	0	1	0
13037	37	130	1488	0	1	0
13038	38	130	16472	0	1	0
13039	39	130	3581	0	1	0
13040	40	130	2437	0	1	0
13041	41	130	2736	0	1	0
13042	42	130	3327	0	1	0
13043	43	130	3683	0	1	0
13044	44	130	7528	0	1	0
13045	45	130	2895	0	1	0
13046	46	130	4508	0	1	0
13047	47	130	2993	0	1	0
13048	48	130	5313	0	1	0
13049	49	130	6086	0	1	0
13050	50	130	2808	0	1	0
13051	51	130	2999	0	1	0
13052	52	130	2373	0	1	0
13053	53	130	2451	0	1	0
13054	54	130	2452	0	1	0
13055	55	130	1570	0	1	0
13056	56	130	1729	0	1	0
13057	57	130	5341	0	1	0
13058	58	130	13793	0	1	0
13059	59	130	10485	0	1	0
13060	60	130	16122	0	1	0
13061	61	130	792	0	0	2
13062	62	130	10468	0	0	2
13063	63	130	2287	0	0	2
13064	64	130	5175	0	0	2
13065	65	130	16860	0	0	2
13066	66	130	3998	0	0	2
13067	67	130	506	0	0	2
13068	68	130	10612	0	0	2
13069	69	130	2270	0	0	1
13070	70	130	5142	0	0	1
13071	71	130	5143	0	0	1
13072	72	130	5693	0	0	1
13073	73	130	6184	0	0	1
13074	74	130	13934	0	0	1
13075	75	130	19435	0	0	1
13076	76	130	6619	0	0	1
13077	77	130	4476	0	0	1
13078	78	130	4568	0	0	1
13079	79	130	3352	0	0	0
13080	80	130	1733	0	0	0
13081	81	130	4972	0	0	0
13082	82	130	8991	0	0	0
13083	83	130	15111	0	0	0
13084	84	130	17109	0	0	0
13085	85	130	6085	0	0	0
13086	86	130	6142	0	0	0
13087	87	130	12159	0	0	0
13088	88	130	18104	0	0	0
13089	89	130	4539	0	0	0
13090	90	130	6419	0	0	0
13091	91	130	5984	0	0	0
13092	92	130	4193	0	0	0
13093	93	130	6783	0	0	0
13094	94	130	10016	0	0	0
13095	95	130	12012	0	0	0
13096	96	130	2995	0	0	0
13097	97	130	19030	0	0	0
13098	98	130	6937	0	0	0
13099	99	130	1527	0	0	0
13100	0	131	13771	0	2	2
13101	1	131	5056	0	2	2
13102	2	131	2570	0	2	2
13103	3	131	14580	0	2	2
13104	4	131	3202	0	2	2
13105	5	131	11566	0	2	2
13106	6	131	5196	0	2	1
13107	7	131	1139	0	2	1
13108	8	131	4118	0	2	0
13109	9	131	2169	0	2	0
13110	10	131	10950	0	2	0
13111	11	131	6833	0	1	2
13112	12	131	8493	0	1	2
13113	13	131	638	0	1	2
13114	14	131	6039	0	1	2
13115	15	131	3921	0	1	2
13116	16	131	1522	0	1	2
13117	17	131	2990	0	1	2
13118	18	131	19662	0	1	2
13119	19	131	2291	0	1	2
13120	20	131	2909	0	1	2
13121	21	131	127	0	1	2
13122	22	131	13920	0	1	2
13123	23	131	1550	0	1	2
13124	24	131	6963	0	1	2
13125	25	131	5908	0	1	2
13126	26	131	11278	0	1	1
13127	27	131	4414	0	1	1
13128	28	131	4614	0	1	1
13129	29	131	3133	0	1	1
13130	30	131	3171	0	1	1
13131	31	131	6209	0	1	1
13132	32	131	3531	0	1	1
13133	33	131	4567	0	1	1
13134	34	131	2829	0	1	1
13135	35	131	3745	0	1	1
13136	36	131	3746	0	1	1
13137	37	131	4316	0	1	1
13138	38	131	2358	0	1	1
13139	39	131	2116	0	1	1
13140	40	131	3919	0	1	1
13141	41	131	12685	0	1	0
13142	42	131	4842	0	1	0
13143	43	131	3944	0	1	0
13144	44	131	10610	0	1	0
13145	45	131	8297	0	1	0
13146	46	131	12003	0	1	0
13147	47	131	10374	0	1	0
13148	48	131	3279	0	1	0
13149	49	131	3614	0	1	0
13150	50	131	4378	0	1	0
13151	51	131	5903	0	1	0
13152	52	131	14482	0	1	0
13153	53	131	3195	0	1	0
13154	54	131	14771	0	1	0
13155	55	131	15634	0	1	0
13156	56	131	2780	0	1	0
13157	57	131	3229	0	1	0
13158	58	131	13887	0	1	0
13159	59	131	2605	0	0	2
13160	60	131	10912	0	0	2
13161	61	131	2	0	0	2
13162	62	131	15031	0	0	2
13163	63	131	4829	0	0	2
13164	64	131	11061	0	0	2
13165	65	131	2907	0	0	2
13166	66	131	4205	0	0	2
13167	67	131	5783	0	0	2
13168	68	131	4757	0	0	2
13169	69	131	1350	0	0	2
13170	70	131	5319	0	0	2
13171	71	131	129	0	0	2
13172	72	131	2262	0	0	1
13173	73	131	4239	0	0	1
13174	74	131	845	0	0	1
13175	75	131	867	0	0	1
13176	76	131	6343	0	0	1
13177	77	131	1094	0	0	1
13178	78	131	5166	0	0	1
13179	79	131	7740	0	0	0
13180	80	131	2908	0	0	0
13181	81	131	7958	0	0	0
13182	82	131	19647	0	0	0
13183	83	131	4674	0	0	0
13184	84	131	6698	0	0	0
13185	85	131	1405	0	0	0
13186	86	131	5936	0	0	0
13187	87	131	12894	0	0	0
13188	88	131	4383	0	0	0
13189	89	131	6804	0	0	0
13190	90	131	12674	0	0	0
13191	91	131	4728	0	0	0
13192	92	131	17342	0	0	0
13193	93	131	19384	0	0	0
13194	94	131	4946	0	0	0
13195	95	131	17654	0	0	0
13196	96	131	3980	0	0	0
13197	97	131	8323	0	0	0
13198	98	131	5545	0	0	0
13199	99	131	5546	0	0	0
13200	0	132	6421	0	2	2
13201	1	132	12932	0	2	2
13202	2	132	16913	0	2	2
13203	3	132	9763	0	2	2
13204	4	132	19269	0	2	2
13205	5	132	11350	0	2	2
13206	6	132	5317	0	2	2
13207	7	132	16269	0	2	2
13208	8	132	11965	0	2	1
13209	9	132	1785	0	2	1
13210	10	132	2892	0	2	0
13211	11	132	15519	0	2	0
13212	12	132	11182	0	2	0
13213	13	132	13872	0	2	0
13214	14	132	15914	0	2	0
13215	15	132	2376	0	2	0
13216	16	132	11282	0	1	3
13217	17	132	11197	0	1	2
13218	18	132	7037	0	1	2
13219	19	132	3206	0	1	2
13220	20	132	216	0	1	2
13221	21	132	19730	0	1	2
13222	22	132	1607	0	1	2
13223	23	132	234	0	1	2
13224	24	132	18612	0	1	2
13225	25	132	477	0	1	2
13226	26	132	4266	0	1	2
13227	27	132	17388	0	1	2
13228	28	132	7810	0	1	1
13229	29	132	1366	0	1	1
13230	30	132	4722	0	1	1
13231	31	132	5179	0	1	1
13232	32	132	1475	0	1	1
13233	33	132	12183	0	1	1
13234	34	132	3591	0	1	1
13235	35	132	16463	0	1	1
13236	36	132	3405	0	1	1
13237	37	132	3693	0	1	1
13238	38	132	19332	0	1	1
13239	39	132	4117	0	1	1
13240	40	132	6200	0	1	1
13241	41	132	1873	0	1	1
13242	42	132	14669	0	1	1
13243	43	132	12739	0	1	0
13244	44	132	4658	0	1	0
13245	45	132	4958	0	1	0
13246	46	132	6146	0	1	0
13247	47	132	12293	0	1	0
13248	48	132	2412	0	1	0
13249	49	132	3940	0	1	0
13250	50	132	3030	0	1	0
13251	51	132	8210	0	1	0
13252	52	132	16946	0	1	0
13253	53	132	5090	0	1	0
13254	54	132	5046	0	1	0
13255	55	132	5102	0	1	0
13256	56	132	11292	0	0	3
13257	57	132	10898	0	0	3
13258	58	132	16317	0	0	3
13259	59	132	13720	0	0	2
13260	60	132	14322	0	0	2
13261	61	132	8104	0	0	2
13262	62	132	1536	0	0	2
13263	63	132	277	0	0	2
13264	64	132	4078	0	0	2
13265	65	132	6202	0	0	2
13266	66	132	239	0	0	2
13267	67	132	15529	0	0	2
13268	68	132	5879	0	0	1
13269	69	132	6583	0	0	1
13270	70	132	1402	0	0	1
13271	71	132	16188	0	0	1
13272	72	132	10251	0	0	1
13273	73	132	9754	0	0	1
13274	74	132	17581	0	0	1
13275	75	132	19671	0	0	1
13276	76	132	12408	0	0	1
13277	77	132	909	0	0	1
13278	78	132	16538	0	0	1
13279	79	132	17450	0	0	0
13280	80	132	11617	0	0	0
13281	81	132	4375	0	0	0
13282	82	132	19427	0	0	0
13283	83	132	1797	0	0	0
13284	84	132	3931	0	0	0
13285	85	132	4484	0	0	0
13286	86	132	4924	0	0	0
13287	87	132	2946	0	0	0
13288	88	132	16812	0	0	0
13289	89	132	15987	0	0	0
13290	90	132	8894	0	0	0
13291	91	132	2910	0	0	0
13292	92	132	16105	0	0	0
13293	93	132	5243	0	0	0
13294	94	132	1435	0	0	0
13295	95	132	3499	0	0	0
13296	96	132	3296	0	0	0
13297	97	132	12577	0	0	0
13298	98	132	13674	0	0	0
13299	99	132	18214	0	0	0
13300	0	133	10988	0	2	2
13301	1	133	17624	0	2	2
13302	2	133	8551	0	2	2
13303	3	133	5084	0	2	2
13304	4	133	6412	0	2	2
13305	5	133	5327	0	2	2
13306	6	133	10657	0	2	2
13307	7	133	4673	0	2	2
13308	8	133	4713	0	2	1
13309	9	133	11236	0	2	1
13310	10	133	2889	0	2	0
13311	11	133	3074	0	2	0
13312	12	133	6410	0	2	0
13313	13	133	16980	0	2	0
13314	14	133	1346	0	2	0
13315	15	133	9926	0	1	3
13316	16	133	12077	0	1	3
13317	17	133	8094	0	1	3
13318	18	133	15565	0	1	2
13319	19	133	3652	0	1	2
13320	20	133	4097	0	1	2
13321	21	133	9405	0	1	2
13322	22	133	722	0	1	2
13323	23	133	10195	0	1	2
13324	24	133	482	0	1	2
13325	25	133	17328	0	1	2
13326	26	133	107	0	1	2
13327	27	133	19477	0	1	2
13328	28	133	4313	0	1	2
13329	29	133	4901	0	1	2
13330	30	133	4648	0	1	1
13331	31	133	4910	0	1	1
13332	32	133	891	0	1	1
13333	33	133	2495	0	1	1
13334	34	133	6417	0	1	1
13335	35	133	2526	0	1	1
13336	36	133	3493	0	1	1
13337	37	133	11502	0	1	1
13338	38	133	1511	0	1	1
13339	39	133	1983	0	1	1
13340	40	133	17607	0	1	1
13341	41	133	1519	0	1	1
13342	42	133	12922	0	1	1
13343	43	133	5065	0	1	1
13344	44	133	13570	0	1	1
13345	45	133	5983	0	1	0
13346	46	133	4186	0	1	0
13347	47	133	17127	0	1	0
13348	48	133	4580	0	1	0
13349	49	133	1876	0	1	0
13350	50	133	6496	0	1	0
13351	51	133	7172	0	1	0
13352	52	133	13943	0	1	0
13353	53	133	10652	0	1	0
13354	54	133	10602	0	1	0
13355	55	133	13399	0	1	0
13356	56	133	3611	0	1	0
13357	57	133	4788	0	1	0
13358	58	133	16139	0	1	0
13359	59	133	11024	0	1	0
13360	60	133	16647	0	1	0
13361	61	133	1386	0	1	0
13362	62	133	1934	0	1	0
13363	63	133	5918	0	1	0
13364	64	133	9565	0	1	0
13365	65	133	16494	0	1	0
13366	66	133	1380	0	1	0
13367	67	133	2012	0	1	0
13368	68	133	1541	0	0	3
13369	69	133	526	0	0	2
13370	70	133	4241	0	0	2
13371	71	133	15561	0	0	2
13372	72	133	15206	0	0	2
13373	73	133	4676	0	0	2
13374	74	133	9155	0	0	2
13375	75	133	16712	0	0	2
13376	76	133	5328	0	0	2
13377	77	133	10805	0	0	2
13378	78	133	12223	0	0	2
13379	79	133	7309	0	0	2
13380	80	133	1237	0	0	2
13381	81	133	12194	0	0	1
13382	82	133	4962	0	0	1
13383	83	133	5231	0	0	1
13384	84	133	10560	0	0	1
13385	85	133	3465	0	0	1
13386	86	133	7159	0	0	0
13387	87	133	11113	0	0	0
13388	88	133	18662	0	0	0
13389	89	133	17613	0	0	0
13390	90	133	18029	0	0	0
13391	91	133	10463	0	0	0
13392	92	133	15302	0	0	0
13393	93	133	5051	0	0	0
13394	94	133	9248	0	0	0
13395	95	133	13423	0	0	0
13396	96	133	1485	0	0	0
13397	97	133	16840	0	0	0
13398	98	133	5214	0	0	0
13399	99	133	7721	0	0	2
13400	0	134	8400	0	2	2
13401	1	134	2604	0	2	2
13402	2	134	11609	0	2	2
13403	3	134	9612	0	2	2
13404	4	134	3051	0	2	2
13405	5	134	190	0	2	2
13406	6	134	3372	0	2	2
13407	7	134	117	0	2	2
13408	8	134	1073	0	2	1
13409	9	134	11336	0	2	0
13410	10	134	13100	0	2	0
13411	11	134	3479	0	2	0
13412	12	134	14097	0	2	0
13413	13	134	1745	0	2	0
13414	14	134	3016	0	2	0
13415	15	134	9205	0	1	3
13416	16	134	3771	0	1	3
13417	17	134	726	0	1	2
13418	18	134	2228	0	1	2
13419	19	134	18426	0	1	2
13420	20	134	16994	0	1	2
13421	21	134	3213	0	1	2
13422	22	134	6307	0	1	2
13423	23	134	2518	0	1	2
13424	24	134	1233	0	1	2
13425	25	134	2933	0	1	2
13426	26	134	12881	0	1	2
13427	27	134	70	0	1	2
13428	28	134	163	0	1	2
13429	29	134	4971	0	1	2
13430	30	134	5108	0	1	2
13431	31	134	13574	0	1	2
13432	32	134	3816	0	1	2
13433	33	134	82	0	1	2
13434	34	134	15096	0	1	2
13435	35	134	5439	0	1	1
13436	36	134	7298	0	1	1
13437	37	134	13432	0	1	1
13438	38	134	5147	0	1	1
13439	39	134	15494	0	1	1
13440	40	134	19673	0	1	1
13441	41	134	4004	0	1	1
13442	42	134	19615	0	1	1
13443	43	134	17929	0	1	1
13444	44	134	5193	0	1	1
13445	45	134	3550	0	1	1
13446	46	134	3560	0	1	1
13447	47	134	17435	0	1	1
13448	48	134	13349	0	1	1
13449	49	134	12252	0	1	1
13450	50	134	3390	0	1	1
13451	51	134	8234	0	1	1
13452	52	134	4899	0	1	0
13453	53	134	6630	0	1	0
13454	54	134	16729	0	1	0
13455	55	134	19859	0	1	0
13456	56	134	1723	0	1	0
13457	57	134	3986	0	1	0
13458	58	134	11270	0	1	0
13459	59	134	4271	0	1	0
13460	60	134	15460	0	0	3
13461	61	134	11604	0	0	3
13462	62	134	7876	0	0	2
13463	63	134	450	0	0	2
13464	64	134	8619	0	0	2
13465	65	134	104	0	0	2
13466	66	134	2174	0	0	2
13467	67	134	9251	0	0	2
13468	68	134	1354	0	0	2
13469	69	134	4005	0	0	2
13470	70	134	2181	0	0	2
13471	71	134	111	0	0	2
13472	72	134	5564	0	0	2
13473	73	134	12192	0	0	2
13474	74	134	15303	0	0	1
13475	75	134	7899	0	0	1
13476	76	134	871	0	0	1
13477	77	134	904	0	0	1
13478	78	134	18842	0	0	1
13479	79	134	7743	0	0	0
13480	80	134	12014	0	0	0
13481	81	134	5722	0	0	0
13482	82	134	17904	0	0	0
13483	83	134	1914	0	0	0
13484	84	134	9935	0	0	0
13485	85	134	10313	0	0	0
13486	86	134	14282	0	0	0
13487	87	134	2111	0	0	0
13488	88	134	6295	0	0	0
13489	89	134	71	0	0	0
13490	90	134	14325	0	0	0
13491	91	134	7355	0	0	0
13492	92	134	16458	0	0	0
13493	93	134	5096	0	0	0
13494	94	134	11952	0	0	0
13495	95	134	19487	0	0	0
13496	96	134	13717	0	0	0
13497	97	134	18415	0	0	0
13498	98	134	17647	0	0	0
13499	99	134	4931	0	0	2
13500	0	135	5665	0	2	2
13501	1	135	2034	0	2	2
13502	2	135	9454	0	2	1
13503	3	135	6284	0	2	1
13504	4	135	13439	0	2	1
13505	5	135	8248	0	2	0
13506	6	135	15597	0	2	0
13507	7	135	9531	0	2	0
13508	8	135	1467	0	2	0
13509	9	135	11648	0	2	0
13510	10	135	1681	0	2	0
13511	11	135	7475	0	2	0
13512	12	135	9556	0	1	3
13513	13	135	5777	0	1	2
13514	14	135	177	0	1	2
13515	15	135	5107	0	1	2
13516	16	135	5215	0	1	2
13517	17	135	18787	0	1	2
13518	18	135	3236	0	1	2
13519	19	135	9925	0	1	2
13520	20	135	16103	0	1	2
13521	21	135	272	0	1	2
13522	22	135	15	0	1	2
13523	23	135	2557	0	1	2
13524	24	135	263	0	1	2
13525	25	135	1378	0	1	2
13526	26	135	8097	0	1	2
13527	27	135	16114	0	1	1
13528	28	135	1756	0	1	1
13529	29	135	1220	0	1	1
13530	30	135	2717	0	1	1
13531	31	135	3029	0	1	1
13532	32	135	13205	0	1	1
13533	33	135	1781	0	1	1
13534	34	135	18830	0	1	1
13535	35	135	4717	0	1	1
13536	36	135	6210	0	1	1
13537	37	135	16904	0	1	1
13538	38	135	3648	0	1	1
13539	39	135	3649	0	1	1
13540	40	135	3158	0	1	0
13541	41	135	11714	0	1	0
13542	42	135	8268	0	1	0
13543	43	135	14674	0	1	0
13544	44	135	2517	0	1	0
13545	45	135	9729	0	1	0
13546	46	135	15826	0	1	0
13547	47	135	6191	0	1	0
13548	48	135	15605	0	1	0
13549	49	135	13742	0	1	0
13550	50	135	1535	0	1	0
13551	51	135	8072	0	1	0
13552	52	135	5060	0	1	0
13553	53	135	3845	0	1	0
13554	54	135	2878	0	1	0
13555	55	135	12076	0	1	0
13556	56	135	14522	0	1	0
13557	57	135	3773	0	1	0
13558	58	135	4682	0	1	0
13559	59	135	4069	0	1	0
13560	60	135	7775	0	1	0
13561	61	135	10888	0	0	3
13562	62	135	14969	0	0	3
13563	63	135	16368	0	0	3
13564	64	135	9656	0	0	2
13565	65	135	17885	0	0	2
13566	66	135	5014	0	0	2
13567	67	135	7623	0	0	2
13568	68	135	6864	0	0	2
13569	69	135	19502	0	0	2
13570	70	135	16020	0	0	2
13571	71	135	2196	0	0	2
13572	72	135	4585	0	0	2
13573	73	135	2408	0	0	2
13574	74	135	2938	0	0	2
13575	75	135	13913	0	0	2
13576	76	135	872	0	0	2
13577	77	135	6106	0	0	1
13578	78	135	10689	0	0	1
13579	79	135	14146	0	0	1
13580	80	135	918	0	0	1
13581	81	135	8376	0	0	1
13582	82	135	5543	0	0	1
13583	83	135	17582	0	0	1
13584	84	135	3563	0	0	1
13585	85	135	954	0	0	1
13586	86	135	10028	0	0	0
13587	87	135	6499	0	0	0
13588	88	135	1257	0	0	0
13589	89	135	2226	0	0	0
13590	90	135	6268	0	0	0
13591	91	135	5026	0	0	0
13592	92	135	13963	0	0	0
13593	93	135	2282	0	0	0
13594	94	135	8213	0	0	0
13595	95	135	3054	0	0	0
13596	96	135	6109	0	0	0
13597	97	135	4435	0	0	0
13598	98	135	5360	0	0	0
13599	99	135	2222	0	0	2
13600	0	136	3384	0	2	2
13601	1	136	15652	0	2	2
13602	2	136	17547	0	2	2
13603	3	136	19490	0	2	2
13604	4	136	1687	0	2	2
13605	5	136	13396	0	2	2
13606	6	136	6337	0	2	2
13607	7	136	28	0	2	2
13608	8	136	3775	0	2	1
13609	9	136	17183	0	2	1
13610	10	136	4549	0	2	0
13611	11	136	6442	0	2	0
13612	12	136	2476	0	2	0
13613	13	136	5626	0	1	3
13614	14	136	5557	0	1	2
13615	15	136	1397	0	1	2
13616	16	136	18508	0	1	2
13617	17	136	322	0	1	2
13618	18	136	4907	0	1	2
13619	19	136	3165	0	1	2
13620	20	136	2195	0	1	2
13621	21	136	6865	0	1	2
13622	22	136	3714	0	1	2
13623	23	136	535	0	1	2
13624	24	136	12661	0	1	2
13625	25	136	14460	0	1	2
13626	26	136	14461	0	1	2
13627	27	136	1995	0	1	2
13628	28	136	6320	0	1	2
13629	29	136	3433	0	1	2
13630	30	136	13565	0	1	2
13631	31	136	16483	0	1	2
13632	32	136	5935	0	1	2
13633	33	136	18931	0	1	2
13634	34	136	4456	0	1	2
13635	35	136	338	0	1	2
13636	36	136	7422	0	1	2
13637	37	136	5185	0	1	1
13638	38	136	4569	0	1	1
13639	39	136	4945	0	1	1
13640	40	136	1015	0	1	1
13641	41	136	13122	0	1	1
13642	42	136	6233	0	1	1
13643	43	136	10768	0	1	1
13644	44	136	7462	0	1	1
13645	45	136	18262	0	1	1
13646	46	136	3820	0	1	1
13647	47	136	14417	0	1	1
13648	48	136	7793	0	1	0
13649	49	136	6177	0	1	0
13650	50	136	19557	0	1	0
13651	51	136	5631	0	1	0
13652	52	136	5632	0	1	0
13653	53	136	5921	0	1	0
13654	54	136	9939	0	1	0
13655	55	136	15535	0	1	0
13656	56	136	2182	0	1	0
13657	57	136	2778	0	1	0
13658	58	136	4258	0	1	0
13659	59	136	15438	0	1	0
13660	60	136	7200	0	1	0
13661	61	136	3699	0	1	0
13662	62	136	11133	0	1	0
13663	63	136	4436	0	1	0
13664	64	136	4357	0	1	0
13665	65	136	4604	0	1	0
13666	66	136	5268	0	0	3
13667	67	136	12233	0	0	3
13668	68	136	151	0	0	2
13669	69	136	87	0	0	2
13670	70	136	9496	0	0	2
13671	71	136	5654	0	0	2
13672	72	136	19119	0	0	2
13673	73	136	359	0	0	2
13674	74	136	250	0	0	2
13675	75	136	4270	0	0	2
13676	76	136	511	0	0	2
13677	77	136	798	0	0	2
13678	78	136	1648	0	0	2
13679	79	136	5998	0	0	2
13680	80	136	17727	0	0	1
13681	81	136	4162	0	0	1
13682	82	136	16338	0	0	1
13683	83	136	4165	0	0	1
13684	84	136	4355	0	0	0
13685	85	136	4356	0	0	0
13686	86	136	2549	0	0	0
13687	87	136	16944	0	0	0
13688	88	136	11400	0	0	0
13689	89	136	9960	0	0	0
13690	90	136	14726	0	0	0
13691	91	136	7501	0	0	0
13692	92	136	13038	0	0	0
13693	93	136	16276	0	0	0
13694	94	136	17711	0	0	0
13695	95	136	6562	0	0	0
13696	96	136	3112	0	0	0
13697	97	136	4742	0	0	0
13698	98	136	16220	0	0	0
13699	99	136	1479	0	0	0
13700	0	137	370	0	2	2
13701	1	137	692	0	2	2
13702	2	137	9979	0	2	2
13703	3	137	15628	0	2	2
13704	4	137	19738	0	2	2
13705	5	137	1334	0	2	2
13706	6	137	3673	0	2	2
13707	7	137	3837	0	2	2
13708	8	137	2170	0	2	1
13709	9	137	3048	0	2	1
13710	10	137	3049	0	2	1
13711	11	137	19763	0	2	0
13712	12	137	2148	0	2	0
13713	13	137	2693	0	2	0
13714	14	137	1675	0	2	0
13715	15	137	3063	0	2	0
13716	16	137	13398	0	2	0
13717	17	137	18084	0	2	0
13718	18	137	3173	0	1	3
13719	19	137	15615	0	1	3
13720	20	137	8605	0	1	3
13721	21	137	1395	0	1	2
13722	22	137	14984	0	1	2
13723	23	137	134	0	1	2
13724	24	137	4867	0	1	2
13725	25	137	6193	0	1	2
13726	26	137	4046	0	1	2
13727	27	137	5909	0	1	2
13728	28	137	697	0	1	2
13729	29	137	3008	0	1	2
13730	30	137	419	0	1	2
13731	31	137	1407	0	1	2
13732	32	137	11879	0	1	2
13733	33	137	11880	0	1	2
13734	34	137	18844	0	1	2
13735	35	137	19744	0	1	2
13736	36	137	3941	0	1	2
13737	37	137	15566	0	1	1
13738	38	137	5256	0	1	1
13739	39	137	8662	0	1	1
13740	40	137	16110	0	1	1
13741	41	137	18628	0	1	1
13742	42	137	1027	0	1	1
13743	43	137	2868	0	1	1
13744	44	137	1137	0	1	1
13745	45	137	1150	0	1	1
13746	46	137	11312	0	1	1
13747	47	137	15025	0	1	1
13748	48	137	4252	0	1	1
13749	49	137	2459	0	1	1
13750	50	137	18492	0	1	1
13751	51	137	11449	0	1	1
13752	52	137	16099	0	1	0
13753	53	137	4862	0	1	0
13754	54	137	11450	0	1	0
13755	55	137	7601	0	1	0
13756	56	137	14924	0	1	0
13757	57	137	12157	0	1	0
13758	58	137	12185	0	1	0
13759	59	137	3582	0	1	0
13760	60	137	5363	0	1	0
13761	61	137	2447	0	1	0
13762	62	137	2232	0	1	0
13763	63	137	4344	0	1	0
13764	64	137	1800	0	1	0
13765	65	137	10193	0	0	2
13766	66	137	2217	0	0	2
13767	67	137	6252	0	0	2
13768	68	137	5192	0	0	2
13769	69	137	12212	0	0	2
13770	70	137	15747	0	0	2
13771	71	137	6683	0	0	2
13772	72	137	8813	0	0	2
13773	73	137	7765	0	0	2
13774	74	137	16	0	0	2
13775	75	137	4310	0	0	2
13776	76	137	7285	0	0	2
13777	77	137	5447	0	0	2
13778	78	137	4434	0	0	2
13779	79	137	7333	0	0	1
13780	80	137	6227	0	0	1
13781	81	137	2252	0	0	1
13782	82	137	11932	0	0	1
13783	83	137	10373	0	0	1
13784	84	137	2461	0	0	1
13785	85	137	2730	0	0	0
13786	86	137	14281	0	0	0
13787	87	137	10953	0	0	0
13788	88	137	4745	0	0	0
13789	89	137	4758	0	0	0
13790	90	137	14628	0	0	0
13791	91	137	19719	0	0	0
13792	92	137	6932	0	0	0
13793	93	137	18615	0	0	0
13794	94	137	9685	0	0	0
13795	95	137	17618	0	0	0
13796	96	137	5144	0	0	0
13797	97	137	17782	0	0	0
13798	98	137	19876	0	0	0
13799	99	137	5678	0	0	2
13800	0	138	10343	0	2	2
13801	1	138	4365	0	2	2
13802	2	138	1286	0	2	2
13803	3	138	741	0	2	2
13804	4	138	1245	0	2	2
13805	5	138	287	0	2	2
13806	6	138	15296	0	2	1
13807	7	138	14579	0	2	1
13808	8	138	13805	0	2	1
13809	9	138	16725	0	2	1
13810	10	138	1093	0	2	1
13811	11	138	17960	0	2	0
13812	12	138	3301	0	2	0
13813	13	138	9826	0	2	0
13814	14	138	16978	0	2	0
13815	15	138	2692	0	1	2
13816	16	138	11677	0	1	2
13817	17	138	8680	0	1	2
13818	18	138	17840	0	1	2
13819	19	138	17191	0	1	2
13820	20	138	7099	0	1	2
13821	21	138	2751	0	1	2
13822	22	138	2761	0	1	2
13823	23	138	1463	0	1	2
13824	24	138	10465	0	1	2
13825	25	138	16819	0	1	1
13826	26	138	6672	0	1	1
13827	27	138	2836	0	1	1
13828	28	138	15122	0	1	1
13829	29	138	4371	0	1	1
13830	30	138	6405	0	1	1
13831	31	138	19735	0	1	1
13832	32	138	1320	0	1	1
13833	33	138	1321	0	1	1
13834	34	138	10156	0	1	1
13835	35	138	1151	0	1	1
13836	36	138	14222	0	1	1
13837	37	138	1412	0	1	1
13838	38	138	5455	0	1	1
13839	39	138	7731	0	1	1
13840	40	138	3431	0	1	1
13841	41	138	1365	0	1	1
13842	42	138	4939	0	1	1
13843	43	138	8644	0	1	0
13844	44	138	11721	0	1	0
13845	45	138	3290	0	1	0
13846	46	138	7195	0	1	0
13847	47	138	11345	0	1	0
13848	48	138	11346	0	1	0
13849	49	138	16140	0	1	0
13850	50	138	9587	0	1	0
13851	51	138	5476	0	1	0
13852	52	138	1238	0	1	0
13853	53	138	459	0	1	0
13854	54	138	2558	0	1	0
13855	55	138	16902	0	1	0
13856	56	138	9137	0	1	0
13857	57	138	8401	0	0	2
13858	58	138	18228	0	0	2
13859	59	138	4922	0	0	2
13860	60	138	6338	0	0	2
13861	61	138	5688	0	0	2
13862	62	138	10123	0	0	2
13863	63	138	4768	0	0	2
13864	64	138	16167	0	0	2
13865	65	138	10668	0	0	2
13866	66	138	17783	0	0	2
13867	67	138	18439	0	0	2
13868	68	138	16693	0	0	2
13869	69	138	2911	0	0	2
13870	70	138	3947	0	0	2
13871	71	138	9865	0	0	2
13872	72	138	15849	0	0	2
13873	73	138	6127	0	0	2
13874	74	138	14256	0	0	1
13875	75	138	5408	0	0	1
13876	76	138	5127	0	0	1
13877	77	138	838	0	0	1
13878	78	138	6339	0	0	1
13879	79	138	9364	0	0	1
13880	80	138	18003	0	0	1
13881	81	138	2516	0	0	1
13882	82	138	12481	0	0	0
13883	83	138	4636	0	0	0
13884	84	138	7779	0	0	0
13885	85	138	1406	0	0	0
13886	86	138	16156	0	0	0
13887	87	138	2487	0	0	0
13888	88	138	18221	0	0	0
13889	89	138	10558	0	0	0
13890	90	138	12976	0	0	0
13891	91	138	2108	0	0	0
13892	92	138	19149	0	0	0
13893	93	138	16039	0	0	0
13894	94	138	18199	0	0	0
13895	95	138	7378	0	0	0
13896	96	138	4515	0	0	0
13897	97	138	8938	0	0	0
13898	98	138	8939	0	0	0
13899	99	138	19393	0	0	0
13900	0	139	9606	0	2	2
13901	1	139	9474	0	2	2
13902	2	139	5617	0	2	2
13903	3	139	14837	0	2	2
13904	4	139	14483	0	2	2
13905	5	139	366	0	2	2
13906	6	139	146	0	2	2
13907	7	139	9558	0	2	2
13908	8	139	7709	0	2	1
13909	9	139	1214	0	2	1
13910	10	139	19020	0	2	0
13911	11	139	10226	0	2	0
13912	12	139	14574	0	2	0
13913	13	139	7110	0	1	3
13914	14	139	3094	0	1	3
13915	15	139	5209	0	1	3
13916	16	139	5210	0	1	3
13917	17	139	8498	0	1	2
13918	18	139	5889	0	1	2
13919	19	139	6620	0	1	2
13920	20	139	13276	0	1	2
13921	21	139	227	0	1	2
13922	22	139	7678	0	1	2
13923	23	139	11286	0	1	2
13924	24	139	4881	0	1	2
13925	25	139	8211	0	1	2
13926	26	139	6776	0	1	2
13927	27	139	696	0	1	2
13928	28	139	6055	0	1	2
13929	29	139	7777	0	1	2
13930	30	139	13965	0	1	2
13931	31	139	1230	0	1	2
13932	32	139	6378	0	1	2
13933	33	139	14230	0	1	1
13934	34	139	17554	0	1	1
13935	35	139	2280	0	1	1
13936	36	139	5013	0	1	1
13937	37	139	7675	0	1	1
13938	38	139	921	0	1	1
13939	39	139	2254	0	1	1
13940	40	139	16511	0	1	1
13941	41	139	19216	0	1	1
13942	42	139	8408	0	1	1
13943	43	139	19881	0	1	1
13944	44	139	5737	0	1	1
13945	45	139	5738	0	1	1
13946	46	139	1184	0	1	1
13947	47	139	3486	0	1	1
13948	48	139	2135	0	1	1
13949	49	139	1370	0	1	1
13950	50	139	18462	0	1	0
13951	51	139	3439	0	1	0
13952	52	139	3440	0	1	0
13953	53	139	6385	0	1	0
13954	54	139	1379	0	1	0
13955	55	139	3441	0	1	0
13956	56	139	2212	0	1	0
13957	57	139	2699	0	1	0
13958	58	139	19736	0	1	0
13959	59	139	1476	0	1	0
13960	60	139	18387	0	1	0
13961	61	139	1698	0	1	0
13962	62	139	11343	0	1	0
13963	63	139	18983	0	1	0
13964	64	139	17272	0	1	0
13965	65	139	12895	0	1	0
13966	66	139	1189	0	0	3
13967	67	139	193	0	0	2
13968	68	139	11684	0	0	2
13969	69	139	16497	0	0	2
13970	70	139	2250	0	0	2
13971	71	139	5913	0	0	2
13972	72	139	5797	0	0	2
13973	73	139	106	0	0	2
13974	74	139	2168	0	0	2
13975	75	139	9604	0	0	2
13976	76	139	5576	0	0	1
13977	77	139	19777	0	0	1
13978	78	139	5381	0	0	1
13979	79	139	5064	0	0	1
13980	80	139	11745	0	0	0
13981	81	139	6272	0	0	0
13982	82	139	17259	0	0	0
13983	83	139	17974	0	0	0
13984	84	139	4531	0	0	0
13985	85	139	4762	0	0	0
13986	86	139	3329	0	0	0
13987	87	139	19296	0	0	0
13988	88	139	2150	0	0	0
13989	89	139	2997	0	0	0
13990	90	139	11442	0	0	0
13991	91	139	4845	0	0	0
13992	92	139	9330	0	0	0
13993	93	139	13445	0	0	0
13994	94	139	14723	0	0	0
13995	95	139	14724	0	0	0
13996	96	139	14725	0	0	0
13997	97	139	16752	0	0	0
13998	98	139	4431	0	0	0
13999	99	139	12480	0	0	2
14000	0	140	86	0	2	2
14001	1	140	3409	0	2	2
14002	2	140	1236	0	2	2
14003	3	140	1023	0	2	1
14004	4	140	1313	0	2	1
14005	5	140	1512	0	2	1
14006	6	140	842	0	2	1
14007	7	140	1493	0	2	1
14008	8	140	6694	0	2	0
14009	9	140	8906	0	2	0
14010	10	140	1287	0	2	0
14011	11	140	10591	0	2	0
14012	12	140	3908	0	2	0
14013	13	140	4765	0	1	3
14014	14	140	2382	0	1	2
14015	15	140	7670	0	1	2
14016	16	140	3884	0	1	2
14017	17	140	460	0	1	2
14018	18	140	6358	0	1	2
14019	19	140	3818	0	1	2
14020	20	140	13198	0	1	2
14021	21	140	13	0	1	2
14022	22	140	13118	0	1	2
14023	23	140	17707	0	1	2
14024	24	140	15062	0	1	2
14025	25	140	3080	0	1	2
14026	26	140	1424	0	1	2
14027	27	140	18718	0	1	2
14028	28	140	1501	0	1	2
14029	29	140	42	0	1	2
14030	30	140	4214	0	1	2
14031	31	140	4370	0	1	2
14032	32	140	12	0	1	2
14033	33	140	13086	0	1	1
14034	34	140	5500	0	1	1
14035	35	140	3500	0	1	1
14036	36	140	13359	0	1	1
14037	37	140	16066	0	1	1
14038	38	140	13731	0	1	1
14039	39	140	16882	0	1	1
14040	40	140	6043	0	1	1
14041	41	140	885	0	1	1
14042	42	140	3212	0	1	1
14043	43	140	3116	0	1	1
14044	44	140	19167	0	1	1
14045	45	140	17906	0	1	1
14046	46	140	18903	0	1	1
14047	47	140	1904	0	1	1
14048	48	140	1691	0	1	1
14049	49	140	10535	0	1	0
14050	50	140	5701	0	1	0
14051	51	140	1306	0	1	0
14052	52	140	1812	0	1	0
14053	53	140	1129	0	1	0
14054	54	140	1418	0	1	0
14055	55	140	5082	0	1	0
14056	56	140	16732	0	1	0
14057	57	140	1713	0	1	0
14058	58	140	10401	0	1	0
14059	59	140	11048	0	1	0
14060	60	140	15939	0	1	0
14061	61	140	3735	0	1	0
14062	62	140	10274	0	1	0
14063	63	140	18197	0	1	0
14064	64	140	19336	0	1	0
14065	65	140	17682	0	1	0
14066	66	140	2244	0	0	2
14067	67	140	2003	0	0	2
14068	68	140	6112	0	0	2
14069	69	140	17766	0	0	2
14070	70	140	8949	0	0	2
14071	71	140	3308	0	0	2
14072	72	140	11883	0	0	2
14073	73	140	5839	0	0	1
14074	74	140	4033	0	0	1
14075	75	140	12670	0	0	1
14076	76	140	971	0	0	1
14077	77	140	3246	0	0	1
14078	78	140	819	0	0	1
14079	79	140	6173	0	0	1
14080	80	140	15008	0	0	1
14081	81	140	4175	0	0	1
14082	82	140	5785	0	0	1
14083	83	140	9946	0	0	1
14084	84	140	6914	0	0	0
14085	85	140	15988	0	0	0
14086	86	140	2996	0	0	0
14087	87	140	16936	0	0	0
14088	88	140	12727	0	0	0
14089	89	140	10292	0	0	0
14090	90	140	17940	0	0	0
14091	91	140	13705	0	0	0
14092	92	140	8103	0	0	0
14093	93	140	5705	0	0	0
14094	94	140	12720	0	0	0
14095	95	140	1391	0	0	0
14096	96	140	6500	0	0	0
14097	97	140	15710	0	0	0
14098	98	140	7030	0	0	0
14099	99	140	1859	0	0	2
14100	0	141	13395	0	2	2
14101	1	141	1446	0	2	2
14102	2	141	15380	0	2	2
14103	3	141	1680	0	2	2
14104	4	141	10078	0	2	2
14105	5	141	1333	0	2	2
14106	6	141	14919	0	2	1
14107	7	141	16332	0	2	1
14108	8	141	3449	0	2	1
14109	9	141	4532	0	2	0
14110	10	141	13000	0	2	0
14111	11	141	14683	0	2	0
14112	12	141	16353	0	1	2
14113	13	141	18033	0	1	2
14114	14	141	4238	0	1	2
14115	15	141	4874	0	1	2
14116	16	141	13355	0	1	2
14117	17	141	5234	0	1	2
14118	18	141	500	0	1	2
14119	19	141	2020	0	1	2
14120	20	141	669	0	1	2
14121	21	141	17409	0	1	2
14122	22	141	7149	0	1	2
14123	23	141	10835	0	1	2
14124	24	141	3990	0	1	2
14125	25	141	3558	0	1	2
14126	26	141	619	0	1	2
14127	27	141	19553	0	1	2
14128	28	141	1278	0	1	1
14129	29	141	1279	0	1	1
14130	30	141	3310	0	1	1
14131	31	141	2191	0	1	1
14132	32	141	16454	0	1	1
14133	33	141	3991	0	1	1
14134	34	141	7538	0	1	1
14135	35	141	12584	0	1	1
14136	36	141	13312	0	1	1
14137	37	141	821	0	1	1
14138	38	141	1434	0	1	0
14139	39	141	15226	0	1	0
14140	40	141	15897	0	1	0
14141	41	141	16618	0	1	0
14142	42	141	15532	0	1	0
14143	43	141	2947	0	1	0
14144	44	141	1368	0	1	0
14145	45	141	4424	0	1	0
14146	46	141	19183	0	1	0
14147	47	141	5176	0	1	0
14148	48	141	3284	0	1	0
14149	49	141	8331	0	1	0
14150	50	141	18472	0	1	0
14151	51	141	7548	0	1	0
14152	52	141	9627	0	1	0
14153	53	141	3855	0	1	0
14154	54	141	10751	0	1	0
14155	55	141	11759	0	1	0
14156	56	141	2184	0	0	3
14157	57	141	4323	0	0	3
14158	58	141	14234	0	0	3
14159	59	141	8561	0	0	2
14160	60	141	267	0	0	2
14161	61	141	6918	0	0	2
14162	62	141	18218	0	0	2
14163	63	141	3660	0	0	2
14164	64	141	7626	0	0	2
14165	65	141	9095	0	0	2
14166	66	141	13479	0	0	2
14167	67	141	2694	0	0	1
14168	68	141	10876	0	0	1
14169	69	141	12471	0	0	1
14170	70	141	10635	0	0	1
14171	71	141	13612	0	0	1
14172	72	141	4960	0	0	1
14173	73	141	15203	0	0	1
14174	74	141	3283	0	0	0
14175	75	141	18371	0	0	0
14176	76	141	5389	0	0	0
14177	77	141	9872	0	0	0
14178	78	141	13825	0	0	0
14179	79	141	15095	0	0	0
14180	80	141	1516	0	0	0
14181	81	141	9957	0	0	0
14182	82	141	3249	0	0	0
14183	83	141	1498	0	0	0
14184	84	141	2324	0	0	0
14185	85	141	14203	0	0	0
14186	86	141	17190	0	0	0
14187	87	141	6022	0	0	0
14188	88	141	19067	0	0	0
14189	89	141	16783	0	0	0
14190	90	141	9846	0	0	0
14191	91	141	3556	0	0	0
14192	92	141	2073	0	0	0
14193	93	141	9850	0	0	0
14194	94	141	14385	0	0	0
14195	95	141	4779	0	0	0
14196	96	141	13739	0	0	0
14197	97	141	6443	0	0	0
14198	98	141	19173	0	0	0
14199	99	141	15613	0	0	1
14200	0	142	19765	0	2	3
14201	1	142	1963	0	2	2
14202	2	142	17141	0	2	2
14203	3	142	10644	0	2	2
14204	4	142	3632	0	2	2
14205	5	142	11565	0	2	2
14206	6	142	63	0	2	2
14207	7	142	9837	0	2	2
14208	8	142	2670	0	2	1
14209	9	142	11833	0	2	1
14210	10	142	18335	0	2	1
14211	11	142	11423	0	2	1
14212	12	142	16382	0	2	1
14213	13	142	3822	0	2	1
14214	14	142	10302	0	2	0
14215	15	142	12294	0	2	0
14216	16	142	2465	0	2	0
14217	17	142	6745	0	1	2
14218	18	142	18554	0	1	2
14219	19	142	427	0	1	2
14220	20	142	1609	0	1	2
14221	21	142	7611	0	1	2
14222	22	142	17422	0	1	2
14223	23	142	205	0	1	2
14224	24	142	14393	0	1	2
14225	25	142	18686	0	1	2
14226	26	142	1910	0	1	2
14227	27	142	8449	0	1	2
14228	28	142	8555	0	1	2
14229	29	142	2151	0	1	2
14230	30	142	1777	0	1	2
14231	31	142	18119	0	1	1
14232	32	142	19844	0	1	1
14233	33	142	19031	0	1	1
14234	34	142	9990	0	1	1
14235	35	142	10811	0	1	1
14236	36	142	17348	0	1	1
14237	37	142	16284	0	1	1
14238	38	142	15552	0	1	1
14239	39	142	14912	0	1	1
14240	40	142	3040	0	1	1
14241	41	142	16698	0	1	1
14242	42	142	847	0	1	1
14243	43	142	5354	0	1	0
14244	44	142	12081	0	1	0
14245	45	142	2719	0	1	0
14246	46	142	10656	0	1	0
14247	47	142	4547	0	1	0
14248	48	142	17548	0	1	0
14249	49	142	14339	0	1	0
14250	50	142	2299	0	1	0
14251	51	142	5157	0	1	0
14252	52	142	6019	0	1	0
14253	53	142	4752	0	1	0
14254	54	142	10037	0	1	0
14255	55	142	5141	0	1	0
14256	56	142	13357	0	1	0
14257	57	142	2471	0	1	0
14258	58	142	2718	0	1	0
14259	59	142	1761	0	1	0
14260	60	142	15658	0	1	0
14261	61	142	1212	0	1	0
14262	62	142	4189	0	0	2
14263	63	142	655	0	0	2
14264	64	142	4693	0	0	2
14265	65	142	1469	0	0	2
14266	66	142	3633	0	0	2
14267	67	142	4215	0	0	2
14268	68	142	1221	0	0	2
14269	69	142	4227	0	0	2
14270	70	142	1491	0	0	2
14271	71	142	2197	0	0	1
14272	72	142	2198	0	0	1
14273	73	142	883	0	0	1
14274	74	142	925	0	0	1
14275	75	142	7469	0	0	1
14276	76	142	11906	0	0	1
14277	77	142	4975	0	0	1
14278	78	142	4507	0	0	1
14279	79	142	6116	0	0	1
14280	80	142	874	0	0	1
14281	81	142	4048	0	0	1
14282	82	142	5306	0	0	1
14283	83	142	1444	0	0	1
14284	84	142	5940	0	0	0
14285	85	142	10609	0	0	0
14286	86	142	18330	0	0	0
14287	87	142	18126	0	0	0
14288	88	142	3554	0	0	0
14289	89	142	16824	0	0	0
14290	90	142	10714	0	0	0
14291	91	142	14888	0	0	0
14292	92	142	17161	0	0	0
14293	93	142	9167	0	0	0
14294	94	142	17124	0	0	0
14295	95	142	4536	0	0	0
14296	96	142	7817	0	0	0
14297	97	142	10904	0	0	0
14298	98	142	1484	0	0	0
14299	99	142	2442	0	0	2
14300	0	143	598	0	2	2
14301	1	143	14096	0	2	1
14302	2	143	12370	0	2	1
14303	3	143	10253	0	2	1
14304	4	143	8015	0	2	0
14305	5	143	1241	0	2	0
14306	6	143	2164	0	2	0
14307	7	143	14121	0	2	0
14308	8	143	9899	0	2	0
14309	9	143	9427	0	2	0
14310	10	143	11220	0	1	3
14311	11	143	3852	0	1	2
14312	12	143	8398	0	1	2
14313	13	143	228	0	1	2
14314	14	143	5274	0	1	2
14315	15	143	46	0	1	2
14316	16	143	5595	0	1	2
14317	17	143	11462	0	1	2
14318	18	143	18	0	1	2
14319	19	143	3128	0	1	2
14320	20	143	2242	0	1	2
14321	21	143	19740	0	1	2
14322	22	143	3287	0	1	2
14323	23	143	1187	0	1	2
14324	24	143	7943	0	1	2
14325	25	143	11373	0	1	1
14326	26	143	1453	0	1	1
14327	27	143	3592	0	1	1
14328	28	143	1017	0	1	1
14329	29	143	10530	0	1	1
14330	30	143	14868	0	1	1
14331	31	143	15454	0	1	1
14332	32	143	5878	0	1	1
14333	33	143	5881	0	1	1
14334	34	143	3717	0	1	1
14335	35	143	9385	0	1	1
14336	36	143	18389	0	1	1
14337	37	143	10263	0	1	1
14338	38	143	1778	0	1	1
14339	39	143	2185	0	1	1
14340	40	143	5999	0	1	1
14341	41	143	6890	0	1	1
14342	42	143	6056	0	1	1
14343	43	143	6283	0	1	0
14344	44	143	14790	0	1	0
14345	45	143	4354	0	1	0
14346	46	143	3800	0	1	0
14347	47	143	12689	0	1	0
14348	48	143	3143	0	1	0
14349	49	143	11579	0	1	0
14350	50	143	7029	0	1	0
14351	51	143	17006	0	1	0
14352	52	143	1782	0	1	0
14353	53	143	12717	0	1	0
14354	54	143	2255	0	1	0
14355	55	143	6170	0	1	0
14356	56	143	16835	0	1	0
14357	57	143	2421	0	1	0
14358	58	143	18074	0	1	0
14359	59	143	3862	0	1	0
14360	60	143	12716	0	1	0
14361	61	143	15328	0	1	0
14362	62	143	2917	0	1	0
14363	63	143	1353	0	0	3
14364	64	143	5912	0	0	2
14365	65	143	35	0	0	2
14366	66	143	5923	0	0	2
14367	67	143	15787	0	0	2
14368	68	143	13406	0	0	2
14369	69	143	331	0	0	2
14370	70	143	5810	0	0	2
14371	71	143	6506	0	0	1
14372	72	143	13886	0	0	1
14373	73	143	8294	0	0	1
14374	74	143	18338	0	0	1
14375	75	143	16290	0	0	1
14376	76	143	920	0	0	1
14377	77	143	6509	0	0	0
14378	78	143	4753	0	0	0
14379	79	143	17171	0	0	0
14380	80	143	4314	0	0	0
14381	81	143	8173	0	0	0
14382	82	143	10071	0	0	0
14383	83	143	17550	0	0	0
14384	84	143	18086	0	0	0
14385	85	143	8414	0	0	0
14386	86	143	18352	0	0	0
14387	87	143	6279	0	0	0
14388	88	143	5150	0	0	0
14389	89	143	17262	0	0	0
14390	90	143	1254	0	0	0
14391	91	143	6012	0	0	0
14392	92	143	14088	0	0	0
14393	93	143	6031	0	0	0
14394	94	143	5563	0	0	0
14395	95	143	12566	0	0	0
14396	96	143	3863	0	0	0
14397	97	143	12616	0	0	0
14398	98	143	15344	0	0	0
14399	99	143	4466	0	0	1
14400	0	144	3391	0	2	2
14401	1	144	6936	0	2	2
14402	2	144	1312	0	2	2
14403	3	144	1383	0	2	2
14404	4	144	14737	0	2	2
14405	5	144	5220	0	2	2
14406	6	144	3548	0	2	1
14407	7	144	1239	0	2	1
14408	8	144	16387	0	2	1
14409	9	144	9274	0	2	0
14410	10	144	18313	0	2	0
14411	11	144	1965	0	2	0
14412	12	144	16571	0	1	3
14413	13	144	2858	0	1	3
14414	14	144	5857	0	1	3
14415	15	144	5581	0	1	2
14416	16	144	201	0	1	2
14417	17	144	10630	0	1	2
14418	18	144	4415	0	1	2
14419	19	144	1430	0	1	2
14420	20	144	410	0	1	2
14421	21	144	1342	0	1	2
14422	22	144	585	0	1	2
14423	23	144	7778	0	1	2
14424	24	144	657	0	1	2
14425	25	144	1216	0	1	2
14426	26	144	18936	0	1	2
14427	27	144	8393	0	1	2
14428	28	144	1349	0	1	2
14429	29	144	8931	0	1	2
14430	30	144	14767	0	1	2
14431	31	144	54	0	1	2
14432	32	144	1788	0	1	1
14433	33	144	2241	0	1	1
14434	34	144	18001	0	1	1
14435	35	144	16205	0	1	1
14436	36	144	12430	0	1	1
14437	37	144	2630	0	1	1
14438	38	144	2266	0	1	1
14439	39	144	7145	0	1	1
14440	40	144	14931	0	1	1
14441	41	144	2062	0	1	1
14442	42	144	5716	0	1	1
14443	43	144	13309	0	1	0
14444	44	144	2885	0	1	0
14445	45	144	9213	0	1	0
14446	46	144	18457	0	1	0
14447	47	144	3691	0	1	0
14448	48	144	10476	0	1	0
14449	49	144	15971	0	1	0
14450	50	144	17514	0	1	0
14451	51	144	9822	0	1	0
14452	52	144	12315	0	1	0
14453	53	144	16170	0	1	0
14454	54	144	11200	0	1	0
14455	55	144	17472	0	1	0
14456	56	144	13129	0	1	0
14457	57	144	11434	0	1	0
14458	58	144	8686	0	1	0
14459	59	144	13471	0	1	0
14460	60	144	8476	0	1	0
14461	61	144	4955	0	1	0
14462	62	144	6641	0	0	3
14463	63	144	2365	0	0	3
14464	64	144	9	0	0	3
14465	65	144	6052	0	0	2
14466	66	144	36	0	0	2
14467	67	144	225	0	0	2
14468	68	144	5338	0	0	2
14469	69	144	13176	0	0	2
14470	70	144	14175	0	0	2
14471	71	144	5255	0	0	2
14472	72	144	16142	0	0	2
14473	73	144	447	0	0	2
14474	74	144	259	0	0	2
14475	75	144	718	0	0	2
14476	76	144	6341	0	0	2
14477	77	144	6342	0	0	2
14478	78	144	14194	0	0	1
14479	79	144	7124	0	0	1
14480	80	144	15969	0	0	1
14481	81	144	14655	0	0	1
14482	82	144	7250	0	0	1
14483	83	144	1026	0	0	1
14484	84	144	5611	0	0	1
14485	85	144	5664	0	0	1
14486	86	144	18380	0	0	1
14487	87	144	11077	0	0	0
14488	88	144	2886	0	0	0
14489	89	144	11085	0	0	0
14490	90	144	2069	0	0	0
14491	91	144	7466	0	0	0
14492	92	144	17315	0	0	0
14493	93	144	8395	0	0	0
14494	94	144	13711	0	0	0
14495	95	144	17724	0	0	0
14496	96	144	17353	0	0	0
14497	97	144	8958	0	0	0
14498	98	144	6474	0	0	0
14499	99	144	12607	0	0	0
14500	0	145	8527	0	2	2
14501	1	145	1668	0	2	2
14502	2	145	375	0	2	2
14503	3	145	3893	0	2	2
14504	4	145	9875	0	2	2
14505	5	145	18114	0	2	1
14506	6	145	1053	0	2	1
14507	7	145	5079	0	2	1
14508	8	145	16136	0	2	0
14509	9	145	6693	0	2	0
14510	10	145	122	0	2	0
14511	11	145	6345	0	2	0
14512	12	145	2311	0	1	3
14513	13	145	3163	0	1	3
14514	14	145	7910	0	1	2
14515	15	145	3634	0	1	2
14516	16	145	8063	0	1	2
14517	17	145	18234	0	1	2
14518	18	145	11263	0	1	2
14519	19	145	1347	0	1	2
14520	20	145	64	0	1	2
14521	21	145	3881	0	1	2
14522	22	145	19664	0	1	2
14523	23	145	5706	0	1	2
14524	24	145	4921	0	1	2
14525	25	145	1465	0	1	2
14526	26	145	1791	0	1	2
14527	27	145	13772	0	1	2
14528	28	145	5213	0	1	2
14529	29	145	1553	0	1	2
14530	30	145	8245	0	1	2
14531	31	145	6803	0	1	2
14532	32	145	9323	0	1	2
14533	33	145	1883	0	1	1
14534	34	145	10808	0	1	1
14535	35	145	13124	0	1	1
14536	36	145	3890	0	1	1
14537	37	145	968	0	1	1
14538	38	145	3751	0	1	1
14539	39	145	13330	0	1	1
14540	40	145	13331	0	1	1
14541	41	145	2567	0	1	1
14542	42	145	11887	0	1	1
14543	43	145	14001	0	1	1
14544	44	145	11018	0	1	1
14545	45	145	2979	0	1	1
14546	46	145	1016	0	1	1
14547	47	145	7065	0	1	1
14548	48	145	2286	0	1	1
14549	49	145	1585	0	1	0
14550	50	145	3583	0	1	0
14551	51	145	6874	0	1	0
14552	52	145	3584	0	1	0
14553	53	145	1246	0	1	0
14554	54	145	15744	0	1	0
14555	55	145	17447	0	1	0
14556	56	145	2499	0	1	0
14557	57	145	16175	0	1	0
14558	58	145	473	0	1	0
14559	59	145	2639	0	1	0
14560	60	145	2684	0	1	0
14561	61	145	8099	0	1	0
14562	62	145	13699	0	1	0
14563	63	145	2638	0	1	0
14564	64	145	2056	0	1	0
14565	65	145	9751	0	1	0
14566	66	145	10428	0	1	0
14567	67	145	9050	0	1	0
14568	68	145	9523	0	1	0
14569	69	145	16267	0	1	0
14570	70	145	19155	0	1	0
14571	71	145	2273	0	1	0
14572	72	145	3267	0	1	0
14573	73	145	14343	0	0	2
14574	74	145	5305	0	0	2
14575	75	145	11635	0	0	2
14576	76	145	478	0	0	2
14577	77	145	17	0	0	2
14578	78	145	18605	0	0	2
14579	79	145	11068	0	0	2
14580	80	145	11	0	0	2
14581	81	145	2509	0	0	1
14582	82	145	14788	0	0	1
14583	83	145	19841	0	0	1
14584	84	145	9432	0	0	1
14585	85	145	4997	0	0	1
14586	86	145	17726	0	0	1
14587	87	145	823	0	0	1
14588	88	145	12094	0	0	1
14589	89	145	8935	0	0	0
14590	90	145	13317	0	0	0
14591	91	145	6896	0	0	0
14592	92	145	13019	0	0	0
14593	93	145	13022	0	0	0
14594	94	145	11744	0	0	0
14595	95	145	15721	0	0	0
14596	96	145	19330	0	0	0
14597	97	145	1448	0	0	0
14598	98	145	11348	0	0	0
14599	99	145	8618	0	0	2
14600	0	146	6065	0	2	2
14601	1	146	15220	0	2	2
14602	2	146	1277	0	2	2
14603	3	146	240	0	2	2
14604	4	146	14062	0	2	2
14605	5	146	1690	0	2	2
14606	6	146	9036	0	2	0
14607	7	146	9755	0	2	0
14608	8	146	2048	0	2	0
14609	9	146	6886	0	1	2
14610	10	146	3789	0	1	2
14611	11	146	1548	0	1	2
14612	12	146	4764	0	1	2
14613	13	146	2961	0	1	2
14614	14	146	4021	0	1	2
14615	15	146	17131	0	1	2
14616	16	146	19659	0	1	2
14617	17	146	13408	0	1	2
14618	18	146	2950	0	1	2
14619	19	146	11550	0	1	2
14620	20	146	17575	0	1	2
14621	21	146	12517	0	1	2
14622	22	146	11891	0	1	2
14623	23	146	19351	0	1	1
14624	24	146	1029	0	1	1
14625	25	146	13236	0	1	1
14626	26	146	15493	0	1	1
14627	27	146	18289	0	1	1
14628	28	146	3389	0	1	1
14629	29	146	13227	0	1	1
14630	30	146	6997	0	1	1
14631	31	146	11090	0	1	1
14632	32	146	4013	0	1	1
14633	33	146	11912	0	1	1
14634	34	146	19628	0	1	1
14635	35	146	2224	0	1	1
14636	36	146	18795	0	1	1
14637	37	146	6291	0	1	1
14638	38	146	14440	0	1	1
14639	39	146	2247	0	1	1
14640	40	146	4777	0	1	1
14641	41	146	4778	0	1	1
14642	42	146	10365	0	1	1
14643	43	146	10403	0	1	1
14644	44	146	5183	0	1	0
14645	45	146	3873	0	1	0
14646	46	146	2622	0	1	0
14647	47	146	18475	0	1	0
14648	48	146	17827	0	1	0
14649	49	146	3319	0	1	0
14650	50	146	13201	0	1	0
14651	51	146	10867	0	1	0
14652	52	146	18833	0	1	0
14653	53	146	5208	0	1	0
14654	54	146	18183	0	1	0
14655	55	146	1674	0	1	0
14656	56	146	2155	0	1	0
14657	57	146	6253	0	1	0
14658	58	146	2420	0	0	3
14659	59	146	10332	0	0	2
14660	60	146	5486	0	0	2
14661	61	146	4212	0	0	2
14662	62	146	78	0	0	2
14663	63	146	231	0	0	2
14664	64	146	232	0	0	2
14665	65	146	774	0	0	2
14666	66	146	528	0	0	2
14667	67	146	12163	0	0	2
14668	68	146	5457	0	0	2
14669	69	146	16012	0	0	2
14670	70	146	17480	0	0	2
14671	71	146	4534	0	0	1
14672	72	146	15256	0	0	1
14673	73	146	844	0	0	1
14674	74	146	15204	0	0	1
14675	75	146	1031	0	0	1
14676	76	146	1131	0	0	1
14677	77	146	14954	0	0	1
14678	78	146	12230	0	0	1
14679	79	146	15086	0	0	0
14680	80	146	5055	0	0	0
14681	81	146	6637	0	0	0
14682	82	146	18978	0	0	0
14683	83	146	4525	0	0	0
14684	84	146	4443	0	0	0
14685	85	146	7085	0	0	0
14686	86	146	8880	0	0	0
14687	87	146	12164	0	0	0
14688	88	146	1819	0	0	0
14689	89	146	6199	0	0	0
14690	90	146	11919	0	0	0
14691	91	146	19257	0	0	0
14692	92	146	16581	0	0	0
14693	93	146	8918	0	0	0
14694	94	146	6006	0	0	0
14695	95	146	14539	0	0	0
14696	96	146	15503	0	0	0
14697	97	146	12487	0	0	0
14698	98	146	16790	0	0	0
14699	99	146	19026	0	0	1
14700	0	147	16003	0	2	2
14701	1	147	10916	0	2	2
14702	2	147	2722	0	2	2
14703	3	147	8942	0	2	2
14704	4	147	17344	0	2	2
14705	5	147	19851	0	2	1
14706	6	147	2744	0	2	1
14707	7	147	1010	0	2	1
14708	8	147	19291	0	2	1
14709	9	147	8425	0	2	1
14710	10	147	16194	0	2	1
14711	11	147	5708	0	2	1
14712	12	147	12654	0	2	1
14713	13	147	13601	0	2	0
14714	14	147	10153	0	2	0
14715	15	147	17305	0	2	0
14716	16	147	6371	0	2	0
14717	17	147	3740	0	2	0
14718	18	147	1697	0	2	0
14719	19	147	6510	0	1	3
14720	20	147	14557	0	1	2
14721	21	147	4	0	1	2
14722	22	147	1371	0	1	2
14723	23	147	14303	0	1	2
14724	24	147	10305	0	1	2
14725	25	147	2869	0	1	2
14726	26	147	283	0	1	2
14727	27	147	3020	0	1	2
14728	28	147	13642	0	1	2
14729	29	147	7308	0	1	2
14730	30	147	211	0	1	2
14731	31	147	1390	0	1	2
14732	32	147	24	0	1	2
14733	33	147	1226	0	1	1
14734	34	147	9284	0	1	1
14735	35	147	7560	0	1	1
14736	36	147	3244	0	1	1
14737	37	147	1945	0	1	1
14738	38	147	14883	0	1	1
14739	39	147	1543	0	1	1
14740	40	147	18299	0	1	1
14741	41	147	3072	0	1	1
14742	42	147	2210	0	1	1
14743	43	147	876	0	1	1
14744	44	147	850	0	1	1
14745	45	147	16264	0	1	1
14746	46	147	19488	0	1	1
14747	47	147	2512	0	1	1
14748	48	147	4274	0	1	0
14749	49	147	14910	0	1	0
14750	50	147	16948	0	1	0
14751	51	147	16529	0	1	0
14752	52	147	15103	0	1	0
14753	53	147	18135	0	1	0
14754	54	147	4012	0	1	0
14755	55	147	8308	0	1	0
14756	56	147	8309	0	1	0
14757	57	147	9861	0	1	0
14758	58	147	9665	0	1	0
14759	59	147	14487	0	1	0
14760	60	147	7972	0	1	0
14761	61	147	2577	0	1	0
14762	62	147	16524	0	0	2
14763	63	147	15872	0	0	2
14764	64	147	9669	0	0	2
14765	65	147	2478	0	0	2
14766	66	147	1315	0	0	2
14767	67	147	18838	0	0	2
14768	68	147	11783	0	0	2
14769	69	147	11387	0	0	1
14770	70	147	1962	0	0	1
14771	71	147	10774	0	0	1
14772	72	147	16707	0	0	1
14773	73	147	19038	0	0	1
14774	74	147	10698	0	0	1
14775	75	147	2157	0	0	1
14776	76	147	1222	0	0	1
14777	77	147	7647	0	0	1
14778	78	147	9322	0	0	1
14779	79	147	10627	0	0	1
14780	80	147	941	0	0	1
14781	81	147	5419	0	0	1
14782	82	147	10152	0	0	1
14783	83	147	12366	0	0	0
14784	84	147	6709	0	0	0
14785	85	147	4941	0	0	0
14786	86	147	6900	0	0	0
14787	87	147	17817	0	0	0
14788	88	147	19743	0	0	0
14789	89	147	5289	0	0	0
14790	90	147	13680	0	0	0
14791	91	147	5296	0	0	0
14792	92	147	15230	0	0	0
14793	93	147	4145	0	0	0
14794	94	147	5798	0	0	0
14795	95	147	15650	0	0	0
14796	96	147	15321	0	0	0
14797	97	147	14956	0	0	0
14798	98	147	4982	0	0	0
14799	99	147	9443	0	0	2
14800	0	148	593	0	2	3
14801	1	148	365	0	2	2
14802	2	148	418	0	2	2
14803	3	148	2644	0	2	1
14804	4	148	15022	0	2	1
14805	5	148	13579	0	2	1
14806	6	148	16152	0	2	1
14807	7	148	3610	0	2	1
14808	8	148	1067	0	2	1
14809	9	148	14890	0	2	1
14810	10	148	9597	0	2	0
14811	11	148	8019	0	2	0
14812	12	148	16594	0	2	0
14813	13	148	18069	0	2	0
14814	14	148	11713	0	2	0
14815	15	148	8615	0	2	0
14816	16	148	17111	0	2	0
14817	17	148	17927	0	1	3
14818	18	148	6922	0	1	2
14819	19	148	12283	0	1	2
14820	20	148	1300	0	1	2
14821	21	148	1301	0	1	2
14822	22	148	2300	0	1	2
14823	23	148	3406	0	1	2
14824	24	148	1408	0	1	2
14825	25	148	3895	0	1	2
14826	26	148	783	0	1	2
14827	27	148	10157	0	1	2
14828	28	148	15323	0	1	2
14829	29	148	5624	0	1	2
14830	30	148	18111	0	1	2
14831	31	148	5156	0	1	2
14832	32	148	1524	0	1	2
14833	33	148	8841	0	1	2
14834	34	148	5834	0	1	2
14835	35	148	1127	0	1	1
14836	36	148	6232	0	1	1
14837	37	148	10214	0	1	1
14838	38	148	4905	0	1	1
14839	39	148	6471	0	1	1
14840	40	148	8424	0	1	1
14841	41	148	18409	0	1	1
14842	42	148	849	0	1	1
14843	43	148	6926	0	1	1
14844	44	148	1140	0	1	1
14845	45	148	7104	0	1	1
14846	46	148	19470	0	1	1
14847	47	148	14159	0	1	1
14848	48	148	3810	0	1	1
14849	49	148	2753	0	1	0
14850	50	148	15112	0	1	0
14851	51	148	10880	0	1	0
14852	52	148	19144	0	1	0
14853	53	148	2956	0	1	0
14854	54	148	8447	0	1	0
14855	55	148	17899	0	1	0
14856	56	148	10158	0	1	0
14857	57	148	15871	0	1	0
14858	58	148	7945	0	1	0
14859	59	148	4179	0	1	0
14860	60	148	5962	0	1	0
14861	61	148	10829	0	1	0
14862	62	148	8008	0	1	0
14863	63	148	11293	0	1	0
14864	64	148	2674	0	1	0
14865	65	148	8147	0	1	0
14866	66	148	11153	0	1	0
14867	67	148	9835	0	1	0
14868	68	148	11661	0	1	0
14869	69	148	11202	0	0	2
14870	70	148	69	0	0	2
14871	71	148	5779	0	0	2
14872	72	148	3090	0	0	2
14873	73	148	3091	0	0	2
14874	74	148	3387	0	0	2
14875	75	148	10605	0	0	2
14876	76	148	6148	0	0	2
14877	77	148	12585	0	0	2
14878	78	148	14526	0	0	2
14879	79	148	6081	0	0	2
14880	80	148	1311	0	0	2
14881	81	148	15157	0	0	1
14882	82	148	13165	0	0	1
14883	83	148	17619	0	0	1
14884	84	148	11234	0	0	1
14885	85	148	14550	0	0	1
14886	86	148	2317	0	0	0
14887	87	148	14902	0	0	0
14888	88	148	10132	0	0	0
14889	89	148	6436	0	0	0
14890	90	148	13557	0	0	0
14891	91	148	3928	0	0	0
14892	92	148	2611	0	0	0
14893	93	148	12683	0	0	0
14894	94	148	4468	0	0	0
14895	95	148	8047	0	0	0
14896	96	148	5032	0	0	0
14897	97	148	4677	0	0	0
14898	98	148	9646	0	0	0
14899	99	148	11082	0	0	0
14900	0	149	8572	0	2	2
14901	1	149	5655	0	2	2
14902	2	149	10003	0	2	2
14903	3	149	3647	0	2	2
14904	4	149	4730	0	2	2
14905	5	149	10885	0	2	1
14906	6	149	1117	0	2	1
14907	7	149	15198	0	2	1
14908	8	149	6323	0	2	1
14909	9	149	12284	0	2	0
14910	10	149	12735	0	1	2
14911	11	149	2361	0	1	2
14912	12	149	9218	0	1	2
14913	13	149	1483	0	1	2
14914	14	149	2482	0	1	2
14915	15	149	11000	0	1	2
14916	16	149	1657	0	1	2
14917	17	149	2088	0	1	2
14918	18	149	16876	0	1	2
14919	19	149	5517	0	1	2
14920	20	149	18212	0	1	2
14921	21	149	424	0	1	2
14922	22	149	13092	0	1	2
14923	23	149	3696	0	1	2
14924	24	149	14718	0	1	2
14925	25	149	15851	0	1	2
14926	26	149	18911	0	1	2
14927	27	149	7880	0	1	2
14928	28	149	2227	0	1	2
14929	29	149	1348	0	1	2
14930	30	149	14610	0	1	2
14931	31	149	11377	0	1	1
14932	32	149	5043	0	1	1
14933	33	149	2225	0	1	1
14934	34	149	15610	0	1	1
14935	35	149	2208	0	1	1
14936	36	149	5582	0	1	1
14937	37	149	6954	0	1	1
14938	38	149	5691	0	1	1
14939	39	149	5692	0	1	1
14940	40	149	4661	0	1	1
14941	41	149	13130	0	1	1
14942	42	149	1304	0	1	1
14943	43	149	5104	0	1	1
14944	44	149	1679	0	1	1
14945	45	149	12092	0	1	1
14946	46	149	936	0	1	1
14947	47	149	19687	0	1	1
14948	48	149	16943	0	1	1
14949	49	149	1234	0	1	1
14950	50	149	19610	0	1	0
14951	51	149	18342	0	1	0
14952	52	149	15803	0	1	0
14953	53	149	11211	0	1	0
14954	54	149	16536	0	1	0
14955	55	149	1751	0	1	0
14956	56	149	17663	0	1	0
14957	57	149	1196	0	1	0
14958	58	149	11447	0	1	0
14959	59	149	5160	0	1	0
14960	60	149	18697	0	1	0
14961	61	149	2234	0	1	0
14962	62	149	13430	0	0	2
14963	63	149	11159	0	0	2
14964	64	149	1260	0	0	2
14965	65	149	14828	0	0	2
14966	66	149	18561	0	0	2
14967	67	149	10963	0	0	2
14968	68	149	2194	0	0	2
14969	69	149	438	0	0	2
14970	70	149	98	0	0	2
14971	71	149	12914	0	0	1
14972	72	149	15274	0	0	1
14973	73	149	1186	0	0	1
14974	74	149	3983	0	0	1
14975	75	149	10993	0	0	1
14976	76	149	12931	0	0	1
14977	77	149	14922	0	0	1
14978	78	149	4920	0	0	1
14979	79	149	4776	0	0	1
14980	80	149	10557	0	0	1
14981	81	149	16393	0	0	0
14982	82	149	12452	0	0	0
14983	83	149	4351	0	0	0
14984	84	149	7570	0	0	0
14985	85	149	15246	0	0	0
14986	86	149	6507	0	0	0
14987	87	149	17970	0	0	0
14988	88	149	17693	0	0	0
14989	89	149	19661	0	0	0
14990	90	149	5505	0	0	0
14991	91	149	15159	0	0	0
14992	92	149	12790	0	0	0
14993	93	149	4626	0	0	0
14994	94	149	6640	0	0	0
14995	95	149	9819	0	0	0
14996	96	149	4785	0	0	0
14997	97	149	14372	0	0	0
14998	98	149	10471	0	0	0
14999	99	149	13142	0	0	1
15000	0	150	17614	0	2	3
15001	1	150	8077	0	2	3
15002	2	150	1993	0	2	2
15003	3	150	1381	0	2	2
15004	4	150	3664	0	2	2
15005	5	150	3665	0	2	2
15006	6	150	3666	0	2	2
15007	7	150	2171	0	2	1
15008	8	150	2172	0	2	1
15009	9	150	1422	0	2	0
15010	10	150	15727	0	2	0
15011	11	150	4060	0	1	3
15012	12	150	18079	0	1	3
15013	13	150	6011	0	1	3
15014	14	150	2207	0	1	3
15015	15	150	7849	0	1	2
15016	16	150	19665	0	1	2
15017	17	150	12912	0	1	2
15018	18	150	276	0	1	2
15019	19	150	15196	0	1	2
15020	20	150	293	0	1	2
15021	21	150	3767	0	1	2
15022	22	150	4834	0	1	2
15023	23	150	5080	0	1	2
15024	24	150	10770	0	1	2
15025	25	150	17672	0	1	2
15026	26	150	18817	0	1	2
15027	27	150	6734	0	1	2
15028	28	150	6934	0	1	2
15029	29	150	727	0	1	2
15030	30	150	4556	0	1	2
15031	31	150	5743	0	1	2
15032	32	150	3887	0	1	2
15033	33	150	15773	0	1	1
15034	34	150	16621	0	1	1
15035	35	150	6026	0	1	1
15036	36	150	8343	0	1	1
15037	37	150	4177	0	1	1
15038	38	150	4178	0	1	1
15039	39	150	4792	0	1	1
15040	40	150	3750	0	1	1
15041	41	150	19158	0	1	1
15042	42	150	14781	0	1	1
15043	43	150	5788	0	1	1
15044	44	150	8187	0	1	1
15045	45	150	17460	0	1	1
15046	46	150	16159	0	1	1
15047	47	150	10924	0	1	1
15048	48	150	6077	0	1	1
15049	49	150	14453	0	1	1
15050	50	150	14458	0	1	1
15051	51	150	14080	0	1	0
15052	52	150	18583	0	1	0
15053	53	150	6827	0	1	0
15054	54	150	5265	0	1	0
15055	55	150	5922	0	1	0
15056	56	150	7399	0	1	0
15057	57	150	15643	0	1	0
15058	58	150	19207	0	1	0
15059	59	150	18496	0	1	0
15060	60	150	3723	0	1	0
15061	61	150	16976	0	1	0
15062	62	150	4870	0	1	0
15063	63	150	18373	0	1	0
15064	64	150	12682	0	1	0
15065	65	150	12107	0	1	0
15066	66	150	13340	0	1	0
15067	67	150	1545	0	1	0
15068	68	150	6489	0	1	0
15069	69	150	212	0	0	2
15070	70	150	7821	0	0	2
15071	71	150	487	0	0	2
15072	72	150	9600	0	0	2
15073	73	150	14377	0	0	2
15074	74	150	19210	0	0	2
15075	75	150	1382	0	0	2
15076	76	150	3110	0	0	2
15077	77	150	2614	0	0	2
15078	78	150	17930	0	0	2
15079	79	150	4857	0	0	2
15080	80	150	11971	0	0	2
15081	81	150	6275	0	0	1
15082	82	150	4538	0	0	1
15083	83	150	1224	0	0	1
15084	84	150	11106	0	0	1
15085	85	150	13154	0	0	1
15086	86	150	2173	0	0	1
15087	87	150	18971	0	0	1
15088	88	150	10848	0	0	1
15089	89	150	15604	0	0	0
15090	90	150	8001	0	0	0
15091	91	150	5370	0	0	0
15092	92	150	13135	0	0	0
15093	93	150	1472	0	0	0
15094	94	150	12647	0	0	0
15095	95	150	5528	0	0	0
15096	96	150	16442	0	0	0
15097	97	150	18060	0	0	0
15098	98	150	9363	0	0	0
15099	99	150	7436	0	0	3
15100	0	151	630	0	2	2
15101	1	151	2139	0	2	2
15102	2	151	184	0	2	2
15103	3	151	18081	0	2	2
15104	4	151	3221	0	2	2
15105	5	151	16462	0	2	2
15106	6	151	17125	0	2	2
15107	7	151	400	0	2	2
15108	8	151	7050	0	2	1
15109	9	151	16169	0	2	1
15110	10	151	12831	0	2	1
15111	11	151	9617	0	2	0
15112	12	151	12778	0	2	0
15113	13	151	5266	0	2	0
15114	14	151	13877	0	1	3
15115	15	151	18435	0	1	3
15116	16	151	12548	0	1	3
15117	17	151	19094	0	1	3
15118	18	151	2146	0	1	2
15119	19	151	1454	0	1	2
15120	20	151	18404	0	1	2
15121	21	151	247	0	1	2
15122	22	151	19465	0	1	2
15123	23	151	347	0	1	2
15124	24	151	10114	0	1	2
15125	25	151	3918	0	1	2
15126	26	151	17091	0	1	2
15127	27	151	16324	0	1	2
15128	28	151	13188	0	1	2
15129	29	151	6386	0	1	2
15130	30	151	9165	0	1	2
15131	31	151	19703	0	1	2
15132	32	151	17181	0	1	2
15133	33	151	577	0	1	2
15134	34	151	2163	0	1	2
15135	35	151	1328	0	1	1
15136	36	151	3706	0	1	1
15137	37	151	1319	0	1	1
15138	38	151	7917	0	1	1
15139	39	151	1373	0	1	1
15140	40	151	7182	0	1	1
15141	41	151	1085	0	1	1
15142	42	151	13409	0	1	1
15143	43	151	13030	0	1	1
15144	44	151	839	0	1	1
15145	45	151	2211	0	1	1
15146	46	151	17429	0	1	1
15147	47	151	1933	0	1	1
15148	48	151	13153	0	1	1
15149	49	151	1500	0	1	1
15150	50	151	6941	0	1	1
15151	51	151	9834	0	1	0
15152	52	151	1822	0	1	0
15153	53	151	1486	0	1	0
15154	54	151	18793	0	1	0
15155	55	151	13254	0	1	0
15156	56	151	5930	0	1	0
15157	57	151	3769	0	1	0
15158	58	151	9341	0	1	0
15159	59	151	2739	0	1	0
15160	60	151	9277	0	1	0
15161	61	151	5342	0	1	0
15162	62	151	18913	0	1	0
15163	63	151	1399	0	1	0
15164	64	151	2649	0	1	0
15165	65	151	16909	0	1	0
15166	66	151	1872	0	1	0
15167	67	151	2962	0	0	2
15168	68	151	2145	0	0	2
15169	69	151	8782	0	0	2
15170	70	151	6015	0	0	2
15171	71	151	14796	0	0	2
15172	72	151	4410	0	0	2
15173	73	151	4489	0	0	2
15174	74	151	18946	0	0	2
15175	75	151	18064	0	0	2
15176	76	151	5838	0	0	2
15177	77	151	4284	0	0	2
15178	78	151	4074	0	0	1
15179	79	151	6927	0	0	1
15180	80	151	4360	0	0	1
15181	81	151	6069	0	0	1
15182	82	151	15685	0	0	1
15183	83	151	11006	0	0	1
15184	84	151	19430	0	0	1
15185	85	151	17641	0	0	1
15186	86	151	983	0	0	1
15187	87	151	8402	0	0	1
15188	88	151	1643	0	0	0
15189	89	151	1375	0	0	0
15190	90	151	8682	0	0	0
15191	91	151	17652	0	0	0
15192	92	151	14762	0	0	0
15193	93	151	4750	0	0	0
15194	94	151	10696	0	0	0
15195	95	151	19483	0	0	0
15196	96	151	1263	0	0	0
15197	97	151	10413	0	0	0
15198	98	151	10354	0	0	0
15199	99	151	13411	0	0	0
15200	0	152	18070	0	2	2
15201	1	152	10475	0	2	2
15202	2	152	7331	0	2	2
15203	3	152	49	0	2	2
15204	4	152	7267	0	2	1
15205	5	152	19718	0	2	1
15206	6	152	7768	0	2	0
15207	7	152	6605	0	2	0
15208	8	152	15453	0	2	0
15209	9	152	9478	0	2	0
15210	10	152	7406	0	1	2
15211	11	152	17626	0	1	2
15212	12	152	19056	0	1	2
15213	13	152	1384	0	1	2
15214	14	152	1838	0	1	2
15215	15	152	3167	0	1	2
15216	16	152	6298	0	1	2
15217	17	152	6321	0	1	2
15218	18	152	6352	0	1	2
15219	19	152	2803	0	1	2
15220	20	152	7955	0	1	2
15221	21	152	4244	0	1	2
15222	22	152	4298	0	1	2
15223	23	152	1401	0	1	2
15224	24	152	2325	0	1	2
15225	25	152	2501	0	1	2
15226	26	152	2504	0	1	2
15227	27	152	11149	0	1	2
15228	28	152	11374	0	1	2
15229	29	152	541	0	1	2
15230	30	152	1633	0	1	2
15231	31	152	19367	0	1	1
15232	32	152	1460	0	1	1
15233	33	152	18794	0	1	1
15234	34	152	17858	0	1	1
15235	35	152	19757	0	1	1
15236	36	152	1839	0	1	1
15237	37	152	10451	0	1	1
15238	38	152	15618	0	1	1
15239	39	152	3141	0	1	1
15240	40	152	8420	0	1	1
15241	41	152	17942	0	1	1
15242	42	152	14825	0	1	1
15243	43	152	5492	0	1	1
15244	44	152	974	0	1	1
15245	45	152	10763	0	1	1
15246	46	152	3404	0	1	1
15247	47	152	17418	0	1	1
15248	48	152	18201	0	1	1
15249	49	152	5258	0	1	1
15250	50	152	19667	0	1	1
15251	51	152	19668	0	1	1
15252	52	152	4330	0	1	1
15253	53	152	3446	0	1	1
15254	54	152	7639	0	1	1
15255	55	152	18512	0	1	0
15256	56	152	11453	0	1	0
15257	57	152	7597	0	1	0
15258	58	152	14431	0	1	0
15259	59	152	2042	0	1	0
15260	60	152	14277	0	1	0
15261	61	152	9695	0	1	0
15262	62	152	10159	0	1	0
15263	63	152	8448	0	1	0
15264	64	152	7415	0	1	0
15265	65	152	6504	0	1	0
15266	66	152	3561	0	1	0
15267	67	152	3657	0	1	0
15268	68	152	12580	0	1	0
15269	69	152	18047	0	1	0
15270	70	152	18527	0	1	0
15271	71	152	2167	0	1	0
15272	72	152	1341	0	1	0
15273	73	152	2265	0	1	0
15274	74	152	19527	0	0	2
15275	75	152	13995	0	0	2
15276	76	152	101	0	0	2
15277	77	152	14727	0	0	2
15278	78	152	5573	0	0	2
15279	79	152	17997	0	0	2
15280	80	152	7385	0	0	2
15281	81	152	9542	0	0	1
15282	82	152	14869	0	0	1
15283	83	152	11811	0	0	1
15284	84	152	1095	0	0	1
15285	85	152	6668	0	0	1
15286	86	152	15550	0	0	1
15287	87	152	17919	0	0	1
15288	88	152	5633	0	0	1
15289	89	152	3547	0	0	1
15290	90	152	18128	0	0	1
15291	91	152	18164	0	0	0
15292	92	152	4149	0	0	0
15293	93	152	7287	0	0	0
15294	94	152	10189	0	0	0
15295	95	152	8684	0	0	0
15296	96	152	12368	0	0	0
15297	97	152	2260	0	0	0
15298	98	152	19655	0	0	0
15299	99	152	6327	0	0	3
15300	0	153	4896	0	2	2
15301	1	153	19394	0	2	2
15302	2	153	16168	0	2	2
15303	3	153	6839	0	2	2
15304	4	153	18301	0	2	2
15305	5	153	15923	0	2	0
15306	6	153	7237	0	2	0
15307	7	153	13076	0	2	0
15308	8	153	5718	0	1	3
15309	9	153	5719	0	1	3
15310	10	153	5868	0	1	2
15311	11	153	15599	0	1	2
15312	12	153	68	0	1	2
15313	13	153	11358	0	1	2
15314	14	153	2093	0	1	2
15315	15	153	5468	0	1	2
15316	16	153	5469	0	1	2
15317	17	153	5593	0	1	2
15318	18	153	4467	0	1	2
15319	19	153	14334	0	1	2
15320	20	153	10559	0	1	2
15321	21	153	5638	0	1	2
15322	22	153	2827	0	1	2
15323	23	153	3380	0	1	2
15324	24	153	5731	0	1	2
15325	25	153	13807	0	1	2
15326	26	153	15432	0	1	2
15327	27	153	1820	0	1	2
15328	28	153	6152	0	1	2
15329	29	153	7290	0	1	2
15330	30	153	3763	0	1	2
15331	31	153	3877	0	1	2
15332	32	153	12459	0	1	1
15333	33	153	13758	0	1	1
15334	34	153	976	0	1	1
15335	35	153	5054	0	1	1
15336	36	153	15241	0	1	1
15337	37	153	15242	0	1	1
15338	38	153	2231	0	1	1
15339	39	153	1089	0	1	1
15340	40	153	2209	0	1	1
15341	41	153	1229	0	1	1
15342	42	153	2615	0	1	1
15343	43	153	9524	0	1	1
15344	44	153	12824	0	1	1
15345	45	153	14099	0	1	1
15346	46	153	1020	0	1	1
15347	47	153	5833	0	1	1
15348	48	153	919	0	1	1
15349	49	153	1495	0	1	1
15350	50	153	3780	0	1	0
15351	51	153	19157	0	1	0
15352	52	153	6254	0	1	0
15353	53	153	5436	0	1	0
15354	54	153	10760	0	1	0
15355	55	153	19088	0	1	0
15356	56	153	14319	0	1	0
15357	57	153	18217	0	1	0
15358	58	153	9694	0	1	0
15359	59	153	19286	0	1	0
15360	60	153	9193	0	1	0
15361	61	153	18595	0	1	0
15362	62	153	1464	0	1	0
15363	63	153	13388	0	0	2
15364	64	153	1760	0	0	2
15365	65	153	9974	0	0	2
15366	66	153	4000	0	0	2
15367	67	153	17673	0	0	2
15368	68	153	4089	0	0	2
15369	69	153	5493	0	0	2
15370	70	153	5227	0	0	2
15371	71	153	15731	0	0	2
15372	72	153	19529	0	0	2
15373	73	153	16588	0	0	2
15374	74	153	6347	0	0	2
15375	75	153	6348	0	0	2
15376	76	153	15845	0	0	1
15377	77	153	5762	0	0	1
15378	78	153	8764	0	0	1
15379	79	153	7473	0	0	1
15380	80	153	3662	0	0	1
15381	81	153	16818	0	0	1
15382	82	153	18880	0	0	1
15383	83	153	5286	0	0	1
15384	84	153	1208	0	0	1
15385	85	153	11584	0	0	1
15386	86	153	19670	0	0	0
15387	87	153	1258	0	0	0
15388	88	153	15892	0	0	0
15389	89	153	5402	0	0	0
15390	90	153	6353	0	0	0
15391	91	153	11407	0	0	0
15392	92	153	9700	0	0	0
15393	93	153	5749	0	0	0
15394	94	153	12525	0	0	0
15395	95	153	18732	0	0	0
15396	96	153	5242	0	0	0
15397	97	153	12507	0	0	0
15398	98	153	8379	0	0	0
15399	99	153	19720	0	0	0
15400	0	154	17158	0	2	2
15401	1	154	3494	0	2	2
15402	2	154	7369	0	2	2
15403	3	154	11139	0	2	2
15404	4	154	14639	0	2	2
15405	5	154	950	0	2	1
15406	6	154	1744	0	2	1
15407	7	154	10052	0	2	0
15408	8	154	12510	0	2	0
15409	9	154	19258	0	2	0
15410	10	154	12799	0	1	3
15411	11	154	1860	0	1	2
15412	12	154	10020	0	1	2
15413	13	154	2794	0	1	2
15414	14	154	7109	0	1	2
15415	15	154	2607	0	1	2
15416	16	154	6399	0	1	2
15417	17	154	15842	0	1	2
15418	18	154	468	0	1	2
15419	19	154	1481	0	1	2
15420	20	154	16570	0	1	2
15421	21	154	5948	0	1	2
15422	22	154	10030	0	1	2
15423	23	154	19163	0	1	2
15424	24	154	5061	0	1	2
15425	25	154	5062	0	1	2
15426	26	154	1980	0	1	2
15427	27	154	3697	0	1	2
15428	28	154	11533	0	1	2
15429	29	154	1552	0	1	2
15430	30	154	4909	0	1	2
15431	31	154	3339	0	1	1
15432	32	154	5252	0	1	1
15433	33	154	5639	0	1	1
15434	34	154	3443	0	1	1
15435	35	154	848	0	1	1
15436	36	154	9282	0	1	1
15437	37	154	18571	0	1	1
15438	38	154	2253	0	1	1
15439	39	154	9413	0	1	1
15440	40	154	13524	0	1	1
15441	41	154	19826	0	1	1
15442	42	154	16697	0	1	1
15443	43	154	2849	0	1	1
15444	44	154	11843	0	1	1
15445	45	154	16996	0	1	1
15446	46	154	14777	0	1	1
15447	47	154	9618	0	1	1
15448	48	154	8059	0	1	1
15449	49	154	17742	0	1	1
15450	50	154	11260	0	1	1
15451	51	154	7070	0	1	0
15452	52	154	9972	0	1	0
15453	53	154	11705	0	1	0
15454	54	154	14939	0	1	0
15455	55	154	15243	0	1	0
15456	56	154	15823	0	1	0
15457	57	154	14470	0	1	0
15458	58	154	4880	0	1	0
15459	59	154	14090	0	1	0
15460	60	154	10908	0	1	0
15461	61	154	6772	0	1	0
15462	62	154	8691	0	1	0
15463	63	154	11177	0	1	0
15464	64	154	12893	0	1	0
15465	65	154	13369	0	1	0
15466	66	154	15039	0	1	0
15467	67	154	19222	0	1	0
15468	68	154	13803	0	1	0
15469	69	154	14950	0	0	2
15470	70	154	19658	0	0	2
15471	71	154	16650	0	0	2
15472	72	154	568	0	0	2
15473	73	154	6008	0	0	2
15474	74	154	5649	0	0	2
15475	75	154	6501	0	0	2
15476	76	154	14367	0	0	2
15477	77	154	1496	0	0	1
15478	78	154	8595	0	0	1
15479	79	154	14538	0	0	1
15480	80	154	17809	0	0	1
15481	81	154	6816	0	0	1
15482	82	154	1322	0	0	1
15483	83	154	18755	0	0	1
15484	84	154	17017	0	0	1
15485	85	154	9034	0	0	1
15486	86	154	8043	0	0	1
15487	87	154	7619	0	0	1
15488	88	154	15359	0	0	1
15489	89	154	9601	0	0	0
15490	90	154	9624	0	0	0
15491	91	154	6344	0	0	0
15492	92	154	13381	0	0	0
15493	93	154	18594	0	0	0
15494	94	154	13375	0	0	0
15495	95	154	11487	0	0	0
15496	96	154	9302	0	0	0
15497	97	154	2235	0	0	0
15498	98	154	5091	0	0	0
15499	99	154	7184	0	0	2
15500	0	155	5074	0	2	2
15501	1	155	8571	0	2	2
15502	2	155	278	0	2	2
15503	3	155	389	0	2	2
15504	4	155	1640	0	2	2
15505	5	155	3737	0	2	2
15506	6	155	1717	0	2	1
15507	7	155	3399	0	2	1
15508	8	155	8237	0	2	1
15509	9	155	3093	0	2	1
15510	10	155	8581	0	2	0
15511	11	155	1592	0	2	0
15512	12	155	18414	0	1	3
15513	13	155	10040	0	1	3
15514	14	155	6134	0	1	2
15515	15	155	5332	0	1	2
15516	16	155	305	0	1	2
15517	17	155	6872	0	1	2
15518	18	155	13077	0	1	2
15519	19	155	15071	0	1	2
15520	20	155	1917	0	1	2
15521	21	155	4192	0	1	2
15522	22	155	7922	0	1	2
15523	23	155	9717	0	1	2
15524	24	155	12007	0	1	2
15525	25	155	14680	0	1	2
15526	26	155	15755	0	1	2
15527	27	155	1440	0	1	2
15528	28	155	19017	0	1	2
15529	29	155	5223	0	1	2
15530	30	155	12984	0	1	2
15531	31	155	17604	0	1	2
15532	32	155	16786	0	1	2
15533	33	155	6611	0	1	1
15534	34	155	19299	0	1	1
15535	35	155	3836	0	1	1
15536	36	155	15810	0	1	1
15537	37	155	17102	0	1	1
15538	38	155	18922	0	1	1
15539	39	155	19138	0	1	1
15540	40	155	19460	0	1	1
15541	41	155	11203	0	1	1
15542	42	155	2733	0	1	1
15543	43	155	1404	0	1	1
15544	44	155	2603	0	1	1
15545	45	155	5030	0	1	1
15546	46	155	16133	0	1	1
15547	47	155	19835	0	1	1
15548	48	155	2175	0	1	1
15549	49	155	1499	0	1	0
15550	50	155	16553	0	1	0
15551	51	155	18700	0	1	0
15552	52	155	11174	0	1	0
15553	53	155	11518	0	1	0
15554	54	155	13981	0	1	0
15555	55	155	12725	0	1	0
15556	56	155	17298	0	1	0
15557	57	155	19049	0	1	0
15558	58	155	12058	0	1	0
15559	59	155	1443	0	1	0
15560	60	155	749	0	0	2
15561	61	155	4838	0	0	2
15562	62	155	12597	0	0	2
15563	63	155	13084	0	0	2
15564	64	155	18478	0	0	2
15565	65	155	1374	0	0	2
15566	66	155	7256	0	0	2
15567	67	155	5732	0	0	2
15568	68	155	13962	0	0	2
15569	69	155	17887	0	0	2
15570	70	155	18484	0	0	2
15571	71	155	2223	0	0	2
15572	72	155	7877	0	0	2
15573	73	155	14731	0	0	1
15574	74	155	5565	0	0	1
15575	75	155	4459	0	0	1
15576	76	155	19727	0	0	1
15577	77	155	13794	0	0	1
15578	78	155	13924	0	0	1
15579	79	155	15140	0	0	1
15580	80	155	17558	0	0	1
15581	81	155	4335	0	0	0
15582	82	155	10565	0	0	0
15583	83	155	13869	0	0	0
15584	84	155	9959	0	0	0
15585	85	155	11682	0	0	0
15586	86	155	15172	0	0	0
15587	87	155	5434	0	0	0
15588	88	155	15743	0	0	0
15589	89	155	19793	0	0	0
15590	90	155	12987	0	0	0
15591	91	155	5673	0	0	0
15592	92	155	6556	0	0	0
15593	93	155	9191	0	0	0
15594	94	155	13957	0	0	0
15595	95	155	19350	0	0	0
15596	96	155	6313	0	0	0
15597	97	155	6791	0	0	0
15598	98	155	6175	0	0	0
15599	99	155	13476	0	0	0
15600	0	156	15271	0	2	2
15601	1	156	1244	0	2	2
15602	2	156	7811	0	2	1
15603	3	156	2193	0	2	1
15604	4	156	11729	0	2	1
15605	5	156	15153	0	2	1
15606	6	156	7079	0	2	0
15607	7	156	16346	0	2	0
15608	8	156	7214	0	2	0
15609	9	156	3707	0	1	3
15610	10	156	7751	0	1	3
15611	11	156	9134	0	1	2
15612	12	156	11250	0	1	2
15613	13	156	271	0	1	2
15614	14	156	362	0	1	2
15615	15	156	2914	0	1	2
15616	16	156	9804	0	1	2
15617	17	156	12417	0	1	2
15618	18	156	72	0	1	2
15619	19	156	7009	0	1	2
15620	20	156	9394	0	1	2
15621	21	156	687	0	1	2
15622	22	156	1329	0	1	2
15623	23	156	7898	0	1	2
15624	24	156	19698	0	1	2
15625	25	156	1647	0	1	2
15626	26	156	180	0	1	2
15627	27	156	7332	0	1	2
15628	28	156	2070	0	1	2
15629	29	156	4698	0	1	2
15630	30	156	236	0	1	2
15631	31	156	458	0	1	2
15632	32	156	4183	0	1	2
15633	33	156	5206	0	1	2
15634	34	156	10196	0	1	2
15635	35	156	2050	0	1	1
15636	36	156	1913	0	1	1
15637	37	156	2742	0	1	1
15638	38	156	19681	0	1	1
15639	39	156	2711	0	1	1
15640	40	156	11161	0	1	1
15641	41	156	11659	0	1	1
15642	42	156	14765	0	1	1
15643	43	156	13192	0	1	1
15644	44	156	11057	0	1	1
15645	45	156	13567	0	1	1
15646	46	156	12235	0	1	1
15647	47	156	9864	0	1	1
15648	48	156	5556	0	1	1
15649	49	156	16419	0	1	1
15650	50	156	5413	0	1	1
15651	51	156	15451	0	1	1
15652	52	156	4125	0	1	1
15653	53	156	9936	0	1	1
15654	54	156	13383	0	1	1
15655	55	156	14313	0	1	0
15656	56	156	9631	0	1	0
15657	57	156	11907	0	1	0
15658	58	156	16526	0	1	0
15659	59	156	9462	0	1	0
15660	60	156	14778	0	1	0
15661	61	156	18400	0	1	0
15662	62	156	10069	0	1	0
15663	63	156	11846	0	1	0
15664	64	156	19519	0	1	0
15665	65	156	6446	0	1	0
15666	66	156	5538	0	1	0
15667	67	156	1225	0	1	0
15668	68	156	6406	0	1	0
15669	69	156	19682	0	0	2
15670	70	156	9046	0	0	2
15671	71	156	12097	0	0	2
15672	72	156	11189	0	0	2
15673	73	156	19063	0	0	2
15674	74	156	17019	0	0	2
15675	75	156	492	0	0	2
15676	76	156	10650	0	0	1
15677	77	156	15792	0	0	1
15678	78	156	10442	0	0	1
15679	79	156	11359	0	0	1
15680	80	156	4675	0	0	1
15681	81	156	4264	0	0	1
15682	82	156	14422	0	0	1
15683	83	156	8123	0	0	1
15684	84	156	8488	0	0	1
15685	85	156	5768	0	0	0
15686	86	156	13203	0	0	0
15687	87	156	19603	0	0	0
15688	88	156	12935	0	0	0
15689	89	156	19663	0	0	0
15690	90	156	3523	0	0	0
15691	91	156	4640	0	0	0
15692	92	156	9736	0	0	0
15693	93	156	16424	0	0	0
15694	94	156	17465	0	0	0
15695	95	156	6869	0	0	0
15696	96	156	6632	0	0	0
15697	97	156	9186	0	0	0
15698	98	156	11787	0	0	0
15699	99	156	11802	0	0	2
15700	0	157	2632	0	2	2
15701	1	157	12669	0	2	0
15702	2	157	14379	0	1	3
15703	3	157	2578	0	1	3
15704	4	157	15127	0	1	3
15705	5	157	3484	0	1	3
15706	6	157	3485	0	1	3
15707	7	157	15093	0	1	2
15708	8	157	27	0	1	2
15709	9	157	115	0	1	2
15710	10	157	265	0	1	2
15711	11	157	16651	0	1	2
15712	12	157	17082	0	1	2
15713	13	157	8497	0	1	2
15714	14	157	2089	0	1	2
15715	15	157	1518	0	1	2
15716	16	157	207	0	1	2
15717	17	157	2514	0	1	2
15718	18	157	3103	0	1	2
15719	19	157	9238	0	1	2
15720	20	157	10619	0	1	2
15721	21	157	11417	0	1	2
15722	22	157	11476	0	1	2
15723	23	157	3461	0	1	2
15724	24	157	2958	0	1	2
15725	25	157	12649	0	1	2
15726	26	157	651	0	1	2
15727	27	157	1273	0	1	2
15728	28	157	2715	0	1	2
15729	29	157	9492	0	1	2
15730	30	157	15164	0	1	2
15731	31	157	14443	0	1	1
15732	32	157	8222	0	1	1
15733	33	157	12775	0	1	1
15734	34	157	19778	0	1	1
15735	35	157	17662	0	1	1
15736	36	157	2120	0	1	1
15737	37	157	16699	0	1	1
15738	38	157	17585	0	1	1
15739	39	157	9607	0	1	1
15740	40	157	9636	0	1	1
15741	41	157	10378	0	1	1
15742	42	157	12188	0	1	1
15743	43	157	13237	0	1	1
15744	44	157	14427	0	1	1
15745	45	157	17114	0	1	1
15746	46	157	18805	0	1	1
15747	47	157	11628	0	1	1
15748	48	157	1385	0	1	1
15749	49	157	17995	0	1	1
15750	50	157	13948	0	1	0
15751	51	157	14105	0	1	0
15752	52	157	16654	0	1	0
15753	53	157	17157	0	1	0
15754	54	157	18556	0	1	0
15755	55	157	11603	0	1	0
15756	56	157	5539	0	1	0
15757	57	157	18874	0	1	0
15758	58	157	11031	0	1	0
15759	59	157	1569	0	1	0
15760	60	157	7745	0	1	0
15761	61	157	2830	0	1	0
15762	62	157	3748	0	1	0
15763	63	157	8101	0	1	0
15764	64	157	12218	0	1	0
15765	65	157	15070	0	1	0
15766	66	157	16758	0	1	0
15767	67	157	17421	0	1	0
15768	68	157	11513	0	1	0
15769	69	157	15563	0	1	0
15770	70	157	8710	0	0	3
15771	71	157	18349	0	0	2
15772	72	157	843	0	0	2
15773	73	157	4780	0	0	2
15774	74	157	262	0	0	2
15775	75	157	19168	0	0	2
15776	76	157	157	0	0	2
15777	77	157	4496	0	0	2
15778	78	157	7850	0	0	2
15779	79	157	18138	0	0	2
15780	80	157	4740	0	0	2
15781	81	157	9278	0	0	1
15782	82	157	13650	0	0	1
15783	83	157	17318	0	0	0
15784	84	157	6294	0	0	0
15785	85	157	8300	0	0	0
15786	86	157	859	0	0	0
15787	87	157	10562	0	0	0
15788	88	157	16592	0	0	0
15789	89	157	1423	0	0	0
15790	90	157	5105	0	0	0
15791	91	157	10918	0	0	0
15792	92	157	12789	0	0	0
15793	93	157	16400	0	0	0
15794	94	157	16861	0	0	0
15795	95	157	17577	0	0	0
15796	96	157	18390	0	0	0
15797	97	157	12758	0	0	0
15798	98	157	15020	0	0	0
15799	99	157	15911	0	0	0
15800	0	158	368	0	2	3
15801	1	158	8225	0	2	2
15802	2	158	9324	0	2	1
15803	3	158	15521	0	2	1
15804	4	158	1513	0	2	1
15805	5	158	3367	0	2	1
15806	6	158	3939	0	2	0
15807	7	158	15690	0	1	3
15808	8	158	2293	0	1	3
15809	9	158	1283	0	1	2
15810	10	158	17149	0	1	2
15811	11	158	43	0	1	2
15812	12	158	6998	0	1	2
15813	13	158	11102	0	1	2
15814	14	158	1420	0	1	2
15815	15	158	1421	0	1	2
15816	16	158	3675	0	1	2
15817	17	158	16365	0	1	2
15818	18	158	7506	0	1	2
15819	19	158	2200	0	1	2
15820	20	158	10351	0	1	2
15821	21	158	5770	0	1	2
15822	22	158	6689	0	1	2
15823	23	158	18609	0	1	2
15824	24	158	19685	0	1	2
15825	25	158	1235	0	1	2
15826	26	158	4312	0	1	2
15827	27	158	14645	0	1	2
15828	28	158	6493	0	1	2
15829	29	158	3695	0	1	2
15830	30	158	439	0	1	2
15831	31	158	2036	0	1	2
15832	32	158	2527	0	1	2
15833	33	158	9766	0	1	1
15834	34	158	9728	0	1	1
15835	35	158	3448	0	1	1
15836	36	158	6042	0	1	1
15837	37	158	18474	0	1	1
15838	38	158	18356	0	1	1
15839	39	158	1764	0	1	1
15840	40	158	2245	0	1	1
15841	41	158	7628	0	1	1
15842	42	158	15996	0	1	1
15843	43	158	3501	0	1	1
15844	44	158	4151	0	1	1
15845	45	158	1588	0	1	1
15846	46	158	8628	0	1	1
15847	47	158	7520	0	1	1
15848	48	158	4720	0	1	1
15849	49	158	18408	0	1	0
15850	50	158	16018	0	1	0
15851	51	158	17239	0	1	0
15852	52	158	8112	0	1	0
15853	53	158	11227	0	1	0
15854	54	158	12694	0	1	0
15855	55	158	14365	0	1	0
15856	56	158	5828	0	1	0
15857	57	158	12228	0	1	0
15858	58	158	2149	0	1	0
15859	59	158	6666	0	1	0
15860	60	158	6982	0	1	0
15861	61	158	8868	0	1	0
15862	62	158	10523	0	1	0
15863	63	158	16885	0	1	0
15864	64	158	18633	0	1	0
15865	65	158	19195	0	1	0
15866	66	158	6461	0	1	0
15867	67	158	15067	0	1	0
15868	68	158	16562	0	1	0
15869	69	158	6549	0	0	2
15870	70	158	4599	0	0	2
15871	71	158	10986	0	0	2
15872	72	158	2131	0	0	2
15873	73	158	471	0	0	2
15874	74	158	14236	0	0	2
15875	75	158	18555	0	0	2
15876	76	158	175	0	0	2
15877	77	158	6365	0	0	2
15878	78	158	18296	0	0	1
15879	79	158	6261	0	0	1
15880	80	158	7024	0	0	1
15881	81	158	5475	0	0	1
15882	82	158	13722	0	0	1
15883	83	158	13225	0	0	1
15884	84	158	6356	0	0	1
15885	85	158	19114	0	0	0
15886	86	158	5177	0	0	0
15887	87	158	18882	0	0	0
15888	88	158	15142	0	0	0
15889	89	158	12332	0	0	0
15890	90	158	13316	0	0	0
15891	91	158	15490	0	0	0
15892	92	158	16091	0	0	0
15893	93	158	17967	0	0	0
15894	94	158	19186	0	0	0
15895	95	158	19123	0	0	0
15896	96	158	13370	0	0	0
15897	97	158	14113	0	0	0
15898	98	158	2815	0	0	0
15899	99	158	4282	0	0	2
15900	0	159	14333	0	2	2
15901	1	159	1339	0	2	2
15902	2	159	11127	0	2	2
15903	3	159	14311	0	2	2
15904	4	159	14571	0	2	1
15905	5	159	7384	0	2	1
15906	6	159	16719	0	2	1
15907	7	159	14601	0	2	0
15908	8	159	18783	0	1	3
15909	9	159	11347	0	1	3
15910	10	159	6316	0	1	2
15911	11	159	7193	0	1	2
15912	12	159	8235	0	1	2
15913	13	159	9998	0	1	2
15914	14	159	12777	0	1	2
15915	15	159	13110	0	1	2
15916	16	159	12523	0	1	2
15917	17	159	11016	0	1	2
15918	18	159	745	0	1	2
15919	19	159	11978	0	1	2
15920	20	159	6280	0	1	2
15921	21	159	10496	0	1	2
15922	22	159	3102	0	1	2
15923	23	159	13673	0	1	2
15924	24	159	714	0	1	2
15925	25	159	1410	0	1	2
15926	26	159	2724	0	1	2
15927	27	159	2725	0	1	2
15928	28	159	15324	0	1	2
15929	29	159	1673	0	1	2
15930	30	159	4772	0	1	2
15931	31	159	12231	0	1	2
15932	32	159	1786	0	1	2
15933	33	159	11483	0	1	2
15934	34	159	4900	0	1	1
15935	35	159	6167	0	1	1
15936	36	159	10009	0	1	1
15937	37	159	10789	0	1	1
15938	38	159	18818	0	1	1
15939	39	159	18362	0	1	1
15940	40	159	2870	0	1	1
15941	41	159	14238	0	1	1
15942	42	159	18929	0	1	1
15943	43	159	2734	0	1	1
15944	44	159	951	0	1	1
15945	45	159	4098	0	1	1
15946	46	159	5119	0	1	1
15947	47	159	7700	0	1	1
15948	48	159	10719	0	1	1
15949	49	159	14052	0	1	1
15950	50	159	17589	0	1	1
15951	51	159	1096	0	1	1
15952	52	159	15779	0	1	1
15953	53	159	8333	0	1	1
15954	54	159	8535	0	1	0
15955	55	159	17230	0	1	0
15956	56	159	6631	0	1	0
15957	57	159	9489	0	1	0
15958	58	159	1804	0	1	0
15959	59	159	1957	0	1	0
15960	60	159	12709	0	1	0
15961	61	159	15200	0	1	0
15962	62	159	17815	0	1	0
15963	63	159	18076	0	1	0
15964	64	159	18533	0	1	0
15965	65	159	3299	0	1	0
15966	66	159	15741	0	1	0
15967	67	159	4741	0	0	2
15968	68	159	484	0	0	2
15969	69	159	12676	0	0	2
15970	70	159	3263	0	0	2
15971	71	159	7322	0	0	2
15972	72	159	7323	0	0	2
15973	73	159	16403	0	0	2
15974	74	159	11275	0	0	2
15975	75	159	12015	0	0	1
15976	76	159	15975	0	0	1
15977	77	159	9159	0	0	1
15978	78	159	6773	0	0	1
15979	79	159	15215	0	0	1
15980	80	159	7741	0	0	1
15981	81	159	11712	0	0	1
15982	82	159	7058	0	0	1
15983	83	159	11279	0	0	1
15984	84	159	8352	0	0	0
15985	85	159	16569	0	0	0
15986	86	159	19595	0	0	0
15987	87	159	14283	0	0	0
15988	88	159	7107	0	0	0
15989	89	159	15633	0	0	0
15990	90	159	6394	0	0	0
15991	91	159	7607	0	0	0
15992	92	159	14027	0	0	0
15993	93	159	2315	0	0	0
15994	94	159	5034	0	0	0
15995	95	159	7686	0	0	0
15996	96	159	12641	0	0	0
15997	97	159	4787	0	0	0
15998	98	159	18503	0	0	0
15999	99	159	6708	0	0	0
16000	0	160	5675	0	2	2
16001	1	160	15683	0	2	2
16002	2	160	16478	0	2	2
16003	3	160	19546	0	2	2
16004	4	160	818	0	2	2
16005	5	160	19283	0	2	2
16006	6	160	6515	0	2	1
16007	7	160	6796	0	2	1
16008	8	160	11379	0	2	0
16009	9	160	1242	0	2	0
16010	10	160	19372	0	2	0
16011	11	160	9535	0	2	0
16012	12	160	13946	0	2	0
16013	13	160	14583	0	1	3
16014	14	160	19382	0	1	2
16015	15	160	19573	0	1	2
16016	16	160	15523	0	1	2
16017	17	160	1284	0	1	2
16018	18	160	4422	0	1	2
16019	19	160	5709	0	1	2
16020	20	160	7668	0	1	2
16021	21	160	14106	0	1	2
16022	22	160	18065	0	1	2
16023	23	160	6084	0	1	2
16024	24	160	1502	0	1	2
16025	25	160	9613	0	1	2
16026	26	160	15770	0	1	2
16027	27	160	17215	0	1	2
16028	28	160	12950	0	1	2
16029	29	160	1967	0	1	2
16030	30	160	38	0	1	2
16031	31	160	442	0	1	2
16032	32	160	1766	0	1	2
16033	33	160	15150	0	1	1
16034	34	160	2248	0	1	1
16035	35	160	17768	0	1	1
16036	36	160	985	0	1	1
16037	37	160	1100	0	1	1
16038	38	160	8912	0	1	1
16039	39	160	9102	0	1	1
16040	40	160	12202	0	1	1
16041	41	160	19130	0	1	1
16042	42	160	2675	0	1	1
16043	43	160	11997	0	1	1
16044	44	160	14706	0	1	1
16045	45	160	19300	0	1	1
16046	46	160	9439	0	1	1
16047	47	160	11112	0	1	1
16048	48	160	12911	0	1	1
16049	49	160	19709	0	1	1
16050	50	160	19437	0	1	1
16051	51	160	5467	0	1	1
16052	52	160	2915	0	1	1
16053	53	160	5114	0	1	1
16054	54	160	4345	0	1	0
16055	55	160	19404	0	1	0
16056	56	160	13975	0	1	0
16057	57	160	6815	0	1	0
16058	58	160	13833	0	1	0
16059	59	160	14608	0	1	0
16060	60	160	19875	0	1	0
16061	61	160	10203	0	1	0
16062	62	160	10767	0	1	0
16063	63	160	17759	0	1	0
16064	64	160	7909	0	1	0
16065	65	160	16027	0	1	0
16066	66	160	18210	0	1	0
16067	67	160	11443	0	0	3
16068	68	160	1590	0	0	3
16069	69	160	1591	0	0	3
16070	70	160	1662	0	0	3
16071	71	160	16691	0	0	2
16072	72	160	12581	0	0	2
16073	73	160	10680	0	0	2
16074	74	160	4209	0	0	2
16075	75	160	4099	0	0	1
16076	76	160	13777	0	0	1
16077	77	160	19689	0	0	1
16078	78	160	19710	0	0	1
16079	79	160	14733	0	0	1
16080	80	160	981	0	0	1
16081	81	160	982	0	0	1
16082	82	160	14941	0	0	1
16083	83	160	11656	0	0	1
16084	84	160	9078	0	0	1
16085	85	160	955	0	0	1
16086	86	160	8849	0	0	0
16087	87	160	11782	0	0	0
16088	88	160	12853	0	0	0
16089	89	160	17923	0	0	0
16090	90	160	16407	0	0	0
16091	91	160	12310	0	0	0
16092	92	160	18695	0	0	0
16093	93	160	2074	0	0	0
16094	94	160	15524	0	0	0
16095	95	160	19586	0	0	0
16096	96	160	5885	0	0	0
16097	97	160	17839	0	0	0
16098	98	160	1661	0	0	0
16099	99	160	2030	0	0	0
16100	0	161	14491	0	2	3
16101	1	161	14140	0	2	1
16102	2	161	19329	0	2	1
16103	3	161	5591	0	2	0
16104	4	161	11156	0	2	0
16105	5	161	8651	0	1	3
16106	6	161	11730	0	1	3
16107	7	161	16951	0	1	3
16108	8	161	16561	0	1	3
16109	9	161	3538	0	1	3
16110	10	161	281	0	1	3
16111	11	161	10423	0	1	3
16112	12	161	8198	0	1	2
16113	13	161	17123	0	1	2
16114	14	161	4808	0	1	2
16115	15	161	16455	0	1	2
16116	16	161	5874	0	1	2
16117	17	161	14643	0	1	2
16118	18	161	744	0	1	2
16119	19	161	1393	0	1	2
16120	20	161	11299	0	1	2
16121	21	161	14736	0	1	2
16122	22	161	2204	0	1	1
16123	23	161	3638	0	1	1
16124	24	161	3914	0	1	1
16125	25	161	5288	0	1	1
16126	26	161	5794	0	1	1
16127	27	161	6143	0	1	1
16128	28	161	7965	0	1	1
16129	29	161	8522	0	1	1
16130	30	161	19396	0	1	1
16131	31	161	19836	0	1	1
16132	32	161	12197	0	1	1
16133	33	161	18057	0	1	1
16134	34	161	18651	0	1	1
16135	35	161	2656	0	1	1
16136	36	161	2944	0	1	1
16137	37	161	3031	0	1	1
16138	38	161	6457	0	1	1
16139	39	161	13094	0	1	1
16140	40	161	13615	0	1	1
16141	41	161	16011	0	1	1
16142	42	161	16120	0	1	1
16143	43	161	18859	0	1	1
16144	44	161	7428	0	1	1
16145	45	161	11337	0	1	0
16146	46	161	11512	0	1	0
16147	47	161	15331	0	1	0
16148	48	161	12978	0	1	0
16149	49	161	10864	0	1	0
16150	50	161	18046	0	1	0
16151	51	161	18495	0	1	0
16152	52	161	2216	0	1	0
16153	53	161	13669	0	1	0
16154	54	161	4929	0	1	0
16155	55	161	5386	0	1	0
16156	56	161	10452	0	1	0
16157	57	161	2838	0	1	0
16158	58	161	5109	0	1	0
16159	59	161	11537	0	1	0
16160	60	161	16632	0	1	0
16161	61	161	16736	0	1	0
16162	62	161	18772	0	1	0
16163	63	161	19335	0	0	3
16164	64	161	10563	0	0	2
16165	65	161	11485	0	0	2
16166	66	161	16877	0	0	2
16167	67	161	6	0	0	2
16168	68	161	4102	0	0	2
16169	69	161	15822	0	0	2
16170	70	161	6033	0	0	2
16171	71	161	10134	0	0	2
16172	72	161	6362	0	0	1
16173	73	161	822	0	0	1
16174	74	161	15483	0	0	1
16175	75	161	933	0	0	1
16176	76	161	3026	0	0	1
16177	77	161	5172	0	0	1
16178	78	161	5173	0	0	1
16179	79	161	14370	0	0	1
16180	80	161	15152	0	0	1
16181	81	161	19146	0	0	1
16182	82	161	2031	0	0	0
16183	83	161	4343	0	0	0
16184	84	161	6931	0	0	0
16185	85	161	11562	0	0	0
16186	86	161	15526	0	0	0
16187	87	161	19620	0	0	0
16188	88	161	19732	0	0	0
16189	89	161	4633	0	0	0
16190	90	161	16250	0	0	0
16191	91	161	16256	0	0	0
16192	92	161	18738	0	0	0
16193	93	161	19198	0	0	0
16194	94	161	7690	0	0	0
16195	95	161	8500	0	0	0
16196	96	161	8857	0	0	0
16197	97	161	13217	0	0	0
16198	98	161	17142	0	0	0
16199	99	161	6181	0	0	2
16200	0	162	85	0	2	2
16201	1	162	19713	0	2	2
16202	2	162	336	0	2	2
16203	3	162	1470	0	2	2
16204	4	162	15330	0	2	2
16205	5	162	17200	0	2	2
16206	6	162	1259	0	2	0
16207	7	162	11274	0	2	0
16208	8	162	6540	0	1	3
16209	9	162	19423	0	1	3
16210	10	162	12275	0	1	3
16211	11	162	14263	0	1	2
16212	12	162	4202	0	1	2
16213	13	162	1282	0	1	2
16214	14	162	2897	0	1	2
16215	15	162	2201	0	1	2
16216	16	162	404	0	1	2
16217	17	162	3823	0	1	2
16218	18	162	11339	0	1	2
16219	19	162	12059	0	1	2
16220	20	162	17732	0	1	2
16221	21	162	18140	0	1	2
16222	22	162	12830	0	1	2
16223	23	162	1509	0	1	2
16224	24	162	1510	0	1	2
16225	25	162	19073	0	1	1
16226	26	162	2640	0	1	1
16227	27	162	4397	0	1	1
16228	28	162	2984	0	1	1
16229	29	162	4620	0	1	1
16230	30	162	13969	0	1	1
16231	31	162	2090	0	1	1
16232	32	162	5075	0	1	1
16233	33	162	1909	0	1	1
16234	34	162	14977	0	1	1
16235	35	162	6529	0	1	1
16236	36	162	2747	0	1	1
16237	37	162	16846	0	1	1
16238	38	162	5973	0	1	1
16239	39	162	18905	0	1	1
16240	40	162	1223	0	1	1
16241	41	162	1376	0	1	1
16242	42	162	1829	0	1	1
16243	43	162	2790	0	1	1
16244	44	162	3204	0	1	1
16245	45	162	10991	0	1	1
16246	46	162	12612	0	1	1
16247	47	162	13595	0	1	1
16248	48	162	14732	0	1	1
16249	49	162	14878	0	1	1
16250	50	162	15482	0	1	1
16251	51	162	16314	0	1	1
16252	52	162	16523	0	1	1
16253	53	162	17821	0	1	1
16254	54	162	1614	0	1	1
16255	55	162	1505	0	1	1
16256	56	162	14032	0	1	0
16257	57	162	10190	0	1	0
16258	58	162	13761	0	1	0
16259	59	162	3130	0	1	0
16260	60	162	9779	0	1	0
16261	61	162	1447	0	1	0
16262	62	162	18402	0	1	0
16263	63	162	1316	0	1	0
16264	64	162	10913	0	1	0
16265	65	162	11141	0	1	0
16266	66	162	12460	0	1	0
16267	67	162	13714	0	1	0
16268	68	162	14626	0	1	0
16269	69	162	18743	0	1	0
16270	70	162	1441	0	1	0
16271	71	162	15843	0	1	0
16272	72	162	6863	0	1	0
16273	73	162	9853	0	0	3
16274	74	162	2132	0	0	3
16275	75	162	13158	0	0	2
16276	76	162	17844	0	0	2
16277	77	162	11388	0	0	2
16278	78	162	6346	0	0	2
16279	79	162	6535	0	0	2
16280	80	162	4564	0	0	2
16281	81	162	4565	0	0	2
16282	82	162	5847	0	0	2
16283	83	162	6269	0	0	1
16284	84	162	11394	0	0	1
16285	85	162	853	0	0	1
16286	86	162	3659	0	0	1
16287	87	162	5766	0	0	1
16288	88	162	10513	0	0	1
16289	89	162	7020	0	0	1
16290	90	162	9295	0	0	1
16291	91	162	8957	0	0	0
16292	92	162	19270	0	0	0
16293	93	162	9280	0	0	0
16294	94	162	6242	0	0	0
16295	95	162	13741	0	0	0
16296	96	162	15003	0	0	0
16297	97	162	15455	0	0	0
16298	98	162	18213	0	0	0
16299	99	162	10928	0	0	0
16300	0	163	8494	0	2	2
16301	1	163	1561	0	2	2
16302	2	163	7371	0	2	2
16303	3	163	7372	0	2	2
16304	4	163	10538	0	2	2
16305	5	163	8246	0	2	1
16306	6	163	969	0	2	1
16307	7	163	19499	0	2	0
16308	8	163	10711	0	2	0
16309	9	163	16217	0	2	0
16310	10	163	13978	0	2	0
16311	11	163	3891	0	1	3
16312	12	163	16348	0	1	3
16313	13	163	668	0	1	3
16314	14	163	14335	0	1	2
16315	15	163	1191	0	1	2
16316	16	163	956	0	1	2
16317	17	163	1267	0	1	2
16318	18	163	13438	0	1	2
16319	19	163	1684	0	1	2
16320	20	163	600	0	1	2
16321	21	163	1308	0	1	2
16322	22	163	1309	0	1	2
16323	23	163	2143	0	1	2
16324	24	163	5924	0	1	2
16325	25	163	14582	0	1	2
16326	26	163	19368	0	1	2
16327	27	163	1251	0	1	2
16328	28	163	18041	0	1	2
16329	29	163	19211	0	1	2
16330	30	163	1455	0	1	2
16331	31	163	19053	0	1	2
16332	32	163	3679	0	1	2
16333	33	163	433	0	1	2
16334	34	163	1504	0	1	1
16335	35	163	3475	0	1	1
16336	36	163	17642	0	1	1
16337	37	163	8421	0	1	1
16338	38	163	17324	0	1	1
16339	39	163	1854	0	1	1
16340	40	163	12087	0	1	1
16341	41	163	15820	0	1	1
16342	42	163	12502	0	1	1
16343	43	163	16975	0	1	1
16344	44	163	8418	0	1	1
16345	45	163	8733	0	1	1
16346	46	163	8873	0	1	1
16347	47	163	5488	0	1	1
16348	48	163	6468	0	1	1
16349	49	163	16663	0	1	1
16350	50	163	2581	0	1	1
16351	51	163	4991	0	1	1
16352	52	163	15680	0	1	1
16353	53	163	14515	0	1	0
16354	54	163	18943	0	1	0
16355	55	163	19205	0	1	0
16356	56	163	2925	0	1	0
16357	57	163	10213	0	1	0
16358	58	163	17510	0	1	0
16359	59	163	18748	0	1	0
16360	60	163	4267	0	1	0
16361	61	163	12995	0	1	0
16362	62	163	17703	0	1	0
16363	63	163	2339	0	1	0
16364	64	163	10061	0	0	3
16365	65	163	5781	0	0	2
16366	66	163	1323	0	0	2
16367	67	163	5472	0	0	2
16368	68	163	5562	0	0	2
16369	69	163	12898	0	0	2
16370	70	163	2569	0	0	2
16371	71	163	5961	0	0	2
16372	72	163	6601	0	0	2
16373	73	163	15915	0	0	2
16374	74	163	18165	0	0	1
16375	75	163	7334	0	0	1
16376	76	163	17584	0	0	1
16377	77	163	5780	0	0	1
16378	78	163	10161	0	0	1
16379	79	163	7274	0	0	1
16380	80	163	14227	0	0	1
16381	81	163	1092	0	0	1
16382	82	163	19287	0	0	1
16383	83	163	6829	0	0	1
16384	84	163	11165	0	0	1
16385	85	163	17453	0	0	1
16386	86	163	17454	0	0	1
16387	87	163	17455	0	0	1
16388	88	163	16604	0	0	0
16389	89	163	5404	0	0	0
16390	90	163	1268	0	0	0
16391	91	163	2574	0	0	0
16392	92	163	6806	0	0	0
16393	93	163	15131	0	0	0
16394	94	163	17750	0	0	0
16395	95	163	9836	0	0	0
16396	96	163	12644	0	0	0
16397	97	163	17751	0	0	0
16398	98	163	18814	0	0	0
16399	99	163	16294	0	0	0
16400	0	164	7714	0	2	3
16401	1	164	3201	0	2	2
16402	2	164	7395	0	2	2
16403	3	164	15217	0	2	2
16404	4	164	1209	0	2	2
16405	5	164	8907	0	2	2
16406	6	164	8005	0	2	1
16407	7	164	8068	0	2	1
16408	8	164	9263	0	2	1
16409	9	164	11901	0	2	1
16410	10	164	11571	0	2	1
16411	11	164	17615	0	2	0
16412	12	164	663	0	2	0
16413	13	164	2934	0	1	2
16414	14	164	3786	0	1	2
16415	15	164	4612	0	1	2
16416	16	164	6197	0	1	2
16417	17	164	14005	0	1	2
16418	18	164	1503	0	1	2
16419	19	164	1619	0	1	2
16420	20	164	16428	0	1	2
16421	21	164	19715	0	1	2
16422	22	164	1356	0	1	2
16423	23	164	15169	0	1	2
16424	24	164	16981	0	1	2
16425	25	164	3831	0	1	2
16426	26	164	3942	0	1	2
16427	27	164	2637	0	1	1
16428	28	164	3626	0	1	1
16429	29	164	10636	0	1	1
16430	30	164	11458	0	1	1
16431	31	164	12189	0	1	1
16432	32	164	19303	0	1	1
16433	33	164	9045	0	1	1
16434	34	164	8777	0	1	1
16435	35	164	17826	0	1	1
16436	36	164	1114	0	1	1
16437	37	164	1882	0	1	1
16438	38	164	3509	0	1	1
16439	39	164	11976	0	1	1
16440	40	164	18959	0	1	1
16441	41	164	1398	0	1	1
16442	42	164	3203	0	1	1
16443	43	164	1194	0	1	1
16444	44	164	1415	0	1	1
16445	45	164	2123	0	1	1
16446	46	164	4416	0	1	0
16447	47	164	11675	0	1	0
16448	48	164	13786	0	1	0
16449	49	164	14235	0	1	0
16450	50	164	14943	0	1	0
16451	51	164	19298	0	1	0
16452	52	164	4615	0	1	0
16453	53	164	6564	0	1	0
16454	54	164	3269	0	1	0
16455	55	164	2817	0	1	0
16456	56	164	3851	0	1	0
16457	57	164	11510	0	1	0
16458	58	164	17773	0	1	0
16459	59	164	14312	0	1	0
16460	60	164	18307	0	1	0
16461	61	164	7400	0	1	0
16462	62	164	917	0	1	0
16463	63	164	8095	0	1	0
16464	64	164	1413	0	1	0
16465	65	164	1414	0	1	0
16466	66	164	3970	0	1	0
16467	67	164	14258	0	0	3
16468	68	164	17096	0	0	3
16469	69	164	5264	0	0	3
16470	70	164	2515	0	0	3
16471	71	164	10487	0	0	2
16472	72	164	15085	0	0	2
16473	73	164	15390	0	0	2
16474	74	164	18357	0	0	2
16475	75	164	18424	0	0	2
16476	76	164	12808	0	0	2
16477	77	164	5569	0	0	2
16478	78	164	474	0	0	2
16479	79	164	11231	0	0	1
16480	80	164	15272	0	0	1
16481	81	164	987	0	0	1
16482	82	164	16605	0	0	1
16483	83	164	15873	0	0	1
16484	84	164	11208	0	0	0
16485	85	164	13506	0	0	0
16486	86	164	15004	0	0	0
16487	87	164	15057	0	0	0
16488	88	164	16880	0	0	0
16489	89	164	17195	0	0	0
16490	90	164	17520	0	0	0
16491	91	164	18193	0	0	0
16492	92	164	19145	0	0	0
16493	93	164	8204	0	0	0
16494	94	164	11623	0	0	0
16495	95	164	6322	0	0	0
16496	96	164	1200	0	0	0
16497	97	164	1210	0	0	0
16498	98	164	6034	0	0	0
16499	99	164	775	0	0	2
16500	0	165	11364	0	2	3
16501	1	165	17381	0	2	2
16502	2	165	3812	0	2	2
16503	3	165	14133	0	2	2
16504	4	165	662	0	2	2
16505	5	165	2180	0	2	1
16506	6	165	1345	0	2	1
16507	7	165	6325	0	2	1
16508	8	165	19617	0	2	0
16509	9	165	10850	0	2	0
16510	10	165	17918	0	2	0
16511	11	165	11219	0	1	3
16512	12	165	4116	0	1	2
16513	13	165	4457	0	1	2
16514	14	165	9030	0	1	2
16515	15	165	13143	0	1	2
16516	16	165	16143	0	1	2
16517	17	165	729	0	1	2
16518	18	165	17756	0	1	2
16519	19	165	2645	0	1	2
16520	20	165	12061	0	1	2
16521	21	165	3572	0	1	2
16522	22	165	2188	0	1	2
16523	23	165	476	0	1	2
16524	24	165	1205	0	1	2
16525	25	165	7397	0	1	2
16526	26	165	12470	0	1	2
16527	27	165	5146	0	1	1
16528	28	165	7205	0	1	1
16529	29	165	827	0	1	1
16530	30	165	7526	0	1	1
16531	31	165	3788	0	1	1
16532	32	165	11144	0	1	1
16533	33	165	1327	0	1	1
16534	34	165	7318	0	1	1
16535	35	165	19411	0	1	1
16536	36	165	19476	0	1	1
16537	37	165	3336	0	1	1
16538	38	165	9004	0	1	1
16539	39	165	7327	0	1	0
16540	40	165	8143	0	1	0
16541	41	165	12810	0	1	0
16542	42	165	16773	0	1	0
16543	43	165	14207	0	1	0
16544	44	165	15538	0	1	0
16545	45	165	6746	0	1	0
16546	46	165	13721	0	1	0
16547	47	165	8076	0	1	0
16548	48	165	18280	0	1	0
16549	49	165	8786	0	1	0
16550	50	165	13672	0	1	0
16551	51	165	5396	0	1	0
16552	52	165	11332	0	1	0
16553	53	165	16456	0	1	0
16554	54	165	5510	0	1	0
16555	55	165	9906	0	1	0
16556	56	165	13625	0	0	3
16557	57	165	4263	0	0	3
16558	58	165	6456	0	0	2
16559	59	165	19674	0	0	2
16560	60	165	12319	0	0	2
16561	61	165	15768	0	0	2
16562	62	165	19009	0	0	2
16563	63	165	6168	0	0	2
16564	64	165	10490	0	0	2
16565	65	165	5083	0	0	1
16566	66	165	9261	0	0	1
16567	67	165	7684	0	0	1
16568	68	165	13245	0	0	1
16569	69	165	11633	0	0	1
16570	70	165	18910	0	0	1
16571	71	165	7742	0	0	1
16572	72	165	3876	0	0	1
16573	73	165	10967	0	0	1
16574	74	165	16070	0	0	1
16575	75	165	1170	0	0	1
16576	76	165	8479	0	0	1
16577	77	165	5089	0	0	0
16578	78	165	8057	0	0	0
16579	79	165	9215	0	0	0
16580	80	165	10769	0	0	0
16581	81	165	11928	0	0	0
16582	82	165	14067	0	0	0
16583	83	165	16376	0	0	0
16584	84	165	16457	0	0	0
16585	85	165	17823	0	0	0
16586	86	165	10074	0	0	0
16587	87	165	13363	0	0	0
16588	88	165	17118	0	0	0
16589	89	165	16097	0	0	0
16590	90	165	19000	0	0	0
16591	91	165	11581	0	0	0
16592	92	165	1480	0	0	0
16593	93	165	4820	0	0	0
16594	94	165	5307	0	0	0
16595	95	165	8212	0	0	0
16596	96	165	8228	0	0	0
16597	97	165	8427	0	0	0
16598	98	165	9298	0	0	0
16599	99	165	10521	0	0	0
16600	0	166	3765	0	2	2
16601	1	166	9144	0	2	2
16602	2	166	3996	0	2	2
16603	3	166	324	0	2	2
16604	4	166	9404	0	2	2
16605	5	166	19711	0	2	1
16606	6	166	6326	0	2	1
16607	7	166	9885	0	2	1
16608	8	166	3330	0	2	0
16609	9	166	6340	0	2	0
16610	10	166	6677	0	2	0
16611	11	166	16200	0	2	0
16612	12	166	2147	0	1	3
16613	13	166	1700	0	1	3
16614	14	166	16201	0	1	2
16615	15	166	19717	0	1	2
16616	16	166	5606	0	1	2
16617	17	166	12182	0	1	2
16618	18	166	12404	0	1	2
16619	19	166	15621	0	1	2
16620	20	166	4277	0	1	2
16621	21	166	1941	0	1	2
16622	22	166	5893	0	1	2
16623	23	166	14264	0	1	2
16624	24	166	13353	0	1	1
16625	25	166	14975	0	1	1
16626	26	166	18325	0	1	1
16627	27	166	18674	0	1	1
16628	28	166	15555	0	1	1
16629	29	166	19688	0	1	1
16630	30	166	4803	0	1	1
16631	31	166	1613	0	1	1
16632	32	166	943	0	1	1
16633	33	166	2022	0	1	1
16634	34	166	14436	0	1	1
16635	35	166	15495	0	1	1
16636	36	166	16434	0	1	1
16637	37	166	1007	0	1	1
16638	38	166	1147	0	1	1
16639	39	166	11344	0	1	1
16640	40	166	15789	0	1	1
16641	41	166	4875	0	1	1
16642	42	166	7553	0	1	1
16643	43	166	15346	0	1	1
16644	44	166	17008	0	1	1
16645	45	166	17213	0	1	1
16646	46	166	18168	0	1	0
16647	47	166	18272	0	1	0
16648	48	166	4890	0	1	0
16649	49	166	14972	0	1	0
16650	50	166	3888	0	1	0
16651	51	166	17440	0	1	0
16652	52	166	12784	0	1	0
16653	53	166	19872	0	1	0
16654	54	166	15759	0	1	0
16655	55	166	2769	0	1	0
16656	56	166	12747	0	1	0
16657	57	166	5792	0	1	0
16658	58	166	16852	0	1	0
16659	59	166	14274	0	1	0
16660	60	166	15474	0	1	0
16661	61	166	13637	0	0	3
16662	62	166	4367	0	0	3
16663	63	166	17167	0	0	2
16664	64	166	17137	0	0	2
16665	65	166	1457	0	0	2
16666	66	166	4705	0	0	2
16667	67	166	703	0	0	2
16668	68	166	10149	0	0	2
16669	69	166	15233	0	0	1
16670	70	166	17466	0	0	1
16671	71	166	840	0	0	1
16672	72	166	1078	0	0	1
16673	73	166	1207	0	0	1
16674	74	166	5452	0	0	1
16675	75	166	4506	0	0	1
16676	76	166	2573	0	0	1
16677	77	166	5608	0	0	1
16678	78	166	4211	0	0	1
16679	79	166	7975	0	0	1
16680	80	166	10661	0	0	1
16681	81	166	10731	0	0	1
16682	82	166	15913	0	0	0
16683	83	166	18717	0	0	0
16684	84	166	16682	0	0	0
16685	85	166	6377	0	0	0
16686	86	166	13041	0	0	0
16687	87	166	13661	0	0	0
16688	88	166	14429	0	0	0
16689	89	166	9709	0	0	0
16690	90	166	7405	0	0	0
16691	91	166	14813	0	0	0
16692	92	166	13515	0	0	0
16693	93	166	4112	0	0	0
16694	94	166	4477	0	0	0
16695	95	166	5178	0	0	0
16696	96	166	6866	0	0	0
16697	97	166	7335	0	0	0
16698	98	166	12472	0	0	0
16699	99	166	12759	0	0	0
16700	0	167	8830	0	2	2
16701	1	167	11080	0	2	2
16702	2	167	4925	0	2	2
16703	3	167	9721	0	2	1
16704	4	167	4802	0	2	1
16705	5	167	3005	0	2	0
16706	6	167	3410	0	2	0
16707	7	167	7758	0	1	3
16708	8	167	17496	0	1	2
16709	9	167	1276	0	1	2
16710	10	167	6131	0	1	2
16711	11	167	17774	0	1	2
16712	12	167	18363	0	1	2
16713	13	167	1265	0	1	2
16714	14	167	4103	0	1	2
16715	15	167	6690	0	1	2
16716	16	167	1249	0	1	2
16717	17	167	539	0	1	2
16718	18	167	2677	0	1	2
16719	19	167	18761	0	1	2
16720	20	167	19791	0	1	2
16721	21	167	14242	0	1	2
16722	22	167	13362	0	1	2
16723	23	167	195	0	1	2
16724	24	167	364	0	1	2
16725	25	167	1271	0	1	2
16726	26	167	7008	0	1	2
16727	27	167	16280	0	1	2
16728	28	167	1584	0	1	2
16729	29	167	17777	0	1	2
16730	30	167	1974	0	1	2
16731	31	167	7974	0	1	2
16732	32	167	19080	0	1	1
16733	33	167	1363	0	1	1
16734	34	167	1835	0	1	1
16735	35	167	2554	0	1	1
16736	36	167	12816	0	1	1
16737	37	167	18255	0	1	1
16738	38	167	3139	0	1	1
16739	39	167	11060	0	1	1
16740	40	167	14045	0	1	1
16741	41	167	14399	0	1	1
16742	42	167	991	0	1	1
16743	43	167	1610	0	1	1
16744	44	167	1052	0	1	1
16745	45	167	1520	0	1	1
16746	46	167	2446	0	1	1
16747	47	167	9659	0	1	1
16748	48	167	18068	0	1	0
16749	49	167	14769	0	1	0
16750	50	167	16078	0	1	0
16751	51	167	10866	0	1	0
16752	52	167	19598	0	1	0
16753	53	167	6137	0	1	0
16754	54	167	13431	0	1	0
16755	55	167	12514	0	1	0
16756	56	167	10882	0	1	0
16757	57	167	2587	0	1	0
16758	58	167	2770	0	1	0
16759	59	167	19493	0	1	0
16760	60	167	8078	0	1	0
16761	61	167	16499	0	1	0
16762	62	167	19705	0	1	0
16763	63	167	7591	0	1	0
16764	64	167	17553	0	1	0
16765	65	167	1521	0	1	0
16766	66	167	2520	0	1	0
16767	67	167	2755	0	1	0
16768	68	167	19677	0	0	3
16769	69	167	17293	0	0	2
16770	70	167	18430	0	0	2
16771	71	167	6277	0	0	2
16772	72	167	19566	0	0	1
16773	73	167	12234	0	0	1
16774	74	167	6113	0	0	1
16775	75	167	4399	0	0	1
16776	76	167	935	0	0	1
16777	77	167	2133	0	0	1
16778	78	167	18640	0	0	0
16779	79	167	19055	0	0	0
16780	80	167	17583	0	0	0
16781	81	167	2189	0	0	0
16782	82	167	2190	0	0	0
16783	83	167	3373	0	0	0
16784	84	167	8475	0	0	0
16785	85	167	19117	0	0	0
16786	86	167	1489	0	0	0
16787	87	167	5450	0	0	0
16788	88	167	10935	0	0	0
16789	89	167	8963	0	0	0
16790	90	167	10815	0	0	0
16791	91	167	18181	0	0	0
16792	92	167	689	0	0	0
16793	93	167	7838	0	0	0
16794	94	167	12849	0	0	0
16795	95	167	2161	0	0	0
16796	96	167	4219	0	0	0
16797	97	167	4563	0	0	0
16798	98	167	6720	0	0	0
16799	99	167	7547	0	0	2
16800	0	168	7828	0	2	3
16801	1	168	116	0	2	2
16802	2	168	8738	0	2	2
16803	3	168	10948	0	2	1
16804	4	168	10949	0	2	1
16805	5	168	13365	0	2	1
16806	6	168	1525	0	2	1
16807	7	168	16705	0	2	0
16808	8	168	17586	0	2	0
16809	9	168	18012	0	2	0
16810	10	168	10675	0	2	0
16811	11	168	19532	0	2	0
16812	12	168	7710	0	2	0
16813	13	168	13728	0	1	2
16814	14	168	16549	0	1	2
16815	15	168	16686	0	1	2
16816	16	168	17113	0	1	2
16817	17	168	19724	0	1	2
16818	18	168	2983	0	1	2
16819	19	168	18792	0	1	2
16820	20	168	16781	0	1	2
16821	21	168	6673	0	1	2
16822	22	168	5277	0	1	2
16823	23	168	5278	0	1	2
16824	24	168	5282	0	1	2
16825	25	168	9059	0	1	2
16826	26	168	11688	0	1	2
16827	27	168	12196	0	1	2
16828	28	168	14810	0	1	2
16829	29	168	9983	0	1	1
16830	30	168	10795	0	1	1
16831	31	168	14540	0	1	1
16832	32	168	16089	0	1	1
16833	33	168	16370	0	1	1
16834	34	168	17159	0	1	1
16835	35	168	18966	0	1	1
16836	36	168	19565	0	1	1
16837	37	168	8542	0	1	1
16838	38	168	18699	0	1	1
16839	39	168	5658	0	1	1
16840	40	168	3566	0	1	1
16841	41	168	2824	0	1	1
16842	42	168	19077	0	1	1
16843	43	168	13845	0	1	1
16844	44	168	12016	0	1	1
16845	45	168	14573	0	1	1
16846	46	168	1533	0	1	1
16847	47	168	1534	0	1	1
16848	48	168	7220	0	1	1
16849	49	168	4681	0	1	1
16850	50	168	5858	0	1	1
16851	51	168	7301	0	1	1
16852	52	168	8739	0	1	1
16853	53	168	8855	0	1	1
16854	54	168	8872	0	1	1
16855	55	168	12389	0	1	1
16856	56	168	13799	0	1	1
16857	57	168	11683	0	1	0
16858	58	168	14373	0	1	0
16859	59	168	14710	0	1	0
16860	60	168	8923	0	1	0
16861	61	168	9275	0	1	0
16862	62	168	2613	0	1	0
16863	63	168	19831	0	1	0
16864	64	168	2535	0	1	0
16865	65	168	12738	0	1	0
16866	66	168	15219	0	1	0
16867	67	168	17064	0	1	0
16868	68	168	12313	0	1	0
16869	69	168	16624	0	1	0
16870	70	168	2629	0	1	0
16871	71	168	3968	0	1	0
16872	72	168	16787	0	0	3
16873	73	168	18563	0	0	2
16874	74	168	4322	0	0	2
16875	75	168	4002	0	0	2
16876	76	168	34	0	0	2
16877	77	168	9369	0	0	2
16878	78	168	11755	0	0	2
16879	79	168	13715	0	0	1
16880	80	168	14880	0	0	1
16881	81	168	18649	0	0	1
16882	82	168	4390	0	0	1
16883	83	168	16355	0	0	1
16884	84	168	2540	0	0	1
16885	85	168	4444	0	0	1
16886	86	168	1227	0	0	1
16887	87	168	6010	0	0	1
16888	88	168	6213	0	0	1
16889	89	168	9508	0	0	1
16890	90	168	13155	0	0	1
16891	91	168	11515	0	0	0
16892	92	168	17931	0	0	0
16893	93	168	18703	0	0	0
16894	94	168	14673	0	0	0
16895	95	168	2500	0	0	0
16896	96	168	4388	0	0	0
16897	97	168	9589	0	0	0
16898	98	168	12511	0	0	0
16899	99	168	14231	0	0	0
16900	0	169	16186	0	2	2
16901	1	169	18895	0	2	2
16902	2	169	1336	0	2	2
16903	3	169	361	0	2	2
16904	4	169	6862	0	2	2
16905	5	169	10482	0	2	1
16906	6	169	3544	0	2	0
16907	7	169	4429	0	2	0
16908	8	169	13873	0	2	0
16909	9	169	7527	0	2	0
16910	10	169	8092	0	2	0
16911	11	169	11540	0	2	0
16912	12	169	14145	0	2	0
16913	13	169	19672	0	1	3
16914	14	169	4949	0	1	3
16915	15	169	19773	0	1	2
16916	16	169	1975	0	1	2
16917	17	169	1884	0	1	2
16918	18	169	1250	0	1	2
16919	19	169	11304	0	1	2
16920	20	169	202	0	1	2
16921	21	169	19381	0	1	2
16922	22	169	148	0	1	2
16923	23	169	2233	0	1	2
16924	24	169	6573	0	1	2
16925	25	169	2301	0	1	2
16926	26	169	9424	0	1	2
16927	27	169	1195	0	1	2
16928	28	169	17564	0	1	2
16929	29	169	1394	0	1	2
16930	30	169	786	0	1	2
16931	31	169	4135	0	1	2
16932	32	169	4195	0	1	2
16933	33	169	6747	0	1	2
16934	34	169	15708	0	1	2
16935	35	169	15005	0	1	1
16936	36	169	16036	0	1	1
16937	37	169	15844	0	1	1
16938	38	169	6398	0	1	1
16939	39	169	18067	0	1	1
16940	40	169	2846	0	1	1
16941	41	169	3704	0	1	1
16942	42	169	17590	0	1	1
16943	43	169	4073	0	1	1
16944	44	169	5964	0	1	1
16945	45	169	17121	0	1	1
16946	46	169	19101	0	1	1
16947	47	169	2568	0	1	1
16948	48	169	5207	0	1	1
16949	49	169	5311	0	1	1
16950	50	169	7112	0	1	1
16951	51	169	7391	0	1	1
16952	52	169	8718	0	1	1
16953	53	169	11099	0	1	1
16954	54	169	14768	0	1	1
16955	55	169	17011	0	1	0
16956	56	169	2837	0	1	0
16957	57	169	19654	0	1	0
16958	58	169	16435	0	1	0
16959	59	169	1468	0	1	0
16960	60	169	11232	0	1	0
16961	61	169	16176	0	1	0
16962	62	169	19804	0	1	0
16963	63	169	3086	0	1	0
16964	64	169	12527	0	1	0
16965	65	169	13266	0	1	0
16966	66	169	12800	0	1	0
16967	67	169	7041	0	1	0
16968	68	169	13704	0	1	0
16969	69	169	12217	0	1	0
16970	70	169	14961	0	0	2
16971	71	169	10638	0	0	2
16972	72	169	19716	0	0	2
16973	73	169	14290	0	0	2
16974	74	169	667	0	0	2
16975	75	169	4884	0	0	2
16976	76	169	5959	0	0	2
16977	77	169	14473	0	0	2
16978	78	169	11271	0	0	1
16979	79	169	19106	0	0	1
16980	80	169	1086	0	0	1
16981	81	169	894	0	0	1
16982	82	169	3281	0	0	1
16983	83	169	915	0	0	1
16984	84	169	14684	0	0	1
16985	85	169	18494	0	0	0
16986	86	169	17546	0	0	0
16987	87	169	16058	0	0	0
16988	88	169	2788	0	0	0
16989	89	169	10479	0	0	0
16990	90	169	4223	0	0	0
16991	91	169	9741	0	0	0
16992	92	169	6757	0	0	0
16993	93	169	18974	0	0	0
16994	94	169	12532	0	0	0
16995	95	169	6876	0	0	0
16996	96	169	7268	0	0	0
16997	97	169	7328	0	0	0
16998	98	169	12090	0	0	0
16999	99	169	15300	0	0	1
17000	0	170	7963	0	2	2
17001	1	170	9366	0	2	2
17002	2	170	13006	0	2	2
17003	3	170	1272	0	2	2
17004	4	170	2362	0	2	2
17005	5	170	8040	0	2	2
17006	6	170	18026	0	2	1
17007	7	170	3761	0	2	1
17008	8	170	9651	0	2	1
17009	9	170	19608	0	2	0
17010	10	170	9833	0	2	0
17011	11	170	3273	0	1	3
17012	12	170	19742	0	1	2
17013	13	170	6018	0	1	2
17014	14	170	11117	0	1	2
17015	15	170	6569	0	1	2
17016	16	170	10881	0	1	2
17017	17	170	5704	0	1	2
17018	18	170	18899	0	1	2
17019	19	170	2366	0	1	2
17020	20	170	16921	0	1	2
17021	21	170	65	0	1	2
17022	22	170	1571	0	1	2
17023	23	170	5993	0	1	2
17024	24	170	725	0	1	2
17025	25	170	14101	0	1	2
17026	26	170	4141	0	1	2
17027	27	170	6964	0	1	2
17028	28	170	1935	0	1	2
17029	29	170	3058	0	1	2
17030	30	170	782	0	1	2
17031	31	170	2619	0	1	2
17032	32	170	4492	0	1	2
17033	33	170	12746	0	1	2
17034	34	170	9937	0	1	1
17035	35	170	15839	0	1	1
17036	36	170	4906	0	1	1
17037	37	170	11180	0	1	1
17038	38	170	12763	0	1	1
17039	39	170	3434	0	1	1
17040	40	170	9503	0	1	1
17041	41	170	2004	0	1	1
17042	42	170	19684	0	1	1
17043	43	170	16690	0	1	1
17044	44	170	3618	0	1	1
17045	45	170	12303	0	1	1
17046	46	170	19039	0	1	0
17047	47	170	3138	0	1	0
17048	48	170	8504	0	1	0
17049	49	170	14131	0	1	0
17050	50	170	4381	0	1	0
17051	51	170	12239	0	1	0
17052	52	170	5531	0	1	0
17053	53	170	6288	0	1	0
17054	54	170	12913	0	1	0
17055	55	170	13599	0	1	0
17056	56	170	1427	0	1	0
17057	57	170	4760	0	1	0
17058	58	170	14391	0	1	0
17059	59	170	14936	0	1	0
17060	60	170	17914	0	1	0
17061	61	170	8155	0	1	0
17062	62	170	2547	0	1	0
17063	63	170	9309	0	1	0
17064	64	170	11836	0	1	0
17065	65	170	12592	0	1	0
17066	66	170	2320	0	0	2
17067	67	170	4886	0	0	2
17068	68	170	14467	0	0	2
17069	69	170	5453	0	0	2
17070	70	170	19862	0	0	2
17071	71	170	5669	0	0	2
17072	72	170	11959	0	0	2
17073	73	170	12128	0	0	2
17074	74	170	2055	0	0	2
17075	75	170	7023	0	0	2
17076	76	170	9010	0	0	2
17077	77	170	18535	0	0	1
17078	78	170	17640	0	0	1
17079	79	170	8134	0	0	1
17080	80	170	906	0	0	1
17081	81	170	996	0	0	1
17082	82	170	18560	0	0	1
17083	83	170	11696	0	0	1
17084	84	170	9952	0	0	1
17085	85	170	2538	0	0	1
17086	86	170	4511	0	0	1
17087	87	170	4545	0	0	1
17088	88	170	17665	0	0	0
17089	89	170	14506	0	0	0
17090	90	170	19132	0	0	0
17091	91	170	11766	0	0	0
17092	92	170	4200	0	0	0
17093	93	170	9152	0	0	0
17094	94	170	11570	0	0	0
17095	95	170	5773	0	0	0
17096	96	170	8919	0	0	0
17097	97	170	10512	0	0	0
17098	98	170	10960	0	0	0
17099	99	170	13410	0	0	2
17100	0	171	2905	0	2	3
17101	1	171	17173	0	2	3
17102	2	171	17244	0	2	2
17103	3	171	4100	0	2	2
17104	4	171	2103	0	2	2
17105	5	171	11768	0	2	2
17106	6	171	7379	0	2	2
17107	7	171	13919	0	2	1
17108	8	171	1240	0	2	1
17109	9	171	13735	0	2	0
17110	10	171	3926	0	2	0
17111	11	171	18849	0	2	0
17112	12	171	2096	0	1	3
17113	13	171	13210	0	1	2
17114	14	171	17309	0	1	2
17115	15	171	1726	0	1	2
17116	16	171	6494	0	1	2
17117	17	171	18976	0	1	2
17118	18	171	73	0	1	2
17119	19	171	8803	0	1	2
17120	20	171	1852	0	1	2
17121	21	171	7062	0	1	2
17122	22	171	13797	0	1	2
17123	23	171	715	0	1	2
17124	24	171	18725	0	1	1
17125	25	171	4081	0	1	1
17126	26	171	3414	0	1	1
17127	27	171	7759	0	1	1
17128	28	171	17285	0	1	1
17129	29	171	12852	0	1	1
17130	30	171	1923	0	1	1
17131	31	171	1364	0	1	1
17132	32	171	19229	0	1	1
17133	33	171	12011	0	1	1
17134	34	171	1663	0	1	1
17135	35	171	11493	0	1	1
17136	36	171	1106	0	1	1
17137	37	171	2532	0	1	1
17138	38	171	6617	0	1	1
17139	39	171	7007	0	1	1
17140	40	171	9006	0	1	1
17141	41	171	11040	0	1	1
17142	42	171	11143	0	1	1
17143	43	171	14759	0	1	1
17144	44	171	18708	0	1	1
17145	45	171	13413	0	1	0
17146	46	171	13835	0	1	0
17147	47	171	17092	0	1	0
17148	48	171	18369	0	1	0
17149	49	171	19489	0	1	0
17150	50	171	18797	0	1	0
17151	51	171	12386	0	1	0
17152	52	171	10539	0	1	0
17153	53	171	13373	0	1	0
17154	54	171	12617	0	1	0
17155	55	171	8318	0	1	0
17156	56	171	5956	0	1	0
17157	57	171	8752	0	1	0
17158	58	171	10282	0	1	0
17159	59	171	15158	0	1	0
17160	60	171	4493	0	0	3
17161	61	171	7688	0	0	3
17162	62	171	12073	0	0	3
17163	63	171	6091	0	0	2
17164	64	171	9047	0	0	2
17165	65	171	4018	0	0	2
17166	66	171	1710	0	0	2
17167	67	171	5853	0	0	2
17168	68	171	830	0	0	2
17169	69	171	2328	0	0	2
17170	70	171	1546	0	0	1
17171	71	171	8673	0	0	1
17172	72	171	13528	0	0	1
17173	73	171	999	0	0	1
17174	74	171	6364	0	0	1
17175	75	171	3371	0	0	1
17176	76	171	19014	0	0	1
17177	77	171	959	0	0	1
17178	78	171	13346	0	0	1
17179	79	171	13716	0	0	1
17180	80	171	19103	0	0	1
17181	81	171	13630	0	0	0
17182	82	171	14519	0	0	0
17183	83	171	14520	0	0	0
17184	84	171	17820	0	0	0
17185	85	171	11209	0	0	0
17186	86	171	8678	0	0	0
17187	87	171	13933	0	0	0
17188	88	171	7004	0	0	0
17189	89	171	16008	0	0	0
17190	90	171	12000	0	0	0
17191	91	171	17623	0	0	0
17192	92	171	17812	0	0	0
17193	93	171	19679	0	0	0
17194	94	171	9307	0	0	0
17195	95	171	5929	0	0	0
17196	96	171	12635	0	0	0
17197	97	171	13859	0	0	0
17198	98	171	15421	0	0	0
17199	99	171	19179	0	0	1
17200	0	172	9902	0	2	2
17201	1	172	3663	0	2	2
17202	2	172	12085	0	2	2
17203	3	172	12858	0	2	2
17204	4	172	9814	0	2	2
17205	5	172	11874	0	2	2
17206	6	172	13598	0	2	0
17207	7	172	1314	0	1	2
17208	8	172	4326	0	1	2
17209	9	172	3235	0	1	2
17210	10	172	229	0	1	2
17211	11	172	7337	0	1	2
17212	12	172	18401	0	1	2
17213	13	172	4913	0	1	2
17214	14	172	479	0	1	2
17215	15	172	1243	0	1	2
17216	16	172	2176	0	1	2
17217	17	172	8818	0	1	2
17218	18	172	12770	0	1	2
17219	19	172	14566	0	1	2
17220	20	172	16026	0	1	2
17221	21	172	16411	0	1	2
17222	22	172	17934	0	1	2
17223	23	172	13971	0	1	2
17224	24	172	16640	0	1	2
17225	25	172	395	0	1	2
17226	26	172	7892	0	1	2
17227	27	172	6100	0	1	1
17228	28	172	6650	0	1	1
17229	29	172	7934	0	1	1
17230	30	172	16933	0	1	1
17231	31	172	989	0	1	1
17232	32	172	5303	0	1	1
17233	33	172	9199	0	1	1
17234	34	172	1950	0	1	1
17235	35	172	18038	0	1	1
17236	36	172	10667	0	1	1
17237	37	172	12498	0	1	1
17238	38	172	18383	0	1	1
17239	39	172	2663	0	1	1
17240	40	172	4451	0	1	1
17241	41	172	18248	0	1	1
17242	42	172	5548	0	1	1
17243	43	172	16749	0	1	0
17244	44	172	18127	0	1	0
17245	45	172	1275	0	1	0
17246	46	172	14980	0	1	0
17247	47	172	14775	0	1	0
17248	48	172	2374	0	1	0
17249	49	172	12130	0	1	0
17250	50	172	18442	0	1	0
17251	51	172	17863	0	1	0
17252	52	172	13043	0	1	0
17253	53	172	16642	0	1	0
17254	54	172	17156	0	1	0
17255	55	172	6485	0	1	0
17256	56	172	1879	0	1	0
17257	57	172	8747	0	1	0
17258	58	172	15149	0	1	0
17259	59	172	17499	0	1	0
17260	60	172	17905	0	1	0
17261	61	172	4551	0	1	0
17262	62	172	1837	0	0	2
17263	63	172	12282	0	0	2
17264	64	172	9645	0	0	2
17265	65	172	1701	0	0	2
17266	66	172	7102	0	0	2
17267	67	172	2470	0	0	2
17268	68	172	5017	0	0	2
17269	69	172	17838	0	0	2
17270	70	172	19246	0	0	2
17271	71	172	573	0	0	2
17272	72	172	4650	0	0	2
17273	73	172	14671	0	0	2
17274	74	172	12906	0	0	2
17275	75	172	17282	0	0	2
17276	76	172	17283	0	0	2
17277	77	172	19459	0	0	2
17278	78	172	4139	0	0	1
17279	79	172	9315	0	0	1
17280	80	172	12401	0	0	1
17281	81	172	2756	0	0	1
17282	82	172	9484	0	0	1
17283	83	172	8659	0	0	1
17284	84	172	17003	0	0	1
17285	85	172	4210	0	0	1
17286	86	172	13466	0	0	0
17287	87	172	5245	0	0	0
17288	88	172	5246	0	0	0
17289	89	172	5247	0	0	0
17290	90	172	16862	0	0	0
17291	91	172	18813	0	0	0
17292	92	172	8667	0	0	0
17293	93	172	10608	0	0	0
17294	94	172	12681	0	0	0
17295	95	172	8982	0	0	0
17296	96	172	10836	0	0	0
17297	97	172	13904	0	0	0
17298	98	172	16072	0	0	0
17299	99	172	7727	0	0	1
17300	0	173	9633	0	2	2
17301	1	173	9792	0	2	1
17302	2	173	10504	0	2	1
17303	3	173	7549	0	2	1
17304	4	173	10469	0	2	1
17305	5	173	15473	0	2	1
17306	6	173	2941	0	1	3
17307	7	173	4427	0	1	3
17308	8	173	17538	0	1	3
17309	9	173	13535	0	1	3
17310	10	173	10239	0	1	2
17311	11	173	138	0	1	2
17312	12	173	4032	0	1	2
17313	13	173	2393	0	1	2
17314	14	173	5121	0	1	2
17315	15	173	1742	0	1	2
17316	16	173	2203	0	1	2
17317	17	173	5211	0	1	2
17318	18	173	8603	0	1	2
17319	19	173	14780	0	1	2
17320	20	173	345	0	1	2
17321	21	173	7646	0	1	2
17322	22	173	1654	0	1	2
17323	23	173	208	0	1	2
17324	24	173	9150	0	1	2
17325	25	173	10964	0	1	2
17326	26	173	12925	0	1	2
17327	27	173	13131	0	1	2
17328	28	173	15440	0	1	2
17329	29	173	19297	0	1	2
17330	30	173	18048	0	1	1
17331	31	173	3860	0	1	1
17332	32	173	7567	0	1	1
17333	33	173	3609	0	1	1
17334	34	173	12462	0	1	1
17335	35	173	18945	0	1	1
17336	36	173	19397	0	1	1
17337	37	173	3211	0	1	1
17338	38	173	3834	0	1	1
17339	39	173	1033	0	1	1
17340	40	173	3952	0	1	1
17341	41	173	4638	0	1	1
17342	42	173	8390	0	1	1
17343	43	173	10551	0	1	1
17344	44	173	12051	0	1	1
17345	45	173	12397	0	1	1
17346	46	173	13482	0	1	1
17347	47	173	18270	0	1	1
17348	48	173	15106	0	1	0
17349	49	173	2783	0	1	0
17350	50	173	17954	0	1	0
17351	51	173	18118	0	1	0
17352	52	173	19871	0	1	0
17353	53	173	13556	0	1	0
17354	54	173	5571	0	1	0
17355	55	173	6064	0	1	0
17356	56	173	12049	0	1	0
17357	57	173	5884	0	1	0
17358	58	173	18731	0	1	0
17359	59	173	5168	0	1	0
17360	60	173	7605	0	1	0
17361	61	173	11375	0	1	0
17362	62	173	12290	0	1	0
17363	63	173	15125	0	1	0
17364	64	173	18789	0	1	0
17365	65	173	18773	0	0	3
17366	66	173	14459	0	0	2
17367	67	173	13014	0	0	2
17368	68	173	4280	0	0	2
17369	69	173	18845	0	0	2
17370	70	173	10361	0	0	2
17371	71	173	15268	0	0	2
17372	72	173	9994	0	0	1
17373	73	173	19172	0	0	1
17374	74	173	14730	0	0	1
17375	75	173	174	0	0	1
17376	76	173	4163	0	0	1
17377	77	173	4637	0	0	1
17378	78	173	6049	0	0	1
17379	79	173	7571	0	0	1
17380	80	173	12981	0	0	1
17381	81	173	16412	0	0	1
17382	82	173	11652	0	0	0
17383	83	173	738	0	0	0
17384	84	173	6598	0	0	0
17385	85	173	8276	0	0	0
17386	86	173	10060	0	0	0
17387	87	173	10688	0	0	0
17388	88	173	14879	0	0	0
17389	89	173	19795	0	0	0
17390	90	173	17081	0	0	0
17391	91	173	5239	0	0	0
17392	92	173	2920	0	0	0
17393	93	173	3483	0	0	0
17394	94	173	4809	0	0	0
17395	95	173	13336	0	0	0
17396	96	173	13561	0	0	0
17397	97	173	16830	0	0	0
17398	98	173	18596	0	0	0
17399	99	173	2134	0	0	3
17400	0	174	9918	0	2	2
17401	1	174	1367	0	2	1
17402	2	174	3901	0	2	1
17403	3	174	3108	0	2	0
17404	4	174	8583	0	2	0
17405	5	174	6989	0	2	0
17406	6	174	5746	0	1	3
17407	7	174	5554	0	1	2
17408	8	174	7136	0	1	2
17409	9	174	11168	0	1	2
17410	10	174	18361	0	1	2
17411	11	174	6308	0	1	2
17412	12	174	12926	0	1	2
17413	13	174	1731	0	1	2
17414	14	174	13180	0	1	2
17415	15	174	18141	0	1	2
17416	16	174	7882	0	1	2
17417	17	174	15180	0	1	2
17418	18	174	253	0	1	2
17419	19	174	1523	0	1	2
17420	20	174	3022	0	1	2
17421	21	174	7404	0	1	2
17422	22	174	2729	0	1	2
17423	23	174	4680	0	1	2
17424	24	174	9719	0	1	1
17425	25	174	8734	0	1	1
17426	26	174	2202	0	1	1
17427	27	174	8345	0	1	1
17428	28	174	3109	0	1	1
17429	29	174	866	0	1	1
17430	30	174	11294	0	1	1
17431	31	174	8506	0	1	1
17432	32	174	9858	0	1	1
17433	33	174	14695	0	1	1
17434	34	174	3969	0	1	1
17435	35	174	11881	0	1	1
17436	36	174	10694	0	1	1
17437	37	174	16384	0	1	1
17438	38	174	10339	0	1	1
17439	39	174	11534	0	1	1
17440	40	174	4584	0	1	1
17441	41	174	17667	0	1	1
17442	42	174	4226	0	1	1
17443	43	174	8531	0	1	1
17444	44	174	9483	0	1	1
17445	45	174	6565	0	1	0
17446	46	174	12873	0	1	0
17447	47	174	18406	0	1	0
17448	48	174	1352	0	1	0
17449	49	174	3317	0	1	0
17450	50	174	7012	0	1	0
17451	51	174	5744	0	1	0
17452	52	174	5745	0	1	0
17453	53	174	16291	0	1	0
17454	54	174	18347	0	1	0
17455	55	174	6600	0	1	0
17456	56	174	16163	0	1	0
17457	57	174	6484	0	1	0
17458	58	174	2213	0	0	3
17459	59	174	16956	0	0	2
17460	60	174	4572	0	0	2
17461	61	174	5489	0	0	2
17462	62	174	2178	0	0	2
17463	63	174	2179	0	0	2
17464	64	174	9268	0	0	2
17465	65	174	10420	0	0	2
17466	66	174	1	0	0	2
17467	67	174	3335	0	0	2
17468	68	174	19060	0	0	2
17469	69	174	11426	0	0	2
17470	70	174	680	0	0	2
17471	71	174	18902	0	0	1
17472	72	174	5230	0	0	1
17473	73	174	9203	0	0	1
17474	74	174	15207	0	0	1
17475	75	174	4684	0	0	1
17476	76	174	2156	0	0	1
17477	77	174	5849	0	0	1
17478	78	174	7363	0	0	1
17479	79	174	12660	0	0	0
17480	80	174	12899	0	0	0
17481	81	174	16414	0	0	0
17482	82	174	5099	0	0	0
17483	83	174	9197	0	0	0
17484	84	174	13865	0	0	0
17485	85	174	13037	0	0	0
17486	86	174	18054	0	0	0
17487	87	174	11790	0	0	0
17488	88	174	5603	0	0	0
17489	89	174	8944	0	0	0
17490	90	174	8434	0	0	0
17491	91	174	5547	0	0	0
17492	92	174	7941	0	0	0
17493	93	174	11693	0	0	0
17494	94	174	5799	0	0	0
17495	95	174	19260	0	0	0
17496	96	174	639	0	0	0
17497	97	174	8922	0	0	0
17498	98	174	9049	0	0	0
17499	99	174	10162	0	0	0
17500	0	175	7441	0	2	2
17501	1	175	8921	0	2	2
17502	2	175	592	0	2	2
17503	3	175	15366	0	2	2
17504	4	175	1285	0	2	2
17505	5	175	8482	0	2	2
17506	6	175	9941	0	2	2
17507	7	175	17437	0	2	1
17508	8	175	12369	0	2	1
17509	9	175	1542	0	2	1
17510	10	175	1432	0	2	0
17511	11	175	9465	0	2	0
17512	12	175	10534	0	1	3
17513	13	175	14426	0	1	2
17514	14	175	15363	0	1	2
17515	15	175	19189	0	1	2
17516	16	175	2137	0	1	2
17517	17	175	2138	0	1	2
17518	18	175	2839	0	1	2
17519	19	175	18120	0	1	2
17520	20	175	6660	0	1	2
17521	21	175	17086	0	1	2
17522	22	175	4733	0	1	2
17523	23	175	723	0	1	2
17524	24	175	13420	0	1	2
17525	25	175	5607	0	1	2
17526	26	175	7283	0	1	2
17527	27	175	44	0	1	2
17528	28	175	576	0	1	2
17529	29	175	3562	0	1	2
17530	30	175	16313	0	1	1
17531	31	175	18834	0	1	1
17532	32	175	15706	0	1	1
17533	33	175	928	0	1	1
17534	34	175	2602	0	1	1
17535	35	175	12843	0	1	1
17536	36	175	11036	0	1	1
17537	37	175	1369	0	1	1
17538	38	175	12924	0	1	1
17539	39	175	17451	0	1	1
17540	40	175	1059	0	1	1
17541	41	175	10182	0	1	1
17542	42	175	5495	0	1	1
17543	43	175	11500	0	1	1
17544	44	175	5470	0	1	1
17545	45	175	5471	0	1	1
17546	46	175	3882	0	1	1
17547	47	175	4448	0	1	1
17548	48	175	5506	0	1	1
17549	49	175	10772	0	1	1
17550	50	175	12017	0	1	1
17551	51	175	11338	0	1	0
17552	52	175	13712	0	1	0
17553	53	175	14338	0	1	0
17554	54	175	16671	0	1	0
17555	55	175	18562	0	1	0
17556	56	175	18611	0	1	0
17557	57	175	1582	0	1	0
17558	58	175	3585	0	1	0
17559	59	175	5690	0	1	0
17560	60	175	7589	0	1	0
17561	61	175	18329	0	1	0
17562	62	175	7782	0	1	0
17563	63	175	17303	0	1	0
17564	64	175	13686	0	1	0
17565	65	175	12330	0	1	0
17566	66	175	18998	0	1	0
17567	67	175	18999	0	1	0
17568	68	175	15171	0	1	0
17569	69	175	6379	0	1	0
17570	70	175	10129	0	1	0
17571	71	175	17165	0	1	0
17572	72	175	12433	0	1	0
17573	73	175	6096	0	1	0
17574	74	175	19071	0	0	2
17575	75	175	19035	0	0	2
17576	76	175	14755	0	0	2
17577	77	175	2494	0	0	2
17578	78	175	12668	0	0	2
17579	79	175	17265	0	0	2
17580	80	175	12305	0	0	2
17581	81	175	11288	0	0	2
17582	82	175	13518	0	0	1
17583	83	175	15906	0	0	1
17584	84	175	16006	0	0	1
17585	85	175	9930	0	0	1
17586	86	175	15467	0	0	1
17587	87	175	5848	0	0	1
17588	88	175	1136	0	0	1
17589	89	175	14341	0	0	0
17590	90	175	17130	0	0	0
17591	91	175	8635	0	0	0
17592	92	175	5890	0	0	0
17593	93	175	5212	0	0	0
17594	94	175	14511	0	0	0
17595	95	175	7495	0	0	0
17596	96	175	17084	0	0	0
17597	97	175	5575	0	0	0
17598	98	175	10736	0	0	0
17599	99	175	12573	0	0	2
17600	0	176	17428	0	2	2
17601	1	176	7865	0	2	2
17602	2	176	11758	0	2	1
17603	3	176	13734	0	2	0
17604	4	176	9809	0	2	0
17605	5	176	19184	0	1	2
17606	6	176	1847	0	1	2
17607	7	176	17049	0	1	2
17608	8	176	17500	0	1	2
17609	9	176	5513	0	1	2
17610	10	176	5685	0	1	2
17611	11	176	5686	0	1	2
17612	12	176	3053	0	1	2
17613	13	176	10792	0	1	2
17614	14	176	4248	0	1	2
17615	15	176	11352	0	1	2
17616	16	176	1255	0	1	2
17617	17	176	5862	0	1	2
17618	18	176	19069	0	1	2
17619	19	176	19383	0	1	2
17620	20	176	17148	0	1	2
17621	21	176	1357	0	1	2
17622	22	176	4582	0	1	2
17623	23	176	1377	0	1	1
17624	24	176	16998	0	1	1
17625	25	176	9402	0	1	1
17626	26	176	1042	0	1	1
17627	27	176	10910	0	1	1
17628	28	176	18578	0	1	1
17629	29	176	5963	0	1	1
17630	30	176	8265	0	1	1
17631	31	176	1247	0	1	1
17632	32	176	1248	0	1	1
17633	33	176	17896	0	1	1
17634	34	176	2140	0	1	1
17635	35	176	11038	0	1	1
17636	36	176	1562	0	1	1
17637	37	176	13115	0	1	0
17638	38	176	15101	0	1	0
17639	39	176	15879	0	1	0
17640	40	176	15972	0	1	0
17641	41	176	16841	0	1	0
17642	42	176	12771	0	1	0
17643	43	176	15786	0	1	0
17644	44	176	15804	0	1	0
17645	45	176	11223	0	1	0
17646	46	176	15170	0	1	0
17647	47	176	11492	0	1	0
17648	48	176	7561	0	1	0
17649	49	176	4869	0	1	0
17650	50	176	5241	0	1	0
17651	51	176	2773	0	1	0
17652	52	176	17066	0	1	0
17653	53	176	8640	0	1	0
17654	54	176	12431	0	1	0
17655	55	176	13183	0	1	0
17656	56	176	14504	0	1	0
17657	57	176	1280	0	1	0
17658	58	176	3879	0	1	0
17659	59	176	4303	0	1	0
17660	60	176	4686	0	1	0
17661	61	176	6625	0	1	0
17662	62	176	203	0	0	2
17663	63	176	1515	0	0	2
17664	64	176	19177	0	0	2
17665	65	176	18002	0	0	2
17666	66	176	3462	0	0	2
17667	67	176	3463	0	0	2
17668	68	176	13231	0	0	2
17669	69	176	18093	0	0	2
17670	70	176	18638	0	0	2
17671	71	176	4524	0	0	2
17672	72	176	719	0	0	2
17673	73	176	11595	0	0	2
17674	74	176	5086	0	0	1
17675	75	176	998	0	0	1
17676	76	176	5946	0	0	1
17677	77	176	6324	0	0	1
17678	78	176	12240	0	0	1
17679	79	176	2643	0	0	1
17680	80	176	13224	0	0	1
17681	81	176	7224	0	0	1
17682	82	176	19492	0	0	1
17683	83	176	8121	0	0	1
17684	84	176	11930	0	0	0
17685	85	176	15410	0	0	0
17686	86	176	2314	0	0	0
17687	87	176	9317	0	0	0
17688	88	176	9681	0	0	0
17689	89	176	8853	0	0	0
17690	90	176	18534	0	0	0
17691	91	176	2792	0	0	0
17692	92	176	15064	0	0	0
17693	93	176	15317	0	0	0
17694	94	176	16305	0	0	0
17695	95	176	11687	0	0	0
17696	96	176	2356	0	0	0
17697	97	176	10509	0	0	0
17698	98	176	10510	0	0	0
17699	99	176	12150	0	0	1
17700	0	177	17562	0	2	2
17701	1	177	9686	0	2	2
17702	2	177	8825	0	2	2
17703	3	177	16222	0	2	2
17704	4	177	8272	0	2	2
17705	5	177	12513	0	2	2
17706	6	177	17099	0	2	1
17707	7	177	2490	0	2	1
17708	8	177	8243	0	2	1
17709	9	177	7142	0	2	1
17710	10	177	2861	0	2	0
17711	11	177	6328	0	2	0
17712	12	177	19318	0	2	0
17713	13	177	17627	0	2	0
17714	14	177	15818	0	1	3
17715	15	177	2144	0	1	3
17716	16	177	1573	0	1	3
17717	17	177	16964	0	1	2
17718	18	177	7835	0	1	2
17719	19	177	17478	0	1	2
17720	20	177	15559	0	1	2
17721	21	177	1456	0	1	2
17722	22	177	1612	0	1	2
17723	23	177	9135	0	1	2
17724	24	177	1566	0	1	2
17725	25	177	14075	0	1	2
17726	26	177	14983	0	1	2
17727	27	177	3035	0	1	2
17728	28	177	18938	0	1	2
17729	29	177	3674	0	1	2
17730	30	177	8166	0	1	2
17731	31	177	1696	0	1	2
17732	32	177	1752	0	1	2
17733	33	177	9450	0	1	2
17734	34	177	32	0	1	2
17735	35	177	1330	0	1	2
17736	36	177	1331	0	1	2
17737	37	177	1821	0	1	2
17738	38	177	7555	0	1	2
17739	39	177	11516	0	1	2
17740	40	177	19159	0	1	1
17741	41	177	7088	0	1	1
17742	42	177	7554	0	1	1
17743	43	177	1461	0	1	1
17744	44	177	7844	0	1	1
17745	45	177	18727	0	1	1
17746	46	177	835	0	1	1
17747	47	177	1252	0	1	1
17748	48	177	11979	0	1	1
17749	49	177	3573	0	1	1
17750	50	177	3907	0	1	1
17751	51	177	6644	0	1	1
17752	52	177	7596	0	1	1
17753	53	177	10148	0	1	1
17754	54	177	12769	0	1	0
17755	55	177	12928	0	1	0
17756	56	177	14474	0	1	0
17757	57	177	8003	0	1	0
17758	58	177	6045	0	1	0
17759	59	177	1419	0	1	0
17760	60	177	12250	0	1	0
17761	61	177	8541	0	1	0
17762	62	177	9950	0	1	0
17763	63	177	18567	0	1	0
17764	64	177	11272	0	1	0
17765	65	177	12084	0	1	0
17766	66	177	6349	0	1	0
17767	67	177	10462	0	1	0
17768	68	177	12590	0	1	0
17769	69	177	13736	0	1	0
17770	70	177	14821	0	1	0
17771	71	177	7568	0	0	3
17772	72	177	11438	0	0	3
17773	73	177	15701	0	0	2
17774	74	177	16907	0	0	2
17775	75	177	9025	0	0	2
17776	76	177	2525	0	0	2
17777	77	177	13763	0	0	2
17778	78	177	12322	0	0	2
17779	79	177	4641	0	0	2
17780	80	177	5979	0	0	2
17781	81	177	13555	0	0	2
17782	82	177	10260	0	0	1
17783	83	177	10501	0	0	1
17784	84	177	13500	0	0	0
17785	85	177	13740	0	0	0
17786	86	177	15606	0	0	0
17787	87	177	15655	0	0	0
17788	88	177	10645	0	0	0
17789	89	177	11214	0	0	0
17790	90	177	14709	0	0	0
17791	91	177	10107	0	0	0
17792	92	177	2774	0	0	0
17793	93	177	6596	0	0	0
17794	94	177	7071	0	0	0
17795	95	177	7888	0	0	0
17796	96	177	8014	0	0	0
17797	97	177	8125	0	0	0
17798	98	177	14108	0	0	0
17799	99	177	14134	0	0	0
17800	0	178	3119	0	2	2
17801	1	178	3825	0	2	2
17802	2	178	8804	0	2	2
17803	3	178	16945	0	2	2
17804	4	178	15694	0	2	2
17805	5	178	9022	0	2	2
17806	6	178	18315	0	2	1
17807	7	178	1198	0	2	1
17808	8	178	10287	0	2	1
17809	9	178	1442	0	2	1
17810	10	178	1462	0	2	1
17811	11	178	6692	0	2	0
17812	12	178	4893	0	1	3
17813	13	178	16905	0	1	3
17814	14	178	18413	0	1	2
17815	15	178	2109	0	1	2
17816	16	178	2237	0	1	2
17817	17	178	8714	0	1	2
17818	18	178	14151	0	1	2
17819	19	178	10126	0	1	2
17820	20	178	7671	0	1	2
17821	21	178	2971	0	1	2
17822	22	178	1471	0	1	2
17823	23	178	2448	0	1	2
17824	24	178	8861	0	1	2
17825	25	178	2856	0	1	2
17826	26	178	3386	0	1	2
17827	27	178	26	0	1	2
17828	28	178	1801	0	1	2
17829	29	178	2221	0	1	2
17830	30	178	17972	0	1	1
17831	31	178	18476	0	1	1
17832	32	178	2584	0	1	1
17833	33	178	9296	0	1	1
17834	34	178	14239	0	1	1
17835	35	178	19206	0	1	1
17836	36	178	6228	0	1	1
17837	37	178	1970	0	1	1
17838	38	178	11471	0	1	1
17839	39	178	2928	0	1	1
17840	40	178	10370	0	1	1
17841	41	178	3571	0	1	1
17842	42	178	3183	0	1	1
17843	43	178	9671	0	1	1
17844	44	178	10536	0	1	1
17845	45	178	16764	0	1	1
17846	46	178	7845	0	1	1
17847	47	178	3142	0	1	1
17848	48	178	12436	0	1	1
17849	49	178	10780	0	1	1
17850	50	178	11120	0	1	1
17851	51	178	15043	0	1	1
17852	52	178	4213	0	1	1
17853	53	178	14896	0	1	0
17854	54	178	16892	0	1	0
17855	55	178	19774	0	1	0
17856	56	178	4858	0	1	0
17857	57	178	9304	0	1	0
17858	58	178	11035	0	1	0
17859	59	178	1458	0	1	0
17860	60	178	14112	0	1	0
17861	61	178	9116	0	1	0
17862	62	178	8529	0	1	0
17863	63	178	13622	0	1	0
17864	64	178	1266	0	1	0
17865	65	178	2762	0	1	0
17866	66	178	6612	0	1	0
17867	67	178	14275	0	1	0
17868	68	178	17468	0	1	0
17869	69	178	13011	0	1	0
17870	70	178	2061	0	1	0
17871	71	178	3097	0	1	0
17872	72	178	18099	0	0	3
17873	73	178	18089	0	0	2
17874	74	178	19337	0	0	2
17875	75	178	12078	0	0	2
17876	76	178	7858	0	0	2
17877	77	178	1190	0	0	2
17878	78	178	2541	0	0	1
17879	79	178	11460	0	0	1
17880	80	178	12857	0	0	1
17881	81	178	6098	0	0	1
17882	82	178	11577	0	0	1
17883	83	178	9583	0	0	1
17884	84	178	12493	0	0	1
17885	85	178	4136	0	0	0
17886	86	178	14323	0	0	0
17887	87	178	5634	0	0	0
17888	88	178	9528	0	0	0
17889	89	178	5483	0	0	0
17890	90	178	12554	0	0	0
17891	91	178	15045	0	0	0
17892	92	178	5867	0	0	0
17893	93	178	17261	0	0	0
17894	94	178	6153	0	0	0
17895	95	178	8499	0	0	0
17896	96	178	11091	0	0	0
17897	97	178	17334	0	0	0
17898	98	178	5715	0	0	0
17899	99	178	6271	0	0	2
17900	0	179	9561	0	2	2
17901	1	179	16000	0	2	2
17902	2	179	737	0	2	2
17903	3	179	13883	0	2	2
17904	4	179	1664	0	2	2
17905	5	179	13305	0	2	1
17906	6	179	3426	0	2	1
17907	7	179	12524	0	2	0
17908	8	179	17162	0	2	0
17909	9	179	9373	0	2	0
17910	10	179	18837	0	2	0
17911	11	179	11651	0	1	3
17912	12	179	8597	0	1	2
17913	13	179	16893	0	1	2
17914	14	179	17105	0	1	2
17915	15	179	2199	0	1	2
17916	16	179	5800	0	1	2
17917	17	179	246	0	1	2
17918	18	179	5530	0	1	2
17919	19	179	17075	0	1	2
17920	20	179	19068	0	1	2
17921	21	179	6182	0	1	2
17922	22	179	5044	0	1	2
17923	23	179	7081	0	1	2
17924	24	179	7938	0	1	2
17925	25	179	10421	0	1	2
17926	26	179	10624	0	1	2
17927	27	179	11988	0	1	2
17928	28	179	12752	0	1	2
17929	29	179	14688	0	1	2
17930	30	179	18297	0	1	2
17931	31	179	7985	0	1	1
17932	32	179	9995	0	1	1
17933	33	179	17515	0	1	1
17934	34	179	11213	0	1	1
17935	35	179	11573	0	1	1
17936	36	179	16796	0	1	1
17937	37	179	4152	0	1	1
17938	38	179	7408	0	1	1
17939	39	179	13509	0	1	1
17940	40	179	1695	0	1	1
17941	41	179	7028	0	1	1
17942	42	179	2456	0	1	1
17943	43	179	6270	0	1	1
17944	44	179	10392	0	1	1
17945	45	179	5186	0	1	1
17946	46	179	14949	0	1	1
17947	47	179	17166	0	1	1
17948	48	179	1629	0	1	1
17949	49	179	9758	0	1	0
17950	50	179	13685	0	1	0
17951	51	179	16899	0	1	0
17952	52	179	3521	0	1	0
17953	53	179	3237	0	1	0
17954	54	179	11247	0	1	0
17955	55	179	19843	0	1	0
17956	56	179	8455	0	1	0
17957	57	179	7822	0	1	0
17958	58	179	12259	0	1	0
17959	59	179	3828	0	1	0
17960	60	179	7967	0	1	0
17961	61	179	12336	0	1	0
17962	62	179	10446	0	0	2
17963	63	179	5037	0	0	2
17964	64	179	15391	0	0	2
17965	65	179	16013	0	0	2
17966	66	179	5269	0	0	2
17967	67	179	16703	0	0	2
17968	68	179	4544	0	0	2
17969	69	179	7541	0	0	2
17970	70	179	451	0	0	2
17971	71	179	1450	0	0	2
17972	72	179	9403	0	0	2
17973	73	179	9818	0	0	2
17974	74	179	14719	0	0	2
17975	75	179	16498	0	0	2
17976	76	179	18231	0	0	2
17977	77	179	19466	0	0	1
17978	78	179	6752	0	0	1
17979	79	179	12779	0	0	1
17980	80	179	8795	0	0	1
17981	81	179	1466	0	0	1
17982	82	179	3459	0	0	1
17983	83	179	7924	0	0	1
17984	84	179	8534	0	0	1
17985	85	179	12993	0	0	1
17986	86	179	12001	0	0	0
17987	87	179	11324	0	0	0
17988	88	179	14864	0	0	0
17989	89	179	4983	0	0	0
17990	90	179	12958	0	0	0
17991	91	179	6108	0	0	0
17992	92	179	16134	0	0	0
17993	93	179	2251	0	0	0
17994	94	179	9750	0	0	0
17995	95	179	16883	0	0	0
17996	96	179	15089	0	0	0
17997	97	179	17366	0	0	0
17998	98	179	19638	0	0	0
17999	99	179	19639	0	0	0
18000	0	180	16598	0	2	2
18001	1	180	9912	0	2	2
18002	2	180	2796	0	2	2
18003	3	180	8573	0	2	2
18004	4	180	5249	0	2	1
18005	5	180	16399	0	2	0
18006	6	180	11608	0	2	0
18007	7	180	3668	0	2	0
18008	8	180	7361	0	2	0
18009	9	180	7969	0	2	0
18010	10	180	2716	0	1	3
18011	11	180	4093	0	1	3
18012	12	180	4121	0	1	2
18013	13	180	19696	0	1	2
18014	14	180	5931	0	1	2
18015	15	180	11118	0	1	2
18016	16	180	12539	0	1	2
18017	17	180	8271	0	1	2
18018	18	180	18514	0	1	2
18019	19	180	354	0	1	2
18020	20	180	1998	0	1	2
18021	21	180	4092	0	1	2
18022	22	180	10002	0	1	2
18023	23	180	16931	0	1	2
18024	24	180	12629	0	1	2
18025	25	180	14584	0	1	2
18026	26	180	16803	0	1	2
18027	27	180	3251	0	1	1
18028	28	180	11457	0	1	1
18029	29	180	19660	0	1	1
18030	30	180	13208	0	1	1
18031	31	180	8199	0	1	1
18032	32	180	8809	0	1	1
18033	33	180	9895	0	1	1
18034	34	180	16299	0	1	1
18035	35	180	17800	0	1	1
18036	36	180	3880	0	1	1
18037	37	180	13676	0	1	1
18038	38	180	17420	0	1	1
18039	39	180	4079	0	1	1
18040	40	180	1719	0	1	1
18041	41	180	4767	0	1	1
18042	42	180	17819	0	1	1
18043	43	180	18319	0	1	1
18044	44	180	6162	0	1	1
18045	45	180	12817	0	1	1
18046	46	180	7513	0	1	1
18047	47	180	14633	0	1	1
18048	48	180	3669	0	1	1
18049	49	180	3018	0	1	1
18050	50	180	8757	0	1	0
18051	51	180	13248	0	1	0
18052	52	180	3885	0	1	0
18053	53	180	7843	0	1	0
18054	54	180	16516	0	1	0
18055	55	180	5994	0	1	0
18056	56	180	9897	0	1	0
18057	57	180	12325	0	1	0
18058	58	180	16530	0	1	0
18059	59	180	18303	0	1	0
18060	60	180	12776	0	1	0
18061	61	180	8643	0	1	0
18062	62	180	19261	0	1	0
18063	63	180	13448	0	1	0
18064	64	180	7042	0	1	0
18065	65	180	15537	0	1	0
18066	66	180	15771	0	1	0
18067	67	180	12526	0	1	0
18068	68	180	17275	0	1	0
18069	69	180	5181	0	1	0
18070	70	180	19678	0	0	3
18071	71	180	5480	0	0	2
18072	72	180	4272	0	0	2
18073	73	180	8049	0	0	2
18074	74	180	0	0	0	2
18075	75	180	14435	0	0	2
18076	76	180	7161	0	0	1
18077	77	180	6198	0	0	1
18078	78	180	16048	0	0	1
18079	79	180	892	0	0	1
18080	80	180	13602	0	0	1
18081	81	180	11905	0	0	1
18082	82	180	18091	0	0	1
18083	83	180	14822	0	0	0
18084	84	180	13159	0	0	0
18085	85	180	13313	0	0	0
18086	86	180	10379	0	0	0
18087	87	180	2269	0	0	0
18088	88	180	4914	0	0	0
18089	89	180	8883	0	0	0
18090	90	180	5721	0	0	0
18091	91	180	7559	0	0	0
18092	92	180	13427	0	0	0
18093	93	180	18550	0	0	0
18094	94	180	8411	0	0	0
18095	95	180	3288	0	0	0
18096	96	180	9678	0	0	0
18097	97	180	6027	0	0	0
18098	98	180	13583	0	0	0
18099	99	180	15446	0	0	2
18100	0	181	10198	0	2	2
18101	1	181	2165	0	2	2
18102	2	181	5336	0	2	1
18103	3	181	1452	0	2	1
18104	4	181	13866	0	2	1
18105	5	181	2192	0	2	1
18106	6	181	4297	0	2	1
18107	7	181	15528	0	2	0
18108	8	181	1494	0	2	0
18109	9	181	1188	0	1	3
18110	10	181	14735	0	1	3
18111	11	181	52	0	1	2
18112	12	181	5752	0	1	2
18113	13	181	15075	0	1	2
18114	14	181	4581	0	1	2
18115	15	181	15197	0	1	2
18116	16	181	17982	0	1	2
18117	17	181	18171	0	1	2
18118	18	181	248	0	1	2
18119	19	181	778	0	1	2
18120	20	181	8039	0	1	2
18121	21	181	12428	0	1	2
18122	22	181	18669	0	1	2
18123	23	181	17725	0	1	2
18124	24	181	1554	0	1	2
18125	25	181	4254	0	1	2
18126	26	181	14713	0	1	2
18127	27	181	19252	0	1	2
18128	28	181	9964	0	1	2
18129	29	181	312	0	1	2
18130	30	181	13151	0	1	2
18131	31	181	3224	0	1	2
18132	32	181	14717	0	1	2
18133	33	181	1671	0	1	1
18134	34	181	14512	0	1	1
18135	35	181	12082	0	1	1
18136	36	181	15941	0	1	1
18137	37	181	16047	0	1	1
18138	38	181	7251	0	1	1
18139	39	181	17701	0	1	1
18140	40	181	14595	0	1	1
18141	41	181	3415	0	1	1
18142	42	181	15802	0	1	1
18143	43	181	17251	0	1	1
18144	44	181	18986	0	1	1
18145	45	181	19867	0	1	1
18146	46	181	2353	0	1	1
18147	47	181	7885	0	1	1
18148	48	181	5182	0	1	0
18149	49	181	5604	0	1	0
18150	50	181	9639	0	1	0
18151	51	181	16595	0	1	0
18152	52	181	15223	0	1	0
18153	53	181	3320	0	1	0
18154	54	181	4911	0	1	0
18155	55	181	5022	0	1	0
18156	56	181	10029	0	1	0
18157	57	181	18606	0	1	0
18158	58	181	7043	0	1	0
18159	59	181	16377	0	1	0
18160	60	181	9342	0	1	0
18161	61	181	9343	0	1	0
18162	62	181	13024	0	1	0
18163	63	181	10191	0	1	0
18164	64	181	6486	0	0	2
18165	65	181	9605	0	0	2
18166	66	181	10594	0	0	2
18167	67	181	9534	0	0	2
18168	68	181	11888	0	0	2
18169	69	181	9924	0	0	2
18170	70	181	11207	0	0	2
18171	71	181	13644	0	0	2
18172	72	181	14985	0	0	2
18173	73	181	15124	0	0	2
18174	74	181	11354	0	0	2
18175	75	181	5541	0	0	2
18176	76	181	4059	0	0	1
18177	77	181	10955	0	0	1
18178	78	181	5643	0	0	1
18179	79	181	19559	0	0	1
18180	80	181	9878	0	0	1
18181	81	181	4937	0	0	1
18182	82	181	7204	0	0	0
18183	83	181	16465	0	0	0
18184	84	181	8591	0	0	0
18185	85	181	5646	0	0	0
18186	86	181	15762	0	0	0
18187	87	181	17139	0	0	0
18188	88	181	12318	0	0	0
18189	89	181	12375	0	0	0
18190	90	181	18878	0	0	0
18191	91	181	10927	0	0	0
18192	92	181	4716	0	0	0
18193	93	181	15038	0	0	0
18194	94	181	16079	0	0	0
18195	95	181	7908	0	0	0
18196	96	181	10453	0	0	0
18197	97	181	12534	0	0	0
18198	98	181	2283	0	0	0
18199	99	181	6066	0	0	2
18200	0	182	12304	0	2	2
18201	1	182	13808	0	2	2
18202	2	182	644	0	2	2
18203	3	182	6402	0	2	2
18204	4	182	11386	0	2	2
18205	5	182	15372	0	2	2
18206	6	182	1217	0	2	1
18207	7	182	3798	0	2	1
18208	8	182	10355	0	2	1
18209	9	182	15356	0	2	1
18210	10	182	17664	0	2	0
18211	11	182	9260	0	1	3
18212	12	182	15072	0	1	3
18213	13	182	6606	0	1	2
18214	14	182	16908	0	1	2
18215	15	182	18702	0	1	2
18216	16	182	1798	0	1	2
18217	17	182	4843	0	1	2
18218	18	182	10155	0	1	2
18219	19	182	12363	0	1	2
18220	20	182	19377	0	1	2
18221	21	182	19704	0	1	2
18222	22	182	625	0	1	2
18223	23	182	14364	0	1	2
18224	24	182	1310	0	1	2
18225	25	182	12069	0	1	2
18226	26	182	19669	0	1	2
18227	27	182	7201	0	1	2
18228	28	182	16330	0	1	2
18229	29	182	4505	0	1	2
18230	30	182	1262	0	1	2
18231	31	182	245	0	1	2
18232	32	182	74	0	1	2
18233	33	182	75	0	1	2
18234	34	182	76	0	1	2
18235	35	182	77	0	1	2
18236	36	182	1219	0	1	2
18237	37	182	1603	0	1	2
18238	38	182	1474	0	1	2
18239	39	182	2218	0	1	2
18240	40	182	2935	0	1	2
18241	41	182	7036	0	1	1
18242	42	182	12980	0	1	1
18243	43	182	1734	0	1	1
18244	44	182	18187	0	1	1
18245	45	182	6812	0	1	1
18246	46	182	10122	0	1	1
18247	47	182	15885	0	1	1
18248	48	182	3496	0	1	1
18249	49	182	17638	0	1	1
18250	50	182	19592	0	1	1
18251	51	182	4389	0	1	1
18252	52	182	9318	0	1	1
18253	53	182	14784	0	1	1
18254	54	182	15862	0	1	1
18255	55	182	15417	0	1	1
18256	56	182	14200	0	1	1
18257	57	182	5330	0	1	1
18258	58	182	4146	0	1	0
18259	59	182	6140	0	1	0
18260	60	182	3871	0	1	0
18261	61	182	12996	0	1	0
18262	62	182	15910	0	1	0
18263	63	182	9933	0	1	0
18264	64	182	13505	0	1	0
18265	65	182	16092	0	1	0
18266	66	182	2676	0	1	0
18267	67	182	8079	0	1	0
18268	68	182	14316	0	1	0
18269	69	182	9040	0	1	0
18270	70	182	11217	0	0	2
18271	71	182	785	0	0	2
18272	72	182	4482	0	0	2
18273	73	182	11155	0	0	2
18274	74	182	18619	0	0	2
18275	75	182	10891	0	0	2
18276	76	182	799	0	0	2
18277	77	182	1517	0	0	2
18278	78	182	17668	0	0	1
18279	79	182	1069	0	0	1
18280	80	182	7641	0	0	1
18281	81	182	8641	0	0	1
18282	82	182	9873	0	0	1
18283	83	182	16025	0	0	1
18284	84	182	16891	0	0	1
18285	85	182	12680	0	0	1
18286	86	182	10022	0	0	1
18287	87	182	5905	0	0	0
18288	88	182	14432	0	0	0
18289	89	182	4144	0	0	0
18290	90	182	10294	0	0	0
18291	91	182	5844	0	0	0
18292	92	182	19328	0	0	0
18293	93	182	2177	0	0	0
18294	94	182	3925	0	0	0
18295	95	182	7165	0	0	0
18296	96	182	10116	0	0	0
18297	97	182	19877	0	0	0
18298	98	182	5683	0	0	0
18299	99	182	15527	0	0	2
18300	0	183	13460	0	2	2
18301	1	183	1431	0	2	2
18302	2	183	2985	0	2	2
18303	3	183	17517	0	2	1
18304	4	183	7239	0	2	1
18305	5	183	8018	0	2	1
18306	6	183	9989	0	2	1
18307	7	183	10992	0	2	1
18308	8	183	10932	0	2	0
18309	9	183	4986	0	1	3
18310	10	183	3132	0	1	3
18311	11	183	16916	0	1	3
18312	12	183	5567	0	1	2
18313	13	183	6141	0	1	2
18314	14	183	7853	0	1	2
18315	15	183	12108	0	1	2
18316	16	183	16934	0	1	2
18317	17	183	6397	0	1	2
18318	18	183	10951	0	1	2
18319	19	183	19675	0	1	2
18320	20	183	22	0	1	2
18321	21	183	770	0	1	2
18322	22	183	14620	0	1	2
18323	23	183	6947	0	1	2
18324	24	183	6070	0	1	2
18325	25	183	11455	0	1	2
18326	26	183	14116	0	1	2
18327	27	183	5391	0	1	2
18328	28	183	13894	0	1	2
18329	29	183	7282	0	1	1
18330	30	183	8260	0	1	1
18331	31	183	10164	0	1	1
18332	32	183	9775	0	1	1
18333	33	183	10896	0	1	1
18334	34	183	1206	0	1	1
18335	35	183	13801	0	1	1
18336	36	183	1940	0	1	1
18337	37	183	8160	0	1	1
18338	38	183	1615	0	1	1
18339	39	183	1616	0	1	1
18340	40	183	14366	0	1	1
18341	41	183	12167	0	1	1
18342	42	183	2230	0	1	1
18343	43	183	2220	0	1	1
18344	44	183	16589	0	1	1
18345	45	183	3728	0	1	0
18346	46	183	13230	0	1	0
18347	47	183	2187	0	1	0
18348	48	183	13571	0	1	0
18349	49	183	9408	0	1	0
18350	50	183	5928	0	1	0
18351	51	183	5837	0	1	0
18352	52	183	13136	0	1	0
18353	53	183	18092	0	1	0
18354	54	183	14246	0	1	0
18355	55	183	19385	0	1	0
18356	56	183	17063	0	1	0
18357	57	183	1906	0	1	0
18358	58	183	7760	0	1	0
18359	59	183	8732	0	1	0
18360	60	183	10250	0	1	0
18361	61	183	10425	0	1	0
18362	62	183	17788	0	1	0
18363	63	183	7505	0	0	3
18364	64	183	6639	0	0	2
18365	65	183	17579	0	0	2
18366	66	183	6296	0	0	2
18367	67	183	13830	0	0	2
18368	68	183	882	0	0	2
18369	69	183	16492	0	0	2
18370	70	183	261	0	0	2
18371	71	183	12684	0	0	2
18372	72	183	19424	0	0	1
18373	73	183	10737	0	0	1
18374	74	183	9224	0	0	1
18375	75	183	9098	0	0	1
18376	76	183	18750	0	0	1
18377	77	183	18198	0	0	1
18378	78	183	12119	0	0	1
18379	79	183	6814	0	0	1
18380	80	183	6770	0	0	1
18381	81	183	10679	0	0	1
18382	82	183	10894	0	0	0
18383	83	183	18923	0	0	0
18384	84	183	19409	0	0	0
18385	85	183	5522	0	0	0
18386	86	183	5814	0	0	0
18387	87	183	12261	0	0	0
18388	88	183	8467	0	0	0
18389	89	183	4306	0	0	0
18390	90	183	8214	0	0	0
18391	91	183	18828	0	0	0
18392	92	183	11041	0	0	0
18393	93	183	4251	0	0	0
18394	94	183	19570	0	0	0
18395	95	183	7480	0	0	0
18396	96	183	7730	0	0	0
18397	97	183	12055	0	0	0
18398	98	183	13402	0	0	0
18399	99	183	14597	0	0	1
18400	0	184	1459	0	2	2
18401	1	184	5374	0	2	2
18402	2	184	2154	0	2	2
18403	3	184	19825	0	2	2
18404	4	184	17509	0	2	2
18405	5	184	1299	0	2	2
18406	6	184	9164	0	2	1
18407	7	184	11739	0	2	1
18408	8	184	11399	0	2	1
18409	9	184	12006	0	2	0
18410	10	184	10396	0	1	3
18411	11	184	18670	0	1	2
18412	12	184	1658	0	1	2
18413	13	184	527	0	1	2
18414	14	184	9438	0	1	2
18415	15	184	4679	0	1	2
18416	16	184	5337	0	1	2
18417	17	184	11670	0	1	2
18418	18	184	4573	0	1	2
18419	19	184	15419	0	1	2
18420	20	184	243	0	1	2
18421	21	184	62	0	1	2
18422	22	184	1337	0	1	2
18423	23	184	1338	0	1	2
18424	24	184	11178	0	1	2
18425	25	184	582	0	1	2
18426	26	184	5835	0	1	2
18427	27	184	3909	0	1	1
18428	28	184	13003	0	1	1
18429	29	184	7101	0	1	1
18430	30	184	12349	0	1	1
18431	31	184	12350	0	1	1
18432	32	184	14664	0	1	1
18433	33	184	3013	0	1	1
18434	34	184	4666	0	1	1
18435	35	184	5232	0	1	1
18436	36	184	5275	0	1	1
18437	37	184	6273	0	1	1
18438	38	184	13238	0	1	1
18439	39	184	2860	0	1	1
18440	40	184	6428	0	1	1
18441	41	184	19776	0	1	0
18442	42	184	8252	0	1	0
18443	43	184	3474	0	1	0
18444	44	184	5494	0	1	0
18445	45	184	18785	0	1	0
18446	46	184	12826	0	1	0
18447	47	184	15944	0	1	0
18448	48	184	13973	0	1	0
18449	49	184	8269	0	1	0
18450	50	184	11430	0	1	0
18451	51	184	8377	0	1	0
18452	52	184	10222	0	1	0
18453	53	184	1894	0	1	0
18454	54	184	1652	0	1	0
18455	55	184	7025	0	1	0
18456	56	184	19503	0	1	0
18457	57	184	1326	0	1	0
18458	58	184	14428	0	1	0
18459	59	184	6454	0	1	0
18460	60	184	10336	0	1	0
18461	61	184	11924	0	1	0
18462	62	184	13628	0	1	0
18463	63	184	16603	0	1	0
18464	64	184	19417	0	1	0
18465	65	184	13274	0	1	0
18466	66	184	6624	0	1	0
18467	67	184	7016	0	1	0
18468	68	184	7556	0	1	0
18469	69	184	13802	0	0	3
18470	70	184	12096	0	0	3
18471	71	184	4600	0	0	2
18472	72	184	2243	0	0	2
18473	73	184	10289	0	0	2
18474	74	184	18170	0	0	2
18475	75	184	4840	0	0	2
18476	76	184	7708	0	0	2
18477	77	184	7856	0	0	2
18478	78	184	4642	0	0	2
18479	79	184	13566	0	0	2
18480	80	184	8119	0	0	2
18481	81	184	6955	0	0	1
18482	82	184	17449	0	0	1
18483	83	184	2321	0	0	1
18484	84	184	13550	0	0	1
18485	85	184	826	0	0	1
18486	86	184	993	0	0	1
18487	87	184	3466	0	0	1
18488	88	184	7084	0	0	0
18489	89	184	17255	0	0	0
18490	90	184	16101	0	0	0
18491	91	184	5048	0	0	0
18492	92	184	15418	0	0	0
18493	93	184	8355	0	0	0
18494	94	184	8570	0	0	0
18495	95	184	9505	0	0	0
18496	96	184	12897	0	0	0
18497	97	184	17374	0	0	0
18498	98	184	4374	0	0	0
18499	99	184	13307	0	0	1
18500	0	185	1305	0	2	3
18501	1	185	2112	0	2	2
18502	2	185	17208	0	2	2
18503	3	185	3429	0	2	2
18504	4	185	14948	0	2	2
18505	5	185	1514	0	2	2
18506	6	185	13465	0	2	2
18507	7	185	13730	0	2	2
18508	8	185	11711	0	2	2
18509	9	185	10691	0	2	1
18510	10	185	2913	0	2	1
18511	11	185	4587	0	2	1
18512	12	185	17294	0	2	0
18513	13	185	18055	0	2	0
18514	14	185	15856	0	2	0
18515	15	185	4957	0	2	0
18516	16	185	2809	0	1	3
18517	17	185	13441	0	1	2
18518	18	185	1192	0	1	2
18519	19	185	7	0	1	2
18520	20	185	14547	0	1	2
18521	21	185	17849	0	1	2
18522	22	185	15905	0	1	2
18523	23	185	226	0	1	2
18524	24	185	1351	0	1	2
18525	25	185	2706	0	1	2
18526	26	185	6481	0	1	2
18527	27	185	9805	0	1	2
18528	28	185	15573	0	1	2
18529	29	185	2044	0	1	2
18530	30	185	3363	0	1	2
18531	31	185	1307	0	1	2
18532	32	185	18937	0	1	2
18533	33	185	409	0	1	2
18534	34	185	8602	0	1	1
18535	35	185	2313	0	1	1
18536	36	185	10735	0	1	1
18537	37	185	10519	0	1	1
18538	38	185	17764	0	1	1
18539	39	185	1343	0	1	1
18540	40	185	19244	0	1	1
18541	41	185	1973	0	1	1
18542	42	185	4786	0	1	1
18543	43	185	1400	0	1	1
18544	44	185	1416	0	1	1
18545	45	185	18393	0	1	1
18546	46	185	13684	0	1	0
18547	47	185	3935	0	1	0
18548	48	185	5456	0	1	0
18549	49	185	7936	0	1	0
18550	50	185	11246	0	1	0
18551	51	185	3113	0	1	0
18552	52	185	9545	0	1	0
18553	53	185	16241	0	1	0
18554	54	185	9313	0	1	0
18555	55	185	6180	0	1	0
18556	56	185	1624	0	1	0
18557	57	185	1678	0	1	0
18558	58	185	9549	0	1	0
18559	59	185	7748	0	1	0
18560	60	185	17528	0	1	0
18561	61	185	6367	0	1	0
18562	62	185	7314	0	1	0
18563	63	185	8683	0	1	0
18564	64	185	9578	0	1	0
18565	65	185	14640	0	1	0
18566	66	185	2053	0	1	0
18567	67	185	7984	0	1	0
18568	68	185	17549	0	0	3
18569	69	185	15763	0	0	2
18570	70	185	10050	0	0	2
18571	71	185	4341	0	0	2
18572	72	185	17679	0	0	2
18573	73	185	19386	0	0	2
18574	74	185	19755	0	0	2
18575	75	185	15946	0	0	2
18576	76	185	11318	0	0	2
18577	77	185	18421	0	0	1
18578	78	185	1019	0	0	1
18579	79	185	12147	0	0	1
18580	80	185	12904	0	0	1
18581	81	185	10825	0	0	0
18582	82	185	3003	0	0	0
18583	83	185	8790	0	0	0
18584	84	185	17833	0	0	0
18585	85	185	17276	0	0	0
18586	86	185	4498	0	0	0
18587	87	185	18379	0	0	0
18588	88	185	5914	0	0	0
18589	89	185	13988	0	0	0
18590	90	185	5113	0	0	0
18591	91	185	11451	0	0	0
18592	92	185	2720	0	0	0
18593	93	185	10008	0	0	0
18594	94	185	4514	0	0	0
18595	95	185	13298	0	0	0
18596	96	185	16123	0	0	0
18597	97	185	4746	0	0	0
18598	98	185	5226	0	0	0
18599	99	185	18840	0	0	2
18600	0	186	13608	0	2	3
18601	1	186	13787	0	2	3
18602	2	186	15719	0	2	2
18603	3	186	14490	0	2	1
18604	4	186	6429	0	2	0
18605	5	186	9978	0	2	0
18606	6	186	12917	0	2	0
18607	7	186	9393	0	2	0
18608	8	186	1213	0	1	2
18609	9	186	18240	0	1	2
18610	10	186	18921	0	1	2
18611	11	186	1433	0	1	2
18612	12	186	3469	0	1	2
18613	13	186	5757	0	1	2
18614	14	186	233	0	1	2
18615	15	186	3492	0	1	2
18616	16	186	8797	0	1	2
18617	17	186	12297	0	1	2
18618	18	186	16728	0	1	2
18619	19	186	3175	0	1	2
18620	20	186	2737	0	1	2
18621	21	186	5997	0	1	2
18622	22	186	14162	0	1	2
18623	23	186	3808	0	1	2
18624	24	186	3522	0	1	2
18625	25	186	15686	0	1	2
18626	26	186	17979	0	1	2
18627	27	186	8665	0	1	2
18628	28	186	11058	0	1	1
18629	29	186	14987	0	1	1
18630	30	186	6575	0	1	1
18631	31	186	8874	0	1	1
18632	32	186	5023	0	1	1
18633	33	186	17242	0	1	1
18634	34	186	2857	0	1	1
18635	35	186	12195	0	1	1
18636	36	186	2278	0	1	1
18637	37	186	16995	0	1	1
18638	38	186	12362	0	1	1
18639	39	186	17462	0	1	1
18640	40	186	2657	0	1	1
18641	41	186	4522	0	1	1
18642	42	186	8298	0	1	1
18643	43	186	13707	0	1	1
18644	44	186	18323	0	1	1
18645	45	186	17996	0	1	1
18646	46	186	18336	0	1	1
18647	47	186	19108	0	1	1
18648	48	186	3770	0	1	1
18649	49	186	9622	0	1	1
18650	50	186	7932	0	1	1
18651	51	186	14953	0	1	1
18652	52	186	9747	0	1	0
18653	53	186	16915	0	1	0
18654	54	186	12788	0	1	0
18655	55	186	10192	0	1	0
18656	56	186	2308	0	1	0
18657	57	186	18979	0	1	0
18658	58	186	17360	0	1	0
18659	59	186	6609	0	1	0
18660	60	186	12627	0	1	0
18661	61	186	7403	0	1	0
18662	62	186	18764	0	1	0
18663	63	186	7276	0	1	0
18664	64	186	9857	0	1	0
18665	65	186	5458	0	1	0
18666	66	186	18441	0	1	0
18667	67	186	3166	0	1	0
18668	68	186	15464	0	1	0
18669	69	186	16983	0	1	0
18670	70	186	9615	0	1	0
18671	71	186	9381	0	0	3
18672	72	186	10505	0	0	3
18673	73	186	7996	0	0	3
18674	74	186	14211	0	0	2
18675	75	186	13945	0	0	2
18676	76	186	19148	0	0	2
18677	77	186	1232	0	0	2
18678	78	186	18644	0	0	2
18679	79	186	2160	0	0	2
18680	80	186	13269	0	0	1
18681	81	186	8137	0	0	1
18682	82	186	19355	0	0	1
18683	83	186	7051	0	0	1
18684	84	186	9590	0	0	1
18685	85	186	5952	0	0	1
18686	86	186	857	0	0	1
18687	87	186	1492	0	0	1
18688	88	186	15177	0	0	0
18689	89	186	16334	0	0	0
18690	90	186	6046	0	0	0
18691	91	186	9942	0	0	0
18692	92	186	14852	0	0	0
18693	93	186	10328	0	0	0
18694	94	186	19467	0	0	0
18695	95	186	1830	0	0	0
18696	96	186	6670	0	0	0
18697	97	186	12576	0	0	0
18698	98	186	14070	0	0	0
18699	99	186	11746	0	0	0
18700	0	187	16320	0	2	3
18701	1	187	11801	0	2	2
18702	2	187	390	0	2	2
18703	3	187	67	0	2	2
18704	4	187	18375	0	2	1
18705	5	187	13488	0	2	1
18706	6	187	11582	0	2	1
18707	7	187	10046	0	2	1
18708	8	187	15950	0	2	0
18709	9	187	18894	0	2	0
18710	10	187	3149	0	2	0
18711	11	187	1628	0	1	3
18712	12	187	10586	0	1	3
18713	13	187	2981	0	1	2
18714	14	187	40	0	1	2
18715	15	187	1164	0	1	2
18716	16	187	1558	0	1	2
18717	17	187	8069	0	1	2
18718	18	187	2206	0	1	2
18719	19	187	13286	0	1	2
18720	20	187	162	0	1	2
18721	21	187	10515	0	1	2
18722	22	187	11519	0	1	2
18723	23	187	13563	0	1	2
18724	24	187	17361	0	1	2
18725	25	187	18066	0	1	2
18726	26	187	13277	0	1	2
18727	27	187	15668	0	1	2
18728	28	187	19558	0	1	2
18729	29	187	19771	0	1	2
18730	30	187	118	0	1	2
18731	31	187	6388	0	1	2
18732	32	187	17034	0	1	1
18733	33	187	1618	0	1	1
18734	34	187	18384	0	1	1
18735	35	187	8378	0	1	1
18736	36	187	16879	0	1	1
18737	37	187	10574	0	1	1
18738	38	187	3472	0	1	1
18739	39	187	18253	0	1	1
18740	40	187	2506	0	1	1
18741	41	187	12238	0	1	1
18742	42	187	15465	0	1	1
18743	43	187	13662	0	1	1
18744	44	187	19267	0	1	1
18745	45	187	10461	0	1	1
18746	46	187	1936	0	1	1
18747	47	187	18513	0	1	0
18748	48	187	18815	0	1	0
18749	49	187	12753	0	1	0
18750	50	187	7786	0	1	0
18751	51	187	3379	0	1	0
18752	52	187	8893	0	1	0
18753	53	187	12415	0	1	0
18754	54	187	6802	0	1	0
18755	55	187	8362	0	1	0
18756	56	187	12158	0	1	0
18757	57	187	18758	0	1	0
18758	58	187	19706	0	1	0
18759	59	187	11003	0	1	0
18760	60	187	5902	0	1	0
18761	61	187	17694	0	1	0
18762	62	187	16600	0	0	3
18763	63	187	18422	0	0	3
18764	64	187	14562	0	0	2
18765	65	187	2625	0	0	2
18766	66	187	13219	0	0	2
18767	67	187	6359	0	0	2
18768	68	187	2969	0	0	2
18769	69	187	13605	0	0	2
18770	70	187	9859	0	0	1
18771	71	187	14603	0	0	1
18772	72	187	903	0	0	1
18773	73	187	7289	0	0	1
18774	74	187	5682	0	0	1
18775	75	187	875	0	0	1
18776	76	187	17951	0	0	1
18777	77	187	12453	0	0	0
18778	78	187	16972	0	0	0
18779	79	187	8045	0	0	0
18780	80	187	12695	0	0	0
18781	81	187	2205	0	0	0
18782	82	187	3889	0	0	0
18783	83	187	13229	0	0	0
18784	84	187	6408	0	0	0
18785	85	187	15647	0	0	0
18786	86	187	18839	0	0	0
18787	87	187	9378	0	0	0
18788	88	187	8773	0	0	0
18789	89	187	10803	0	0	0
18790	90	187	14862	0	0	0
18791	91	187	18034	0	0	0
18792	92	187	17818	0	0	0
18793	93	187	19370	0	0	0
18794	94	187	18132	0	0	0
18795	95	187	14836	0	0	0
18796	96	187	14609	0	0	0
18797	97	187	10316	0	0	0
18798	98	187	5703	0	0	0
18799	99	187	5831	0	0	2
18800	0	188	18544	0	2	2
18801	1	188	10437	0	2	2
18802	2	188	7997	0	2	2
18803	3	188	19733	0	2	2
18804	4	188	3451	0	2	1
18805	5	188	1109	0	2	1
18806	6	188	1256	0	2	0
18807	7	188	10073	0	2	0
18808	8	188	16653	0	2	0
18809	9	188	6638	0	2	0
18810	10	188	15255	0	2	0
18811	11	188	7326	0	1	3
18812	12	188	17218	0	1	3
18813	13	188	1605	0	1	3
18814	14	188	15836	0	1	3
18815	15	188	2064	0	1	2
18816	16	188	6793	0	1	2
18817	17	188	3009	0	1	2
18818	18	188	12923	0	1	2
18819	19	188	19274	0	1	2
18820	20	188	9733	0	1	2
18821	21	188	19124	0	1	2
18822	22	188	1802	0	1	2
18823	23	188	1355	0	1	2
18824	24	188	17880	0	1	2
18825	25	188	4973	0	1	2
18826	26	188	11181	0	1	2
18827	27	188	1564	0	1	2
18828	28	188	6262	0	1	1
18829	29	188	7150	0	1	1
18830	30	188	1253	0	1	1
18831	31	188	2859	0	1	1
18832	32	188	16615	0	1	1
18833	33	188	6041	0	1	1
18834	34	188	12444	0	1	1
18835	35	188	3368	0	1	1
18836	36	188	1716	0	1	1
18837	37	188	3774	0	1	1
18838	38	188	6318	0	1	1
18839	39	188	1932	0	1	1
18840	40	188	12731	0	1	1
18841	41	188	6542	0	1	1
18842	42	188	17399	0	1	1
18843	43	188	10406	0	1	1
18844	44	188	14947	0	1	1
18845	45	188	1274	0	1	0
18846	46	188	8808	0	1	0
18847	47	188	1428	0	1	0
18848	48	188	6463	0	1	0
18849	49	188	7219	0	1	0
18850	50	188	12556	0	1	0
18851	51	188	13386	0	1	0
18852	52	188	1916	0	1	0
18853	53	188	14279	0	1	0
18854	54	188	16015	0	1	0
18855	55	188	16949	0	1	0
18856	56	188	10750	0	1	0
18857	57	188	10929	0	1	0
18858	58	188	10654	0	1	0
18859	59	188	1270	0	1	0
18860	60	188	14433	0	1	0
18861	61	188	7127	0	1	0
18862	62	188	3182	0	1	0
18863	63	188	6877	0	1	0
18864	64	188	7594	0	1	0
18865	65	188	5340	0	1	0
18866	66	188	6999	0	1	0
18867	67	188	7773	0	0	2
18868	68	188	16556	0	0	2
18869	69	188	5934	0	0	2
18870	70	188	17250	0	0	2
18871	71	188	5287	0	0	2
18872	72	188	4610	0	0	2
18873	73	188	11435	0	0	2
18874	74	188	1539	0	0	1
18875	75	188	6068	0	0	1
18876	76	188	12432	0	0	1
18877	77	188	868	0	0	1
18878	78	188	889	0	0	1
18879	79	188	3897	0	0	1
18880	80	188	11558	0	0	1
18881	81	188	11496	0	0	1
18882	82	188	18586	0	0	1
18883	83	188	14445	0	0	1
18884	84	188	6519	0	0	0
18885	85	188	7368	0	0	0
18886	86	188	12037	0	0	0
18887	87	188	16315	0	0	0
18888	88	188	13627	0	0	0
18889	89	188	16210	0	0	0
18890	90	188	10903	0	0	0
18891	91	188	14180	0	0	0
18892	92	188	15778	0	0	0
18893	93	188	3793	0	0	0
18894	94	188	4546	0	0	0
18895	95	188	11461	0	0	0
18896	96	188	15516	0	0	0
18897	97	188	17704	0	0	0
18898	98	188	4043	0	0	0
18899	99	188	17163	0	0	1
18900	0	189	3551	0	2	2
18901	1	189	19651	0	2	2
18902	2	189	589	0	2	2
18903	3	189	3553	0	2	2
18904	4	189	10072	0	2	2
18905	5	189	17763	0	2	1
18906	6	189	11916	0	2	1
18907	7	189	12489	0	2	0
18908	8	189	48	0	1	3
18909	9	189	10759	0	1	3
18910	10	189	7593	0	1	2
18911	11	189	581	0	1	2
18912	12	189	12095	0	1	2
18913	13	189	1473	0	1	2
18914	14	189	19209	0	1	2
18915	15	189	15105	0	1	2
18916	16	189	18021	0	1	2
18917	17	189	16767	0	1	2
18918	18	189	8038	0	1	2
18919	19	189	13690	0	1	2
18920	20	189	19629	0	1	2
18921	21	189	5566	0	1	2
18922	22	189	1893	0	1	2
18923	23	189	19390	0	1	2
18924	24	189	3442	0	1	2
18925	25	189	10801	0	1	1
18926	26	189	12567	0	1	1
18927	27	189	3559	0	1	1
18928	28	189	4150	0	1	1
18929	29	189	884	0	1	1
18930	30	189	2124	0	1	1
18931	31	189	14774	0	1	1
18932	32	189	898	0	1	1
18933	33	189	19611	0	1	1
18934	34	189	3150	0	1	1
18935	35	189	1784	0	1	1
18936	36	189	15478	0	1	1
18937	37	189	1325	0	1	1
18938	38	189	8731	0	1	1
18939	39	189	9734	0	1	1
18940	40	189	7416	0	1	1
18941	41	189	18186	0	1	1
18942	42	189	1905	0	1	0
18943	43	189	7598	0	1	0
18944	44	189	7599	0	1	0
18945	45	189	5103	0	1	0
18946	46	189	3722	0	1	0
18947	47	189	13321	0	1	0
18948	48	189	19786	0	1	0
18949	49	189	1811	0	1	0
18950	50	189	15870	0	1	0
18951	51	189	3977	0	1	0
18952	52	189	14324	0	1	0
18953	53	189	17898	0	1	0
18954	54	189	15783	0	1	0
18955	55	189	18873	0	1	0
18956	56	189	14329	0	1	0
18957	57	189	17837	0	1	0
18958	58	189	5969	0	0	3
18959	59	189	18259	0	0	3
18960	60	189	8793	0	0	2
18961	61	189	7340	0	0	2
18962	62	189	5666	0	0	2
18963	63	189	17733	0	0	2
18964	64	189	13204	0	0	2
18965	65	189	5996	0	0	2
18966	66	189	2183	0	0	2
18967	67	189	12476	0	0	2
18968	68	189	8539	0	0	1
18969	69	189	16929	0	0	1
18970	70	189	15994	0	0	1
18971	71	189	14510	0	0	1
18972	72	189	15549	0	0	1
18973	73	189	7449	0	0	1
18974	74	189	11402	0	0	1
18975	75	189	8769	0	0	1
18976	76	189	17609	0	0	1
18977	77	189	16293	0	0	1
18978	78	189	17985	0	0	1
18979	79	189	16433	0	0	1
18980	80	189	17816	0	0	1
18981	81	189	18519	0	0	1
18982	82	189	6040	0	0	0
18983	83	189	8055	0	0	0
18984	84	189	7111	0	0	0
18985	85	189	7516	0	0	0
18986	86	189	6988	0	0	0
18987	87	189	10342	0	0	0
18988	88	189	4663	0	0	0
18989	89	189	4664	0	0	0
18990	90	189	9125	0	0	0
18991	91	189	11444	0	0	0
18992	92	189	8945	0	0	0
18993	93	189	5403	0	0	0
18994	94	189	19238	0	0	0
18995	95	189	8405	0	0	0
18996	96	189	8033	0	0	0
18997	97	189	16017	0	0	0
18998	98	189	19115	0	0	0
18999	99	189	926	0	0	1
19000	0	190	1544	0	2	2
19001	1	190	9166	0	2	2
19002	2	190	3241	0	2	2
19003	3	190	11946	0	2	2
19004	4	190	13554	0	2	2
19005	5	190	3542	0	2	1
19006	6	190	9869	0	2	1
19007	7	190	5954	0	2	0
19008	8	190	16617	0	2	0
19009	9	190	12382	0	1	3
19010	10	190	6231	0	1	2
19011	11	190	339	0	1	2
19012	12	190	6304	0	1	2
19013	13	190	3034	0	1	2
19014	14	190	11707	0	1	2
19015	15	190	17571	0	1	2
19016	16	190	15782	0	1	2
19017	17	190	10646	0	1	2
19018	18	190	14763	0	1	2
19019	19	190	12101	0	1	2
19020	20	190	18847	0	1	2
19021	21	190	19354	0	1	2
19022	22	190	4147	0	1	2
19023	23	190	1318	0	1	2
19024	24	190	15351	0	1	1
19025	25	190	12113	0	1	1
19026	26	190	1621	0	1	1
19027	27	190	18381	0	1	1
19028	28	190	1730	0	1	1
19029	29	190	18992	0	1	1
19030	30	190	19142	0	1	1
19031	31	190	2511	0	1	1
19032	32	190	6247	0	1	0
19033	33	190	11922	0	1	0
19034	34	190	7676	0	1	0
19035	35	190	5898	0	1	0
19036	36	190	5899	0	1	0
19037	37	190	18812	0	1	0
19038	38	190	15737	0	1	0
19039	39	190	14803	0	1	0
19040	40	190	13215	0	1	0
19041	41	190	15562	0	1	0
19042	42	190	4619	0	1	0
19043	43	190	19781	0	1	0
19044	44	190	16930	0	1	0
19045	45	190	3933	0	1	0
19046	46	190	19751	0	1	0
19047	47	190	8371	0	1	0
19048	48	190	2472	0	1	0
19049	49	190	9640	0	1	0
19050	50	190	10429	0	1	0
19051	51	190	6790	0	1	0
19052	52	190	6161	0	0	2
19053	53	190	10569	0	0	2
19054	54	190	8768	0	0	2
19055	55	190	10	0	0	2
19056	56	190	6875	0	0	2
19057	57	190	6107	0	0	2
19058	58	190	13809	0	0	2
19059	59	190	10180	0	0	2
19060	60	190	15582	0	0	2
19061	61	190	2219	0	0	2
19062	62	190	17145	0	0	1
19063	63	190	5641	0	0	1
19064	64	190	19753	0	0	1
19065	65	190	2646	0	0	1
19066	66	190	9867	0	0	1
19067	67	190	17110	0	0	1
19068	68	190	12879	0	0	1
19069	69	190	1055	0	0	1
19070	70	190	960	0	0	1
19071	71	190	13168	0	0	1
19072	72	190	7493	0	0	1
19073	73	190	5965	0	0	0
19074	74	190	15108	0	0	0
19075	75	190	11218	0	0	0
19076	76	190	4222	0	0	0
19077	77	190	18958	0	0	0
19078	78	190	17090	0	0	0
19079	79	190	6797	0	0	0
19080	80	190	5400	0	0	0
19081	81	190	6225	0	0	0
19082	82	190	17728	0	0	0
19083	83	190	18219	0	0	0
19084	84	190	8456	0	0	0
19085	85	190	14031	0	0	0
19086	86	190	360	0	0	0
19087	87	190	19612	0	0	0
19088	88	190	11884	0	0	0
19089	89	190	8446	0	0	0
19090	90	190	6942	0	0	0
19091	91	190	8972	0	0	0
19092	92	190	19666	0	0	0
19093	93	190	8611	0	0	0
19094	94	190	17216	0	0	0
19095	95	190	17307	0	0	0
19096	96	190	1808	0	0	0
19097	97	190	4830	0	0	0
19098	98	190	9539	0	0	0
19099	99	190	8891	0	0	0
19100	0	191	2127	0	2	2
19101	1	191	15354	0	2	2
19102	2	191	3840	0	2	2
19103	3	191	1193	0	2	2
19104	4	191	1324	0	2	2
19105	5	191	10345	0	2	1
19106	6	191	11171	0	2	1
19107	7	191	1043	0	2	1
19108	8	191	17004	0	2	1
19109	9	191	1714	0	2	1
19110	10	191	15699	0	2	0
19111	11	191	12516	0	2	0
19112	12	191	3797	0	2	0
19113	13	191	8140	0	2	0
19114	14	191	6250	0	1	3
19115	15	191	2432	0	1	3
19116	16	191	5697	0	1	2
19117	17	191	2440	0	1	2
19118	18	191	11076	0	1	2
19119	19	191	1944	0	1	2
19120	20	191	12039	0	1	2
19121	21	191	17730	0	1	2
19122	22	191	4196	0	1	2
19123	23	191	1360	0	1	2
19124	24	191	2977	0	1	2
19125	25	191	11809	0	1	2
19126	26	191	1264	0	1	2
19127	27	191	17117	0	1	2
19128	28	191	89	0	1	2
19129	29	191	3979	0	1	2
19130	30	191	13480	0	1	2
19131	31	191	9279	0	1	2
19132	32	191	14006	0	1	2
19133	33	191	11452	0	1	2
19134	34	191	10215	0	1	1
19135	35	191	7089	0	1	1
19136	36	191	5304	0	1	1
19137	37	191	4108	0	1	1
19138	38	191	1506	0	1	1
19139	39	191	11252	0	1	1
19140	40	191	10753	0	1	1
19141	41	191	8090	0	1	1
19142	42	191	1165	0	1	1
19143	43	191	18661	0	1	1
19144	44	191	2826	0	1	1
19145	45	191	10616	0	1	0
19146	46	191	8375	0	1	0
19147	47	191	6878	0	1	0
19148	48	191	12704	0	1	0
19149	49	191	14676	0	1	0
19150	50	191	8859	0	1	0
19151	51	191	1361	0	1	0
19152	52	191	12618	0	1	0
19153	53	191	9807	0	1	0
19154	54	191	15227	0	1	0
19155	55	191	9996	0	1	0
19156	56	191	2807	0	1	0
19157	57	191	19429	0	1	0
19158	58	191	1497	0	1	0
19159	59	191	13074	0	1	0
19160	60	191	8658	0	1	0
19161	61	191	8349	0	1	0
19162	62	191	19802	0	1	0
19163	63	191	16986	0	0	2
19164	64	191	7766	0	0	2
19165	65	191	16014	0	0	2
19166	66	191	4359	0	0	2
19167	67	191	1451	0	0	2
19168	68	191	8109	0	0	2
19169	69	191	5422	0	0	2
19170	70	191	19578	0	0	1
19171	71	191	17917	0	0	1
19172	72	191	12844	0	0	1
19173	73	191	1176	0	0	1
19174	74	191	8807	0	0	1
19175	75	191	15982	0	0	1
19176	76	191	5002	0	0	1
19177	77	191	10962	0	0	1
19178	78	191	1118	0	0	1
19179	79	191	10133	0	0	1
19180	80	191	6028	0	0	0
19181	81	191	5816	0	0	0
19182	82	191	10936	0	0	0
19183	83	191	5518	0	0	0
19184	84	191	13220	0	0	0
19185	85	191	19605	0	0	0
19186	86	191	15775	0	0	0
19187	87	191	4253	0	0	0
19188	88	191	4775	0	0	0
19189	89	191	11503	0	0	0
19190	90	191	18505	0	0	0
19191	91	191	16648	0	0	0
19192	92	191	4849	0	0	0
19193	93	191	10341	0	0	0
19194	94	191	13221	0	0	0
19195	95	191	14345	0	0	0
19196	96	191	10450	0	0	0
19197	97	191	12929	0	0	0
19198	98	191	6129	0	0	0
19199	99	191	11642	0	0	2
19200	0	192	5184	0	2	3
19201	1	192	2485	0	2	2
19202	2	192	10006	0	2	2
19203	3	192	16148	0	2	2
19204	4	192	11862	0	2	1
19205	5	192	10658	0	2	1
19206	6	192	1902	0	2	1
19207	7	192	13397	0	2	1
19208	8	192	9415	0	2	1
19209	9	192	1215	0	2	0
19210	10	192	16593	0	2	0
19211	11	192	16166	0	2	0
19212	12	192	2289	0	1	3
19213	13	192	90	0	1	2
19214	14	192	15074	0	1	2
19215	15	192	716	0	1	2
19216	16	192	6735	0	1	2
19217	17	192	11284	0	1	2
19218	18	192	18822	0	1	2
19219	19	192	5549	0	1	2
19220	20	192	2279	0	1	2
19221	21	192	2141	0	1	2
19222	22	192	296	0	1	2
19223	23	192	9576	0	1	2
19224	24	192	1344	0	1	2
19225	25	192	10277	0	1	2
19226	26	192	4044	0	1	2
19227	27	192	11520	0	1	2
19228	28	192	4206	0	1	1
19229	29	192	4696	0	1	1
19230	30	192	5081	0	1	1
19231	31	192	4903	0	1	1
19232	32	192	18553	0	1	1
19233	33	192	1146	0	1	1
19234	34	192	15880	0	1	1
19235	35	192	2821	0	1	1
19236	36	192	4441	0	1	1
19237	37	192	3894	0	1	1
19238	38	192	12818	0	1	1
19239	39	192	9703	0	1	1
19240	40	192	12867	0	1	1
19241	41	192	1532	0	1	1
19242	42	192	18052	0	1	1
19243	43	192	8930	0	1	1
19244	44	192	1531	0	1	1
19245	45	192	15395	0	1	1
19246	46	192	8387	0	1	0
19247	47	192	12823	0	1	0
19248	48	192	14332	0	1	0
19249	49	192	10985	0	1	0
19250	50	192	19805	0	1	0
19251	51	192	10259	0	1	0
19252	52	192	6020	0	1	0
19253	53	192	144	0	1	0
19254	54	192	1438	0	1	0
19255	55	192	2782	0	1	0
19256	56	192	15558	0	1	0
19257	57	192	2628	0	1	0
19258	58	192	19861	0	1	0
19259	59	192	11251	0	1	0
19260	60	192	6607	0	1	0
19261	61	192	3096	0	1	0
19262	62	192	12536	0	1	0
19263	63	192	3006	0	1	0
19264	64	192	7569	0	0	2
19265	65	192	329	0	0	2
19266	66	192	712	0	0	2
19267	67	192	13875	0	0	2
19268	68	192	19626	0	0	2
19269	69	192	2142	0	0	2
19270	70	192	14094	0	0	2
19271	71	192	12274	0	0	1
19272	72	192	5628	0	0	1
19273	73	192	10076	0	0	1
19274	74	192	11494	0	0	1
19275	75	192	1014	0	0	1
19276	76	192	890	0	0	1
19277	77	192	7787	0	0	1
19278	78	192	14739	0	0	0
19279	79	192	7995	0	0	0
19280	80	192	2806	0	0	0
19281	81	192	10064	0	0	0
19282	82	192	15078	0	0	0
19283	83	192	14933	0	0	0
19284	84	192	1439	0	0	0
19285	85	192	6933	0	0	0
19286	86	192	18223	0	0	0
19287	87	192	13175	0	0	0
19288	88	192	11844	0	0	0
19289	89	192	9629	0	0	0
19290	90	192	8030	0	0	0
19291	91	192	9521	0	0	0
19292	92	192	11078	0	0	0
19293	93	192	12140	0	0	0
19294	94	192	18350	0	0	0
19295	95	192	18455	0	0	0
19296	96	192	6369	0	0	0
19297	97	192	17621	0	0	0
19298	98	192	9093	0	0	0
19299	99	192	8423	0	0	0
19300	0	193	554	0	2	2
19301	1	193	2853	0	2	2
19302	2	193	11819	0	2	2
19303	3	193	3	0	2	2
19304	4	193	11875	0	2	2
19305	5	193	302	0	2	2
19306	6	193	5503	0	2	1
19307	7	193	13463	0	2	1
19308	8	193	7388	0	2	0
19309	9	193	18312	0	1	2
19310	10	193	19320	0	1	2
19311	11	193	9852	0	1	2
19312	12	193	1606	0	1	2
19313	13	193	5832	0	1	2
19314	14	193	238	0	1	2
19315	15	193	8238	0	1	2
19316	16	193	15709	0	1	2
19317	17	193	1925	0	1	2
19318	18	193	4127	0	1	2
19319	19	193	2705	0	1	2
19320	20	193	11490	0	1	2
19321	21	193	4868	0	1	2
19322	22	193	1335	0	1	2
19323	23	193	1597	0	1	2
19324	24	193	5011	0	1	2
19325	25	193	1128	0	1	1
19326	26	193	837	0	1	1
19327	27	193	14215	0	1	1
19328	28	193	17700	0	1	1
19329	29	193	11495	0	1	1
19330	30	193	4017	0	1	1
19331	31	193	4020	0	1	1
19332	32	193	6599	0	1	1
19333	33	193	17184	0	1	1
19334	34	193	3642	0	1	1
19335	35	193	3192	0	1	1
19336	36	193	2246	0	1	1
19337	37	193	862	0	1	1
19338	38	193	16721	0	1	1
19339	39	193	9410	0	1	1
19340	40	193	10279	0	1	1
19341	41	193	17990	0	1	0
19342	42	193	13641	0	1	0
19343	43	193	12019	0	1	0
19344	44	193	15470	0	1	0
19345	45	193	17346	0	1	0
19346	46	193	13939	0	1	0
19347	47	193	10488	0	1	0
19348	48	193	10826	0	1	0
19349	49	193	15788	0	1	0
19350	50	193	13726	0	1	0
19351	51	193	4756	0	1	0
19352	52	193	3398	0	1	0
19353	53	193	11949	0	1	0
19354	54	193	12997	0	1	0
19355	55	193	14346	0	1	0
19356	56	193	15585	0	1	0
19357	57	193	17028	0	1	0
19358	58	193	12124	0	0	2
19359	59	193	11560	0	0	2
19360	60	193	6944	0	0	2
19361	61	193	10965	0	0	2
19362	62	193	13453	0	0	2
19363	63	193	13609	0	0	2
19364	64	193	16289	0	0	2
19365	65	193	16670	0	0	2
19366	66	193	1528	0	0	2
19367	67	193	1529	0	0	2
19368	68	193	13854	0	0	2
19369	69	193	20	0	0	2
19370	70	193	6766	0	0	2
19371	71	193	16164	0	0	2
19372	72	193	1218	0	0	1
19373	73	193	15774	0	0	1
19374	74	193	15113	0	0	1
19375	75	193	1145	0	0	1
19376	76	193	15426	0	0	1
19377	77	193	14636	0	0	1
19378	78	193	4657	0	0	1
19379	79	193	12044	0	0	1
19380	80	193	15617	0	0	0
19381	81	193	2037	0	0	0
19382	82	193	2038	0	0	0
19383	83	193	8244	0	0	0
19384	84	193	5698	0	0	0
19385	85	193	11532	0	0	0
19386	86	193	6771	0	0	0
19387	87	193	13677	0	0	0
19388	88	193	602	0	0	0
19389	89	193	8061	0	0	0
19390	90	193	18852	0	0	0
19391	91	193	6413	0	0	0
19392	92	193	2162	0	0	0
19393	93	193	2186	0	0	0
19394	94	193	12129	0	0	0
19395	95	193	10169	0	0	0
19396	96	193	13533	0	0	0
19397	97	193	17014	0	0	0
19398	98	193	10393	0	0	0
19399	99	193	17026	0	0	0
19400	0	194	15916	0	2	2
19401	1	194	15288	0	2	2
19402	2	194	9455	0	2	2
19403	3	194	2986	0	2	2
19404	4	194	3365	0	2	2
19405	5	194	1482	0	2	1
19406	6	194	6441	0	2	1
19407	7	194	2923	0	2	1
19408	8	194	2690	0	2	1
19409	9	194	14038	0	2	0
19410	10	194	12568	0	1	3
19411	11	194	3014	0	1	2
19412	12	194	6079	0	1	2
19413	13	194	6848	0	1	2
19414	14	194	472	0	1	2
19415	15	194	17755	0	1	2
19416	16	194	137	0	1	2
19417	17	194	16926	0	1	2
19418	18	194	10275	0	1	2
19419	19	194	394	0	1	2
19420	20	194	5158	0	1	2
19421	21	194	3270	0	1	2
19422	22	194	4502	0	1	2
19423	23	194	2249	0	1	2
19424	24	194	15452	0	1	2
19425	25	194	5028	0	1	2
19426	26	194	4068	0	1	2
19427	27	194	12522	0	1	2
19428	28	194	7396	0	1	2
19429	29	194	12795	0	1	2
19430	30	194	6983	0	1	2
19431	31	194	18318	0	1	1
19432	32	194	946	0	1	1
19433	33	194	11132	0	1	1
19434	34	194	3147	0	1	1
19435	35	194	4662	0	1	1
19436	36	194	10830	0	1	1
19437	37	194	19380	0	1	1
19438	38	194	6652	0	1	1
19439	39	194	7221	0	1	1
19440	40	194	19580	0	1	1
19441	41	194	8638	0	1	1
19442	42	194	11123	0	1	1
19443	43	194	4725	0	1	1
19444	44	194	17310	0	1	1
19445	45	194	11734	0	1	1
19446	46	194	6852	0	1	1
19447	47	194	14800	0	1	1
19448	48	194	12411	0	1	0
19449	49	194	1927	0	1	0
19450	50	194	13145	0	1	0
19451	51	194	11856	0	1	0
19452	52	194	14501	0	1	0
19453	53	194	16778	0	1	0
19454	54	194	18343	0	1	0
19455	55	194	4469	0	1	0
19456	56	194	66	0	1	0
19457	57	194	10917	0	1	0
19458	58	194	2076	0	1	0
19459	59	194	14442	0	1	0
19460	60	194	17635	0	1	0
19461	61	194	13857	0	1	0
19462	62	194	6071	0	1	0
19463	63	194	1103	0	0	3
19464	64	194	18155	0	0	3
19465	65	194	17297	0	0	2
19466	66	194	12295	0	0	2
19467	67	194	12201	0	0	2
19468	68	194	750	0	0	2
19469	69	194	9214	0	0	2
19470	70	194	5161	0	0	2
19471	71	194	6572	0	0	2
19472	72	194	1959	0	0	2
19473	73	194	17629	0	0	2
19474	74	194	14302	0	0	2
19475	75	194	1688	0	0	2
19476	76	194	13351	0	0	2
19477	77	194	2323	0	0	1
19478	78	194	5414	0	0	1
19479	79	194	14014	0	0	1
19480	80	194	5855	0	0	1
19481	81	194	11929	0	0	0
19482	82	194	5322	0	0	0
19483	83	194	13725	0	0	0
19484	84	194	11725	0	0	0
19485	85	194	14952	0	0	0
19486	86	194	7539	0	0	0
19487	87	194	16115	0	0	0
19488	88	194	15992	0	0	0
19489	89	194	16643	0	0	0
19490	90	194	6589	0	0	0
19491	91	194	2493	0	0	0
19492	92	194	7132	0	0	0
19493	93	194	5432	0	0	0
19494	94	194	3989	0	0	0
19495	95	194	5352	0	0	0
19496	96	194	5516	0	0	0
19497	97	194	9000	0	0	0
19498	98	194	11667	0	0	0
19499	99	194	18646	0	0	0
19500	0	195	8295	0	2	2
19501	1	195	6586	0	2	2
19502	2	195	4783	0	2	2
19503	3	195	15270	0	2	2
19504	4	195	14	0	2	2
19505	5	195	10798	0	2	2
19506	6	195	7581	0	2	1
19507	7	195	17243	0	2	1
19508	8	195	18524	0	2	1
19509	9	195	6144	0	2	1
19510	10	195	4727	0	2	1
19511	11	195	8616	0	2	0
19512	12	195	7946	0	1	3
19513	13	195	12443	0	1	2
19514	14	195	294	0	1	2
19515	15	195	19481	0	1	2
19516	16	195	6128	0	1	2
19517	17	195	11216	0	1	2
19518	18	195	18989	0	1	2
19519	19	195	14703	0	1	2
19520	20	195	2424	0	1	2
19521	21	195	2477	0	1	2
19522	22	195	14125	0	1	2
19523	23	195	4512	0	1	2
19524	24	195	3125	0	1	2
19525	25	195	2075	0	1	2
19526	26	195	3488	0	1	1
19527	27	195	13207	0	1	1
19528	28	195	1148	0	1	1
19529	29	195	2214	0	1	1
19530	30	195	2236	0	1	1
19531	31	195	3366	0	1	1
19532	32	195	9138	0	1	1
19533	33	195	16961	0	1	1
19534	34	195	18665	0	1	1
19535	35	195	11474	0	1	1
19536	36	195	9748	0	1	1
19537	37	195	16121	0	1	1
19538	38	195	2726	0	1	1
19539	39	195	14877	0	1	1
19540	40	195	7185	0	1	1
19541	41	195	12812	0	1	1
19542	42	195	3205	0	1	1
19543	43	195	6975	0	1	0
19544	44	195	18721	0	1	0
19545	45	195	2166	0	1	0
19546	46	195	11771	0	1	0
19547	47	195	13681	0	1	0
19548	48	195	8885	0	1	0
19549	49	195	13842	0	1	0
19550	50	195	18103	0	1	0
19551	51	195	18236	0	1	0
19552	52	195	14029	0	1	0
19553	53	195	8274	0	1	0
19554	54	195	3902	0	1	0
19555	55	195	16374	0	1	0
19556	56	195	7842	0	1	0
19557	57	195	7227	0	1	0
19558	58	195	8325	0	1	0
19559	59	195	18588	0	0	3
19560	60	195	2801	0	0	2
19561	61	195	15547	0	0	2
19562	62	195	2957	0	0	2
19563	63	195	3370	0	0	2
19564	64	195	4499	0	0	2
19565	65	195	8227	0	0	2
19566	66	195	2084	0	0	2
19567	67	195	16533	0	0	2
19568	68	195	664	0	0	2
19569	69	195	6104	0	0	2
19570	70	195	12948	0	0	2
19571	71	195	125	0	0	2
19572	72	195	961	0	0	1
19573	73	195	1097	0	0	1
19574	74	195	2685	0	0	1
19575	75	195	851	0	0	1
19576	76	195	5314	0	0	1
19577	77	195	5845	0	0	1
19578	78	195	973	0	0	1
19579	79	195	10058	0	0	1
19580	80	195	18410	0	0	1
19581	81	195	19112	0	0	1
19582	82	195	2668	0	0	0
19583	83	195	18528	0	0	0
19584	84	195	17306	0	0	0
19585	85	195	6373	0	0	0
19586	86	195	5949	0	0	0
19587	87	195	9860	0	0	0
19588	88	195	18720	0	0	0
19589	89	195	7135	0	0	0
19590	90	195	5699	0	0	0
19591	91	195	6133	0	0	0
19592	92	195	10620	0	0	0
19593	93	195	18891	0	0	0
19594	94	195	14648	0	0	0
19595	95	195	13925	0	0	0
19596	96	195	6160	0	0	0
19597	97	195	17695	0	0	0
19598	98	195	11499	0	0	0
19599	99	195	18191	0	0	1
19600	0	196	3739	0	2	3
19601	1	196	14061	0	2	2
19602	2	196	3252	0	2	2
19603	3	196	2740	0	2	2
19604	4	196	14720	0	2	2
19605	5	196	10528	0	2	1
19606	6	196	15933	0	2	0
19607	7	196	15345	0	2	0
19608	8	196	1429	0	1	2
19609	9	196	6189	0	1	2
19610	10	196	805	0	1	2
19611	11	196	7912	0	1	2
19612	12	196	1211	0	1	2
19613	13	196	19739	0	1	2
19614	14	196	18639	0	1	2
19615	15	196	14464	0	1	2
19616	16	196	6293	0	1	2
19617	17	196	1634	0	1	2
19618	18	196	4329	0	1	2
19619	19	196	2890	0	1	2
19620	20	196	5187	0	1	2
19621	21	196	10286	0	1	2
19622	22	196	2369	0	1	2
19623	23	196	3285	0	1	2
19624	24	196	10749	0	1	1
19625	25	196	3705	0	1	1
19626	26	196	10218	0	1	1
19627	27	196	6155	0	1	1
19628	28	196	944	0	1	1
19629	29	196	5795	0	1	1
19630	30	196	3191	0	1	1
19631	31	196	10408	0	1	1
19632	32	196	1712	0	1	1
19633	33	196	8613	0	1	1
19634	34	196	11412	0	1	1
19635	35	196	19873	0	1	1
19636	36	196	12175	0	1	0
19637	37	196	7417	0	1	0
19638	38	196	3943	0	1	0
19639	39	196	6943	0	1	0
19640	40	196	14161	0	1	0
19641	41	196	3689	0	1	0
19642	42	196	10858	0	1	0
19643	43	196	3688	0	1	0
19644	44	196	6460	0	1	0
19645	45	196	11517	0	1	0
19646	46	196	4559	0	1	0
19647	47	196	5825	0	1	0
19648	48	196	9054	0	1	0
19649	49	196	11066	0	1	0
19650	50	196	6571	0	1	0
19651	51	196	16776	0	1	0
19652	52	196	7640	0	1	0
19653	53	196	18453	0	0	3
19654	54	196	15999	0	0	3
19655	55	196	9002	0	0	2
19656	56	196	5667	0	0	2
19657	57	196	841	0	0	2
19658	58	196	1508	0	0	2
19659	59	196	18252	0	0	2
19660	60	196	10183	0	0	2
19661	61	196	1707	0	0	2
19662	62	196	17425	0	0	2
19663	63	196	19680	0	0	2
19664	64	196	8819	0	0	2
19665	65	196	3718	0	0	2
19666	66	196	4690	0	0	2
19667	67	196	4278	0	0	2
19668	68	196	10883	0	0	2
19669	69	196	8027	0	0	1
19670	70	196	18811	0	0	1
19671	71	196	881	0	0	1
19672	72	196	18464	0	0	1
19673	73	196	7695	0	0	1
19674	74	196	6234	0	0	1
19675	75	196	972	0	0	1
19676	76	196	17257	0	0	1
19677	77	196	9184	0	0	1
19678	78	196	1530	0	0	0
19679	79	196	13757	0	0	0
19680	80	196	13314	0	0	0
19681	81	196	9595	0	0	0
19682	82	196	6145	0	0	0
19683	83	196	10307	0	0	0
19684	84	196	17284	0	0	0
19685	85	196	15362	0	0	0
19686	86	196	9077	0	0	0
19687	87	196	12560	0	0	0
19688	88	196	4818	0	0	0
19689	89	196	17132	0	0	0
19690	90	196	2537	0	0	0
19691	91	196	5876	0	0	0
19692	92	196	8240	0	0	0
19693	93	196	3129	0	0	0
19694	94	196	12840	0	0	0
19695	95	196	12122	0	0	0
19696	96	196	8746	0	0	0
19697	97	196	7973	0	0	0
19698	98	196	7704	0	0	0
19699	99	196	15318	0	0	0
19700	0	197	9456	0	2	2
19701	1	197	9796	0	2	2
19702	2	197	3193	0	2	2
19703	3	197	501	0	2	2
19704	4	197	1670	0	2	1
19705	5	197	11183	0	2	1
19706	6	197	10249	0	2	1
19707	7	197	11751	0	2	0
19708	8	197	7762	0	2	0
19709	9	197	10483	0	2	0
19710	10	197	10686	0	2	0
19711	11	197	13294	0	2	0
19712	12	197	3848	0	1	2
19713	13	197	9886	0	1	2
19714	14	197	4188	0	1	2
19715	15	197	5152	0	1	2
19716	16	197	6218	0	1	2
19717	17	197	8007	0	1	2
19718	18	197	9157	0	1	2
19719	19	197	4916	0	1	2
19720	20	197	3397	0	1	2
19721	21	197	1298	0	1	2
19722	22	197	18722	0	1	2
19723	23	197	19406	0	1	2
19724	24	197	4576	0	1	2
19725	25	197	17417	0	1	2
19726	26	197	10440	0	1	2
19727	27	197	9923	0	1	2
19728	28	197	307	0	1	2
19729	29	197	12591	0	1	2
19730	30	197	13063	0	1	1
19731	31	197	14518	0	1	1
19732	32	197	9667	0	1	1
19733	33	197	4526	0	1	1
19734	34	197	14195	0	1	1
19735	35	197	16469	0	1	1
19736	36	197	19721	0	1	1
19737	37	197	2021	0	1	1
19738	38	197	4711	0	1	1
19739	39	197	13932	0	1	1
19740	40	197	17152	0	1	1
19741	41	197	12696	0	1	1
19742	42	197	13593	0	1	1
19743	43	197	15619	0	1	0
19744	44	197	11663	0	1	0
19745	45	197	1269	0	1	0
19746	46	197	3438	0	1	0
19747	47	197	3280	0	1	0
19748	48	197	12136	0	1	0
19749	49	197	12331	0	1	0
19750	50	197	8553	0	1	0
19751	51	197	13446	0	1	0
19752	52	197	10424	0	1	0
19753	53	197	8565	0	1	0
19754	54	197	14157	0	1	0
19755	55	197	8970	0	1	0
19756	56	197	13097	0	1	0
19757	57	197	3303	0	1	0
19758	58	197	7502	0	1	0
19759	59	197	796	0	0	2
19760	60	197	3754	0	0	2
19761	61	197	4158	0	0	2
19762	62	197	16221	0	0	2
19763	63	197	11228	0	0	2
19764	64	197	15151	0	0	2
19765	65	197	17413	0	0	2
19766	66	197	3276	0	0	2
19767	67	197	18245	0	0	2
19768	68	197	5174	0	0	2
19769	69	197	19725	0	0	2
19770	70	197	7474	0	0	2
19771	71	197	17890	0	0	1
19772	72	197	2410	0	0	1
19773	73	197	13818	0	0	1
19774	74	197	17622	0	0	1
19775	75	197	1141	0	0	1
19776	76	197	19326	0	0	1
19777	77	197	1540	0	0	0
19778	78	197	13315	0	0	0
19779	79	197	5514	0	0	0
19780	80	197	11867	0	0	0
19781	81	197	16126	0	0	0
19782	82	197	16906	0	0	0
19783	83	197	9202	0	0	0
19784	84	197	16971	0	0	0
19785	85	197	16106	0	0	0
19786	86	197	18574	0	0	0
19787	87	197	2101	0	0	0
19788	88	197	7434	0	0	0
19789	89	197	7609	0	0	0
19790	90	197	3513	0	0	0
19791	91	197	5875	0	0	0
19792	92	197	16193	0	0	0
19793	93	197	10089	0	0	0
19794	94	197	14154	0	0	0
19795	95	197	14305	0	0	0
19796	96	197	7901	0	0	0
19797	97	197	11283	0	0	0
19798	98	197	2457	0	0	0
19799	99	197	8105	0	0	2
19800	0	198	15087	0	2	2
19801	1	198	4006	0	2	2
19802	2	198	16531	0	2	2
19803	3	198	12642	0	2	2
19804	4	198	17651	0	2	2
19805	5	198	16641	0	2	1
19806	6	198	1039	0	2	1
19807	7	198	9429	0	2	0
19808	8	198	17463	0	2	0
19809	9	198	4164	0	1	3
19810	10	198	19213	0	1	2
19811	11	198	2136	0	1	2
19812	12	198	560	0	1	2
19813	13	198	6366	0	1	2
19814	14	198	13788	0	1	2
19815	15	198	19202	0	1	2
19816	16	198	2884	0	1	2
19817	17	198	19	0	1	2
19818	18	198	4317	0	1	2
19819	19	198	8645	0	1	2
19820	20	198	758	0	1	2
19821	21	198	5047	0	1	2
19822	22	198	16554	0	1	2
19823	23	198	1568	0	1	2
19824	24	198	9171	0	1	2
19825	25	198	83	0	1	2
19826	26	198	19392	0	1	2
19827	27	198	10121	0	1	2
19828	28	198	88	0	1	2
19829	29	198	7818	0	1	2
19830	30	198	8167	0	1	2
19831	31	198	8950	0	1	2
19832	32	198	3527	0	1	2
19833	33	198	3172	0	1	2
19834	34	198	19289	0	1	2
19835	35	198	10739	0	1	2
19836	36	198	17767	0	1	1
19837	37	198	5861	0	1	1
19838	38	198	5807	0	1	1
19839	39	198	5808	0	1	1
19840	40	198	18290	0	1	1
19841	41	198	10335	0	1	1
19842	42	198	17467	0	1	1
19843	43	198	10508	0	1	1
19844	44	198	3498	0	1	1
19845	45	198	5343	0	1	0
19846	46	198	11323	0	1	0
19847	47	198	10235	0	1	0
19848	48	198	17441	0	1	0
19849	49	198	9418	0	1	0
19850	50	198	9406	0	1	0
19851	51	198	10653	0	1	0
19852	52	198	12497	0	1	0
19853	53	198	1302	0	1	0
19854	54	198	14063	0	1	0
19855	55	198	4700	0	1	0
19856	56	198	17009	0	1	0
19857	57	198	17637	0	1	0
19858	58	198	9425	0	1	0
19859	59	198	16894	0	1	0
19860	60	198	3417	0	1	0
19861	61	198	11022	0	1	0
19862	62	198	15262	0	1	0
19863	63	198	4481	0	1	0
19864	64	198	110	0	0	2
19865	65	198	11418	0	0	2
19866	66	198	167	0	0	2
19867	67	198	13347	0	0	2
19868	68	198	2215	0	0	2
19869	69	198	5647	0	0	2
19870	70	198	6305	0	0	2
19871	71	198	16717	0	0	1
19872	72	198	6618	0	0	1
19873	73	198	16652	0	0	1
19874	74	198	4577	0	0	1
19875	75	198	1054	0	0	1
19876	76	198	9696	0	0	1
19877	77	198	12854	0	0	1
19878	78	198	14728	0	0	1
19879	79	198	13517	0	0	1
19880	80	198	9903	0	0	1
19881	81	198	8998	0	0	1
19882	82	198	6786	0	0	1
19883	83	198	9488	0	0	0
19884	84	198	14190	0	0	0
19885	85	198	13743	0	0	0
19886	86	198	5388	0	0	0
19887	87	198	7781	0	0	0
19888	88	198	18889	0	0	0
19889	89	198	14100	0	0	0
19890	90	198	17687	0	0	0
19891	91	198	15629	0	0	0
19892	92	198	13291	0	0	0
19893	93	198	18206	0	0	0
19894	94	198	18230	0	0	0
19895	95	198	17943	0	0	0
19896	96	198	15383	0	0	0
19897	97	198	8586	0	0	0
19898	98	198	17936	0	0	0
19899	99	198	19230	0	0	0
19900	0	199	230	0	2	2
19901	1	199	18865	0	2	2
19902	2	199	282	0	2	2
19903	3	199	224	0	2	2
19904	4	199	11194	19	2	2
19905	5	199	757	0	2	2
19906	6	199	988	0	2	1
19907	7	199	10598	0	2	1
19908	8	199	13862	0	2	1
19909	9	199	2665	0	2	0
19910	10	199	12896	0	2	0
19911	11	199	14049	0	1	3
19912	12	199	13264	0	1	3
19913	13	199	13585	0	1	2
19914	14	199	437	0	1	2
19915	15	199	11666	0	1	2
19916	16	199	621	0	1	2
19917	17	199	16404	0	1	2
19918	18	199	159	0	1	2
19919	19	199	8176	0	1	2
19920	20	199	140	0	1	2
19921	21	199	1646	0	1	2
19922	22	199	1586	0	1	2
19923	23	199	1317	0	1	2
19924	24	199	6585	0	1	2
19925	25	199	14963	0	1	2
19926	26	199	18617	0	1	2
19927	27	199	1898	0	1	2
19928	28	199	14990	0	1	2
19929	29	199	15830	0	1	2
19930	30	199	3430	0	1	2
19931	31	199	14766	0	1	2
19932	32	199	1197	0	1	2
19933	33	199	11967	0	1	2
19934	34	199	12880	0	1	2
19935	35	199	14964	0	1	2
19936	36	199	5465	0	1	2
19937	37	199	5988	0	1	2
19938	38	199	3719	0	1	2
19939	39	199	17032	0	1	2
19940	40	199	19883	0	1	2
19941	41	199	10178	0	1	1
19942	42	199	9628	0	1	1
19943	43	199	11732	0	1	1
19944	44	199	4268	0	1	1
19945	45	199	13892	0	1	1
19946	46	199	1989	0	1	1
19947	47	199	6985	0	1	1
19948	48	199	1403	0	1	1
19949	49	199	19415	0	1	1
19950	50	199	1038	0	1	1
19951	51	199	19436	0	1	1
19952	52	199	2763	0	1	1
19953	53	199	17057	0	1	1
19954	54	199	1758	0	1	1
19955	55	199	12499	0	1	1
19956	56	199	15376	0	1	1
19957	57	199	7806	0	1	1
19958	58	199	17875	0	1	0
19959	59	199	12420	0	1	0
19960	60	199	10368	0	1	0
19961	61	199	16985	0	1	0
19962	62	199	15416	0	1	0
19963	63	199	10648	0	1	0
19964	64	199	18784	0	1	0
19965	65	199	17477	0	1	0
19966	66	199	8796	0	1	0
19967	67	199	2001	0	1	0
19968	68	199	12353	0	1	0
19969	69	199	12706	0	1	0
19970	70	199	11552	0	0	2
19971	71	199	16361	0	0	2
19972	72	199	7383	0	0	2
19973	73	199	7788	0	0	2
19974	74	199	11463	0	0	2
19975	75	199	10938	0	0	2
19976	76	199	17864	0	0	1
19977	77	199	7083	0	0	1
19978	78	199	16100	0	0	1
19979	79	199	16740	0	0	1
19980	80	199	13652	0	0	1
19981	81	199	12697	0	0	1
19982	82	199	14132	0	0	1
19983	83	199	2080	0	0	1
19984	84	199	2081	0	0	1
19985	85	199	16344	0	0	1
19986	86	199	15764	0	0	1
19987	87	199	8114	0	0	0
19988	88	199	10333	0	0	0
19989	89	199	7014	0	0	0
19990	90	199	7245	0	0	0
19991	91	199	5819	0	0	0
19992	92	199	10828	0	0	0
19993	93	199	15525	0	0	0
19994	94	199	7181	0	0	0
19995	95	199	7151	0	0	0
19996	96	199	17260	0	0	0
19997	97	199	11491	0	0	0
19998	98	199	11574	0	0	0
19999	99	199	19461	0	0	2
